ticker,error,name,long_name,sector,industry,country,market_cap,enterprise_value,pe_ratio,forward_pe,peg_ratio,price_to_book,price_to_sales,ev_to_ebitda,ev_to_revenue,roe,roa,operating_margin,profit_margin,gross_margin,ebitda_margin,revenue_growth,earnings_growth,quarterly_revenue_growth,quarterly_earnings_growth,debt_to_equity,current_ratio,quick_ratio,total_cash,total_debt,free_cash_flow,operating_cash_flow,beta,insider_ownership,institutional_ownership,shares_outstanding,float_shares,short_percent,price,week52_high,week52_low,avg_volume,recommendation
AAMI,,Acadian Asset Management Inc.,Acadian Asset Management Inc.,Financial Services,Asset Management,United States,3342105344.0,3576205312.0,33.27562,14.532407,,36.331017,4.9994097,20.6,5.35,1.0676999,0.12923001,0.17612,0.15168001,0.40853,0.25969,0.453,1.714,,1.703,193.318,1.048,0.976,64600000.0,257500000.0,231087504.0,-34100000.0,1.309,0.00522,1.09389,35490128.0,29448644.0,0.046,94.17,98.52,41.47,425122.0,hold
AA,,Alcoa Corporation,Alcoa Corporation,Basic Materials,Aluminum,United States,11071001600.0,12011000832.0,8.739583,7.332083,,1.5021844,0.8138647,5.197,0.883,0.18226999,0.06493,0.18356001,0.09388,0.19790001,0.16989,0.314,1.468,,1.482,29.918,1.535,0.8,1352000000.0,2224999936.0,960750016.0,1051000000.0,1.631,0.0051599997,0.85558,263909445.0,262808943.0,0.045500003,41.95,84.38,33.77,4742409.0,buy
AAON,,"AAON, Inc.","AAON, Inc.",Industrials,Building Products & Equipment,United States,6865914368.0,7317985280.0,43.36979,23.802784,0.9472,6.7947774,3.553111,24.389,3.787,0.17284,0.082370006,0.10987,0.08243,0.25569,0.15528,1.012,2.579,,2.658,44.742,3.013,1.934,13000.0,452084000.0,-213758000.0,86542000.0,1.414,0.1673,0.85532,82453639.0,68848789.0,0.0709,83.27,150.46,73.19,1170463.0,none
AAL,,"American Airlines Group, Inc.",American Airlines Group Inc.,Industrials,Airlines,United States,8565890560.0,35933892608.0,,6.909292,0.0944,-2.1563072,0.14683461,10.657,0.616,,0.01118,0.02814,-0.00559,0.21239,0.057800002,0.163,-0.882,,-0.881,,0.534,0.383,8360999936.0,35728998400.0,519249984.0,4374000128.0,1.327,0.015140001,0.78613997,661969951.0,652980399.0,0.1393,12.94,18.79,10.09,81363350.0,buy
AAP,,Advance Auto Parts Inc.,"Advance Auto Parts, Inc.",Consumer Cyclical,Auto Parts,United States,2336272128.0,4844272128.0,21.60894,9.913119,0.7685,1.0282584,0.27096638,7.702,0.562,0.04888,0.020669999,0.0555,0.00986,0.45139998,0.07295,-0.005,2.6,,2.667,249.358,1.748,0.821,3120000000.0,5628000256.0,-54625000.0,312000000.0,1.033,0.00745,1.27167,60400000.0,60126388.0,0.27629998,38.68,65.2,37.89,1969455.0,hold
AAT,,"American Assets Trust, Inc.","American Assets Trust, Inc.",Real Estate,REIT - Diversified,United States,1671972864.0,2849438720.0,71.83333,,,1.1791421,3.8403494,12.534,6.545,0.02164,0.0214,0.24256,0.04127,0.61821,0.52219003,0.014,-0.054,,-0.052,161.778,0.62,0.586,110962000.0,1705272064.0,98077376.0,168559008.0,0.971,0.01805,1.18832,61404213.0,51048392.0,0.0715,21.55,25.97,17.72,439425.0,underperform
ABCB,,Ameris Bancorp,Ameris Bancorp,Financial Services,Banks - Regional,United States,5465213952.0,5632342016.0,14.726944,11.60114,,1.331524,4.6187377,,4.76,0.09398,0.01364,0.50194,0.31804,0.0,0.0,0.036,-0.519,,-0.532,,,,1207675008.0,1393277056.0,,548528000.0,0.92,0.05431,1.01394,67107239.0,62897004.0,0.0591,81.44,93.22,68.8,429925.0,buy
ABG,,Asbury Automotive Group Inc,"Asbury Automotive Group, Inc.",Consumer Cyclical,Auto & Truck Dealerships,United States,3157383168.0,8637583360.0,6.639487,5.807971,0.4694,0.8047734,0.17565414,8.514,0.481,0.13233,0.05365,0.051020004,0.02834,0.1711,0.05644,0.003,-0.194,,-0.25,140.969,0.91,0.145,50300000.0,5530500096.0,360600000.0,811400000.0,0.71,0.00861,1.07616,17951917.0,14743012.0,0.1247,175.88,258.75,169.02,249314.0,none
ACA,,"Arcosa, Inc.","Arcosa, Inc.",Industrials,Engineering & Construction,United States,7194147328.0,8270947328.0,32.700893,28.616076,1.8642,2.411126,2.4648464,15.068,2.834,0.080299996,0.03882,0.12312,0.16836001,0.22805001,0.18806,0.017,4.486,,4.503,50.578,3.119,2.191,432100000.0,1508899968.0,60250000.0,341300000.0,1.066,0.01711,0.93651,49106809.0,48153155.0,0.038,146.5,146.92,89.03,678734.0,none
ABR,,Arbor Realty Trust,"Arbor Realty Trust, Inc.",Real Estate,REIT - Mortgage,United States,721712576.0,12253886464.0,39.555553,7.2064776,,0.31376696,1.4490213,,24.603,0.01975,0.00423,-0.12729,0.115839995,0.79161,0.0,-0.248,,,,386.741,2.095,2.01,289119008.0,11142087680.0,,311756000.0,1.12,0.028889999,0.68543,186558043.0,178095770.0,0.0,3.56,12.58,3.55,4257241.0,hold
ABM,,ABM Industries Incorporated,ABM Industries Incorporated,Industrials,Specialty Business Services,United States,2870356736.0,4641956352.0,17.551971,11.251005,,1.6033659,0.31383738,10.093,0.508,0.09191,0.03986,0.042859998,0.01819,0.12918,0.050279997,0.042,0.256,,0.189,105.134,1.421,1.283,110500000.0,1882099968.0,281200000.0,408400000.0,0.67,0.015520001,1.02371,58614592.0,57924698.0,0.049200002,48.97,51.29,36.96,446388.0,none
ACAD,,ACADIA Pharmaceuticals Inc.,Acadia Pharmaceuticals Inc.,Healthcare,Biotechnology,United States,3437495296.0,2554875136.0,8.946189,22.452816,,2.6281123,3.0189378,25.966,2.244,0.35743,0.03637,0.12286,0.33416,0.62061,0.08641,0.164,0.133,,0.181,5.652,3.388,3.107,956473984.0,73854000.0,68647000.0,160319008.0,0.857,0.0033000002,0.9965,172305518.0,128350380.0,0.0887,19.95,30.96,19.59,1796111.0,buy
ACHC,,"Acadia Healthcare Company, Inc.","Acadia Healthcare Company, Inc.",Healthcare,Medical Care Facilities,United States,2612393472.0,5241459712.0,,15.194178,,1.2883378,0.77572656,9.8,1.556,-0.41445,0.035720002,0.10137,-0.33443,0.41057,0.15882,-0.004,-0.636,,-0.637,118.057,1.572,1.352,171290000.0,2587631104.0,-104957000.0,210515008.0,0.624,0.01538,1.47321,93100275.0,91530604.0,0.3548,28.06,35.83,11.43,2077206.0,buy
ACIW,,"ACI Worldwide, Inc.","ACI Worldwide, Inc.",Technology,Software - Infrastructure,United States,5062905344.0,5759101440.0,22.795454,12.892031,,3.391722,2.781616,15.031,3.164,0.15617,0.06984,0.10466,0.124,0.49082002,0.21051,0.073,1.652,,1.606,57.698,1.582,0.866,167398000.0,863593984.0,260535632.0,329848992.0,0.977,0.01244,1.06018,100955241.0,99616575.0,0.092,50.15,61.08,38.05,936814.0,none
ACLS,,"Axcelis Technologies, Inc.","Axcelis Technologies, Inc.",Technology,Semiconductor Equipment & Materials,United States,4563357696.0,4230950656.0,45.891304,28.050493,,4.281451,5.269028,42.571,4.885,0.088870004,0.04124,0.09425,0.10714,0.43011,0.114750005,0.106,-0.235,,-0.258,6.55,4.896,2.78,402216000.0,69809000.0,42032248.0,75295000.0,1.856,0.00679,1.03185,30881489.0,30674892.0,0.067,147.77,193.78,73.6,387907.0,hold
ACI,,"Albertsons Companies, Inc.","Albertsons Companies, Inc.",Consumer Defensive,Grocery Stores,United States,5702577152.0,21095675904.0,73.4375,6.3527594,1.2188,3.560606,0.06851317,6.031,0.253,0.02717,0.03869,0.01428,0.00079,0.27040002,0.04203,0.002,-0.585,,-0.642,973.585,0.842,0.164,307900000.0,15701000192.0,1753387520.0,2341199872.0,0.198,0.01197,0.96406996,485325683.0,324983784.0,0.1707,11.75,20.0,10.86,8279849.0,hold
ACM,,AECOM,AECOM,Industrials,Engineering & Construction,United States,7678028800.0,10193138688.0,21.007042,9.328566,0.6537,3.500763,0.49878508,10.94,0.662,0.16605,0.03728,-0.01844,0.01871,0.05678,0.06053,-0.142,,,,138.88,1.057,0.934,1023331968.0,3332296960.0,379882112.0,365364000.0,0.909,0.00489,0.96029997,128696425.0,127953847.0,0.0622,59.66,135.52,58.08,1939495.0,strong_buy
ACMR,,"ACM Research, Inc.","ACM Research, Inc.",Technology,Semiconductor Equipment & Materials,United States,5807350272.0,5262262784.0,39.33019,28.823782,,3.1216772,5.5959787,32.968,5.071,0.11627,0.031689998,0.16982001,0.14476,0.43835,0.15381,0.36,1.806,,1.99,14.524,3.656,2.6,1439374976.0,349319008.0,-186610256.0,-6602000.0,1.953,0.03865,0.77739,64657388.0,61519742.0,0.0764,83.38,127.19,28.46,1041922.0,strong_buy
ACT,,"Enact Holdings, Inc.","Enact Holdings, Inc.",Financial Services,Insurance - Specialty,United States,6222510592.0,6470173696.0,9.312757,8.9295225,,1.1587005,4.9639583,,5.162,0.12869,0.08351,0.73258,0.54507,0.73177004,0.0,0.041,0.126,,0.042,13.812,0.922,0.83,497568992.0,745232000.0,521546880.0,720828992.0,0.459,0.80867994,0.22625,137483671.0,26289628.0,0.1225,45.26,50.56,34.64,388412.0,hold
ADAM,,"Adamas Trust, Inc.","Adamas Trust, Inc.",Real Estate,REIT - Mortgage,United States,701961088.0,12347594752.0,4.6213017,6.257762,,0.7532066,1.8391784,,32.351,0.16438,0.02005,0.51676,0.52959,0.78673,0.0,1.298,,,5.457,769.104,0.844,0.818,215572992.0,11321198592.0,,158187008.0,1.255,0.0673,0.58954,89879786.0,84323418.0,0.0427,7.81,10.36,6.45,963695.0,hold
ADC,,Agree Realty Corporation,Agree Realty Corporation,Real Estate,REIT - Retail,United States,8217009664.0,12170408960.0,35.419353,34.438053,,1.289489,10.53979,18.001,15.611,0.037049998,0.02399,0.48116,0.28842,0.87656,0.86722,0.168,0.021,,0.111,58.984,0.271,0.244,32217000.0,3845841920.0,447780000.0,533960000.0,0.457,0.0177,1.1774501,124379310.0,121836382.0,0.0,65.88,82.08,65.0,1441688.0,buy
ADIG,,ADI Global Distribution Inc.,ADI Global Distribution Inc,Technology,Computer Hardware,United States,1353710592.0,2470710528.0,32.418182,9.660448,,0.5514149,0.27751344,9.651,0.507,,,0.02333,0.00861,0.21893999,0.05248,0.007,,,,50.835,2.796,0.978,131000000.0,1248000000.0,,-630000000.0,,8.9999994e-05,0.29755,75923198.0,75882959.0,,17.83,30.99,17.11,1014382.0,buy
ADEA,,Adeia Inc.,Adeia Inc.,Technology,Software - Application,United States,2838611200.0,3096792064.0,23.614677,16.079962,,5.9473195,6.028439,11.01,6.577,0.27878,0.13056,0.31948,0.26053,1.0,0.59736,0.121,0.0,,0.039,82.832,3.247,3.128,137080992.0,395262016.0,195100624.0,190952000.0,0.958,0.0185,1.05789,110280150.0,107722753.0,0.118599996,25.74,34.34,11.61,1073850.0,strong_buy
ADMA,,ADMA Biologics Inc,"ADMA Biologics, Inc.",Healthcare,Biotechnology,United States,2177131008.0,2244950016.0,13.885715,10.303924,,5.367201,4.249926,10.013,4.382,0.41897,0.2178,0.42159998,0.32981998,0.64705,0.43764,0.02,0.143,,0.105,49.935,6.972,3.62,136020000.0,203839008.0,54755376.0,136720000.0,0.774,0.01969,0.92767,223984680.0,219657296.0,0.13319999,9.72,20.458,7.21,2608296.0,none
ADNT,,Adient plc,Adient plc,Consumer Cyclical,Auto Parts,Ireland,1357335680.0,3415547904.0,31.472725,5.6970963,,0.77187186,0.08973527,4.396,0.226,0.05791,0.03147,0.024939999,0.00317,0.06585,0.051370002,0.05,-0.256,,-0.306,126.868,1.097,0.736,927000000.0,2648999936.0,354500000.0,579000000.0,1.527,0.0117,1.0182,78413387.0,75892678.0,0.10609999,17.31,27.32,16.51,977811.0,buy
ADT,,ADT Inc.,ADT Inc.,Industrials,Security & Protection Services,United States,4565995008.0,12314694656.0,8.680555,6.343696,,1.3185655,0.88404405,4.569,2.384,0.17212999,0.051799998,0.24072,0.118640006,0.80657,0.5219,0.02,0.017,,-0.069,223.863,0.69,0.418,36006000.0,7784705024.0,1197478400.0,2158092032.0,1.035,0.01872,1.1032,675814723.0,527149637.0,0.0563,6.25,8.886,6.03,7735958.0,none
ADUS,,Addus HomeCare Corporation,Addus HomeCare Corporation,Healthcare,Medical Care Facilities,United States,2077889280.0,2044749440.0,19.486864,14.81808,1.0103,1.7728033,1.407396,12.737,1.385,0.09706,0.06274,0.096820004,0.071329996,0.3198,0.108739994,0.08,0.242,,0.252,9.478,1.69,1.462,99566000.0,108820000.0,116251504.0,162404992.0,0.861,0.02813,1.08043,18674300.0,17752001.0,0.056799997,111.27,124.44,87.95,220950.0,buy
AEIS,,"Advanced Energy Industries, Inc","Advanced Energy Industries, Inc.",Industrials,Electrical Equipment & Parts,United States,12186548224.0,12166848512.0,54.335716,19.836073,,8.358652,5.9802475,34.467,5.971,0.16267,0.06252,0.17018,0.10767,0.3996,0.17322999,0.3,0.934,,1.147,94.568,3.79,2.83,1396700032.0,1376999936.0,34187500.0,238200000.0,1.304,0.010570001,1.03056,40050442.0,39646734.0,0.0623,304.28,397.44,169.36,599887.0,strong_buy
AEO,,"American Eagle Outfitters, Inc.","American Eagle Outfitters, Inc.",Consumer Cyclical,Apparel Retail,United States,2967723520.0,4740176896.0,9.128865,9.211292,,1.6831399,0.51615983,8.313,0.824,0.20003,0.05308,0.020580001,0.058590002,0.37432,0.099180005,0.075,0.756,,0.727,108.99,1.592,0.468,147954000.0,1920747008.0,210763744.0,599366016.0,1.309,0.089420006,1.02897,167573333.0,155875771.0,0.1274,17.71,28.46,14.06,5621117.0,hold
AESI,,Atlas Energy Solutions Inc.,Atlas Energy Solutions Inc.,Energy,Oil & Gas Equipment & Services,United States,1503863168.0,2386087424.0,,150.5,,1.3522012,1.40837,21.983,2.235,-0.09925,-0.02491,-0.06807,-0.110810004,0.23408002,0.10165,0.016,,,,94.273,1.824,1.468,168216000.0,1049262016.0,-118395504.0,54597000.0,1.131,0.34332,0.87425005,124905584.0,88313688.0,0.26770002,12.04,20.13,7.642,3419774.0,buy
AFG,,"American Financial Group, Inc.","American Financial Group, Inc.",Financial Services,Insurance - Property & Casualty,United States,11534375936.0,12052375552.0,12.064181,11.459341,,2.3923774,1.4315969,8.518,1.496,0.20413,0.025980001,0.17241,0.11828,0.20156,0.17562,0.058,0.443,,0.425,42.232,2.085,0.862,1518000000.0,2036000000.0,142250000.0,1566000000.0,0.6,0.20264,0.68404996,82921466.0,66574328.0,0.025,139.1,150.02,123.09,385568.0,buy
AGCO,,AGCO Corporation,AGCO Corporation,Industrials,Farm & Heavy Construction Machinery,United States,8026336256.0,10633836544.0,15.852006,15.356725,0.9633,1.966136,0.7755589,10.512,1.028,0.118269995,0.03472,0.057290003,0.05154,0.25267,0.09774999,-0.01,-0.744,,-0.755,66.053,1.321,0.447,573400000.0,2888499968.0,450262496.0,589600000.0,1.095,0.17978,0.97450995,70031729.0,58188663.0,0.060599998,114.61,143.78,98.22,1006596.0,buy
AGNT,,"AGNT, Inc.","AGNT, Inc",Real Estate,Real Estate Services,United States,609980480.0,498818464.0,,12.166666,,2.1713266,0.12289032,-223.685,0.1,-0.06887,-0.0141199995,0.00412,-0.0034599998,0.068280004,-0.00045000002,0.107,,,,,1.515,1.079,111162000.0,0.0,98850248.0,102024000.0,2.05,0.36909,0.41813,167117937.0,148205200.0,0.148,3.65,12.226,3.4,1534514.0,buy
AGX,,"Argan, Inc.","Argan, Inc.",Industrials,Engineering & Construction,United States,5385074176.0,4367543296.0,29.939938,23.829582,,10.6271105,4.5323834,23.603,3.676,0.39847,0.0999,0.14794,0.15092,0.20711,0.15574001,0.615,0.504,,0.511,2.154,1.501,1.458,1028446016.0,10915000.0,467822016.0,555177024.0,0.569,0.04109,1.12369,14029842.0,13777726.0,0.0952,383.83,805.75,255.6,357744.0,buy
AGNC,,AGNC Investment Corp.,AGNC Investment Corp.,Real Estate,REIT - Mortgage,United States,10420381696.0,83183378432.0,4.461929,5.855238,,0.9677419,4.3400173,,34.645,0.19799,0.02025,0.95614,0.94377,1.0,0.0,,,,,717.093,0.192,0.18,19150000128.0,89944997888.0,,886000000.0,1.303,0.0038400001,0.42744,1185481447.0,1177929930.0,0.0919,8.79,12.19,8.77,25241495.0,hold
AGO,,Assured Guaranty Ltd.,Assured Guaranty Ltd.,Financial Services,Insurance - Specialty,Bermuda,3011256320.0,3495660288.0,9.068874,9.726129,,0.54234093,3.7038822,,4.3,0.06666,0.01582,0.4264,0.43173,0.94342005,0.0,-0.005,-0.577,,-0.621,30.563,0.99,0.884,1243000064.0,1706000000.0,14625000.0,324000000.0,0.724,0.068509996,0.96443003,43979208.0,41327773.0,0.0774,68.47,92.4,67.24,412244.0,strong_buy
AGYS,,"Agilysys, Inc.","Agilysys, Inc.",Technology,Software - Application,United States,2799706624.0,2687408384.0,66.17333,31.006638,2.2807,8.2510395,8.475895,55.124,8.136,0.13802,0.05505,0.11107001,0.12986,0.63057,0.14759,0.143,0.882,,0.839,5.451,1.741,1.604,123709000.0,18443000.0,57453376.0,82176000.0,0.379,0.03629,1.06853,28205788.0,26862117.0,0.0735,99.26,145.25,61.5,262401.0,none
AHCO,,AdaptHealth Corp.,AdaptHealth Corp.,Healthcare,Medical Devices,United States,747091264.0,2776681216.0,,-45.16129,,0.5417956,0.22212449,4.759,0.826,-0.15224,0.02279,0.00842,-0.06786,0.19174999,0.17347999,0.127,,,,148.969,1.124,0.636,43289000.0,2065088000.0,-80691504.0,583273984.0,1.394,0.08279,1.06454,133409161.0,85768750.0,0.096099995,5.6,13.43,5.21,2816661.0,none
AHR,,"American Healthcare REIT, Inc.","American Healthcare REIT, Inc.",Real Estate,REIT - Healthcare Facilities,United States,11063437312.0,12520340480.0,74.632355,51.262627,,2.67429,4.4168167,27.984,4.998,0.03951,0.02095,0.0683,0.048309997,0.1928,0.17862,0.247,1.575,,2.089,41.888,1.314,1.061,157851008.0,1567410048.0,396683008.0,362036992.0,0.745,0.00607,0.99293,217998775.0,216557803.0,0.1296,50.75,58.7,40.0,2904011.0,strong_buy
AIN,,Albany International Corporatio,Albany International Corp.,Consumer Cyclical,Textile Manufacturing,United States,1727235584.0,2108711936.0,,19.194754,,2.3163261,1.4117688,34.984,1.724,-0.061339997,-0.00629,0.11725,-0.041840002,0.21078,0.04927,0.058,0.988,,0.896,59.922,2.238,0.967,77349000.0,450668992.0,4886875.0,120633000.0,1.162,0.0068699997,1.07234,28371147.0,28216252.0,0.051599998,60.88,77.0,41.15,265930.0,none
AIR,,AAR Corp.,AAR Corp.,Industrials,Aerospace & Defense,United States,4120308736.0,4942338560.0,20.877802,15.270689,,2.3349733,1.1818233,13.706,1.418,0.12929,0.055749997,0.08083,0.05547,0.19063,0.10343,0.241,0.044,,0.166,56.152,2.827,1.058,104500000.0,978400000.0,33200000.0,199400000.0,1.109,0.02471,1.02702,40194211.0,38699578.0,0.040999997,102.51,154.0,76.1,484139.0,buy
AKR,,Acadia Realty Trust,Acadia Realty Trust,Real Estate,REIT - Retail,United States,2716177920.0,4545028608.0,53.22857,49.679996,,1.0949162,6.5420117,18.739,10.947,0.057150003,0.011779999,0.29906,0.13208,0.70607,0.58418,0.134,4.001,,4.623,63.176,1.245,0.426,51367000.0,1693687040.0,187720752.0,165892000.0,1.11,0.00488,1.23178,137332722.0,136584259.0,0.21190001,18.63,23.03,18.45,1362082.0,strong_buy
ALG,,"Alamo Group, Inc.",Alamo Group Inc.,Industrials,Farm & Heavy Construction Machinery,United States,1959646976.0,2043510016.0,19.305754,13.223555,0.8625,1.6213684,1.179392,9.964,1.23,0.08771,0.05638,0.10153,0.0608,0.24215001,0.123430006,0.076,-0.008,,-0.005,23.471,4.391,2.419,194995008.0,278857984.0,91344752.0,163288992.0,1.093,0.01166,1.00184,12170965.0,11986818.0,0.059899997,161.01,219.88,145.76,164577.0,none
AIT,,Applied Industrial Technologies,"Applied Industrial Technologies, Inc.",Industrials,Industrial Distribution,United States,12616257536.0,12960536576.0,30.969343,25.965553,2.7789,6.973746,2.5401762,21.064,2.609,0.22368999,0.11102,0.117740005,0.083459996,0.30337998,0.12389,0.104,0.134,,0.1,25.967,2.578,1.612,127130000.0,483444000.0,362843616.0,484081984.0,0.834,0.00791,0.98486,36733895.0,36377741.0,0.028099999,343.45,374.8,238.34,282009.0,strong_buy
ALGM,,"Allegro MicroSystems, Inc.","Allegro MicroSystems, Inc.",Technology,Semiconductors,United States,7368472576.0,7512136704.0,494.125,26.727518,,7.6386466,7.7896266,55.696,7.942,0.015269999,0.02974,0.09824,0.01501,0.47375,0.14259,0.275,,,,31.472,3.703,1.989,162028992.0,304007008.0,103498872.0,123440000.0,1.911,0.3254,0.80753,186402046.0,125036628.0,0.10609999,39.53,71.77,22.41,2359125.0,strong_buy
ALGT,,Allegiant Travel Company,Allegiant Travel Company,Industrials,Airlines,United States,2121683200.0,3907077120.0,64.674995,7.266541,,1.1863889,0.73312104,10.237,1.35,0.018339999,0.0253,0.09228,0.00898,0.22812,0.13188,0.369,,,,160.47,0.832,0.711,1053475008.0,2852158976.0,194582624.0,420265984.0,1.492,0.101280004,0.99262,27337755.0,24295285.0,0.1035,77.61,123.63,57.11,503433.0,buy
ALHC,,"Alignment Healthcare, Inc.","Alignment Healthcare, Inc.",Healthcare,Healthcare Plans,United States,1647035136.0,1275824128.0,41.789474,10.551496,,6.203125,0.35982448,14.595,0.279,0.20044,0.030650001,0.031519998,0.00889,0.12549,0.0191,0.316,1.429,,1.334,124.655,1.698,1.461,701710976.0,330500000.0,188581872.0,205548992.0,1.113,0.02568,1.15926,207435149.0,188506692.0,0.122,7.94,25.12,7.37,7408309.0,none
ALK,,"Alaska Air Group, Inc.","Alaska Air Group, Inc.",Industrials,Airlines,United States,4411671040.0,9365670912.0,,10.21859,,1.2017024,0.29883295,13.322,0.634,-0.04598,-0.00093999994,-0.02927,-0.011849999,0.17713,0.047620002,0.097,,,,207.52,0.547,0.465,2662000128.0,7616000000.0,-23750000.0,1020000000.0,1.279,0.00598,0.94123,111603120.0,110849799.0,0.1159,39.53,60.63,33.03,2778714.0,strong_buy
ALKS,,Alkermes plc,Alkermes plc,Healthcare,Drug Manufacturers - Specialty & Generic,Ireland,7004116480.0,7920103424.0,109.86842,23.088749,,3.8675313,4.199987,27.796,4.749,0.03852,0.042,0.15496999,0.03965,0.87182,0.17086,0.27,-0.994,,-0.994,86.952,2.3,1.681,656577024.0,1572563968.0,153381376.0,251180992.0,0.26,0.01401,1.07479,167763272.0,155194448.0,0.1252,41.75,55.67,27.0,1800428.0,buy
ALLY,,Ally Financial Inc.,Ally Financial Inc.,Financial Services,Credit Services,United States,11532210176.0,28637480960.0,8.92,5.967588,0.3435,0.85425216,1.4601431,,3.626,0.09681,0.0074699996,0.25270998,0.1841,0.0,0.0,0.11,0.135,,0.165,,,,7840000000.0,23082999808.0,,4566000128.0,1.074,0.09633,0.88724,304199693.0,271862843.0,0.0493,37.91,47.29,35.92,3243396.0,buy
ALSN,,"Allison Transmission Holdings, ","Allison Transmission Holdings, Inc.",Consumer Cyclical,Auto Parts,United States,9741731840.0,13536731136.0,18.37539,10.423542,0.5237,4.927736,2.2130241,11.423,3.075,0.28349,0.084580004,0.19093001,0.120170005,0.37846002,0.2692,0.924,-0.061,,-0.072,211.925,1.807,0.991,399000000.0,4193999872.0,211000000.0,939000000.0,0.974,0.00733,1.0703601,82578038.0,81808411.0,0.040599998,117.97,137.62,76.01,828455.0,buy
ALRM,,"Alarm.com Holdings, Inc.","Alarm.com Holdings, Inc.",Technology,Software - Application,United States,2684253696.0,2816265728.0,24.302223,17.811075,,3.1015317,2.529966,16.792,2.654,0.13311,0.04991,0.15068,0.11112001,0.65809,0.15808,0.092,-0.234,,-0.298,62.337,4.96,3.98,481318016.0,567465024.0,100146624.0,199079008.0,0.764,0.05592,1.01709,49090228.0,46593990.0,0.090900004,54.68,58.145,41.49,424931.0,none
ALV,,"Autoliv, Inc.","Autoliv, Inc.",Consumer Cyclical,Auto Parts,Sweden,8191582720.0,10014582784.0,13.3313465,9.584741,,3.2898026,0.7393792,6.424,0.904,0.25858,0.08285,0.095970005,0.05804,0.19298,0.14072,0.033,-0.375,,-0.401,87.525,1.029,0.709,377000000.0,2188999936.0,742124992.0,1160999936.0,1.37,0.00364,0.84662,73237217.0,72931818.0,0.0722,111.85,132.17,99.16,667831.0,buy
AM,,Antero Midstream Corporation,Antero Midstream Corporation,Energy,Oil & Gas Midstream,United States,9664362496.0,,24.53012,12.631214,,4.9682775,7.362606,,,0.19822,0.076069996,0.52005,0.3045,0.79644996,0.72780997,0.083,-0.08,,-0.088,185.545,0.842,0.828,,3609544960.0,432616640.0,961212032.0,0.63,0.30628002,0.60958,474674000.0,329770268.0,0.0366,20.36,23.835,16.96,2334007.0,hold
AMH,,American Homes 4 Rent,American Homes 4 Rent,Real Estate,REIT - Residential,United States,12405147648.0,16625036288.0,24.208,44.74809,,1.5994502,6.6140223,17.093,8.864,0.07084,0.021930002,0.25921,0.25530002,0.56646997,0.51858,0.028,0.106,,0.074,68.848,1.672,0.262,83670000.0,5149175808.0,822327360.0,864755008.0,0.801,0.07893,0.93291,359179944.0,307846936.0,0.0467,30.26,35.07,27.22,2425431.0,buy
AMG,,"Affiliated Managers Group, Inc.","Affiliated Managers Group, Inc.",Financial Services,Asset Management,United States,9605154816.0,13467254784.0,13.037206,8.6840925,0.6127,3.1787994,4.230973,21.527,5.932,0.24257,0.0312,0.30357,0.37719002,0.50273,0.27557,0.299,1.482,,1.205,76.096,101.314,101.314,502800000.0,3199000064.0,277175008.0,1071800000.0,1.103,0.042340003,1.0057399,25859933.0,24845965.0,0.0541,371.43,392.92,230.26,272911.0,strong_buy
AMKR,,"Amkor Technology, Inc.","Amkor Technology, Inc.",Technology,Semiconductor Equipment & Materials,United States,13918308352.0,14116600832.0,25.121077,19.961872,,2.9872553,1.8663055,10.663,1.893,0.12514,0.04621,0.10532,0.07448,0.15511,0.17752,0.256,2.182,,2.193,57.054,2.171,1.869,2512162048.0,2674039040.0,-378785984.0,1194567040.0,2.232,0.49912998,0.48626998,248452472.0,108695472.0,0.1608,56.02,96.68,28.19,4781144.0,none
AMPH,,"Amphastar Pharmaceuticals, Inc.","Amphastar Pharmaceuticals, Inc.",Healthcare,Drug Manufacturers - Specialty & Generic,United States,1081739904.0,1479938944.0,14.958823,7.992934,,1.4080062,1.4817969,7.608,2.027,0.10297,0.051119998,0.21603,0.1076,0.47685,0.26645002,0.054,0.047,,-0.022,89.607,2.397,1.663,290123008.0,688321984.0,230095872.0,184610000.0,0.915,0.30813998,0.68681,42537944.0,31293039.0,0.2559,25.43,29.52,16.65,466279.0,none
AMN,,AMN Healthcare Services Inc,"AMN Healthcare Services, Inc.",Healthcare,Medical Care Facilities,United States,1418679680.0,1832653568.0,13.617101,39.109962,,1.9130936,0.41308907,5.964,0.534,0.15556,0.04389,0.03997,0.030550001,0.27786,0.08948,0.023,,,,104.658,1.128,1.027,361836000.0,775809984.0,445770624.0,470760000.0,0.389,0.00972,1.2485,38729991.0,38328748.0,0.106800005,36.63,37.22,14.97,704480.0,hold
AMR,,"Alpha Metallurgical Resources, ","Alpha Metallurgical Resources, Inc.",Basic Materials,Coking Coal,United States,2174963200.0,1847882368.0,,9.3951845,,1.4518585,1.0532035,13.538,0.895,-0.0296,-0.01382,-0.02903,-0.02231,0.10018,0.0661,-0.104,,,,0.761,3.405,2.247,338481984.0,11401000.0,52462248.0,138424000.0,0.701,0.29975998,0.90364,12679045.0,10731417.0,0.1472,171.54,253.82,133.64,321934.0,none
AMRX,,"Amneal Pharmaceuticals, Inc.","Amneal Pharmaceuticals, Inc.",Healthcare,Drug Manufacturers - Specialty & Generic,United States,7070409216.0,9227188224.0,41.42857,17.022062,,197.08737,2.267939,13.384,2.96,6.1301703,0.08597,0.18335,0.050479997,0.39810002,0.22115,0.099,1.571,,1.572,2386.528,2.205,1.375,131413000.0,2791760896.0,-115327128.0,200778000.0,1.242,0.52099997,0.48473,348296027.0,197325593.0,0.046,20.3,21.175,9.56,2144155.0,strong_buy
AMTM,,"Amentum Holdings, Inc.","Amentum Holdings, Inc.",Industrials,Specialty Business Services,United States,4435346432.0,7895346176.0,22.395061,6.8724356,,0.9439559,0.3138957,7.848,0.559,0.04287,0.03081,0.04384,0.01444,0.10488,0.0712,-0.02,5.75,,5.6,79.871,1.523,1.438,459000000.0,3824999936.0,484249984.0,505000000.0,0.269,0.011729999,1.09883,244506413.0,152525545.0,0.0795,18.14,38.11,17.72,2013273.0,buy
AMSF,,"AMERISAFE, Inc.","AMERISAFE, Inc.",Financial Services,Insurance - Specialty,United States,437265600.0,348227648.0,9.512096,11.697501,,1.7479253,1.3027195,5.874,1.037,0.18225001,0.03209,0.19858,0.13997,0.27679002,0.17663,0.134,0.068,,0.046,,2.042,1.445,88748000.0,0.0,36250000.0,20400000.0,0.262,0.020599999,1.01885,18536058.0,17183572.0,0.0734,23.59,43.73,23.2,423452.0,none
AN,,"AutoNation, Inc.","AutoNation, Inc.",Consumer Cyclical,Auto & Truck Dealerships,United States,5371058688.0,16649058304.0,7.5317574,6.569269,0.4662,2.382356,0.19567767,10.986,0.607,0.32766998,0.05435,0.04449,0.02822,0.17834999,0.055209998,-0.006,1.385,,1.108,501.585,0.782,0.147,53300000.0,11331300352.0,356124992.0,293300000.0,0.717,0.01434,1.01186,33060806.0,32632338.0,0.119799994,162.46,235.81,152.86,493923.0,buy
ANDE,,"The Andersons, Inc.","The Andersons, Inc.",Consumer Defensive,Food Distribution,United States,2300825600.0,3152524032.0,13.098646,10.608883,,1.7306415,0.21033452,10.421,0.288,0.12159,0.03032,0.01613,0.016210001,0.07179,0.02765,-0.012,6.182,,6.199,66.35,1.51,0.596,66549000.0,900764992.0,-109108872.0,321944000.0,0.639,0.040110003,0.93816,33975570.0,32207833.0,0.0588,67.72,82.11,39.94,356993.0,strong_buy
ANIP,,"ANI Pharmaceuticals, Inc.","ANI Pharmaceuticals, Inc.",Healthcare,Drug Manufacturers - Specialty & Generic,United States,1658000000.0,1795846400.0,15.898679,6.9416795,,2.5902534,1.6946398,8.576,1.836,0.20459,0.05446,0.14974,0.1107,0.60403997,0.21403,0.259,1.911,,1.891,104.825,2.91,2.297,376961984.0,626028032.0,132205752.0,189466000.0,0.45,0.054190002,1.0710601,22959488.0,19660912.0,0.1321,72.18,97.0,69.58,369352.0,buy
ANF,,Abercrombie & Fitch Company,Abercrombie & Fitch Co.,Consumer Cyclical,Apparel Retail,United States,5767256064.0,6431838208.0,11.777297,10.58424,,4.257699,1.0798222,7.017,1.204,0.40609002,0.13628,0.19941,0.10035,0.63675,0.17161,0.048,0.433,,0.299,93.997,1.407,0.754,637998976.0,1287440000.0,435861760.0,819649984.0,0.966,0.022179998,1.15301,42434377.0,39054903.0,0.1725,135.91,155.22,65.45,1506955.0,none
AORT,,"Artivion, Inc.","Artivion, Inc.",Healthcare,Medical Devices,United States,1087751296.0,1418402304.0,,29.81305,,2.437985,2.307129,22.262,3.008,-0.0073100002,0.02562,0.09014,-0.00671,0.64373,0.13514,0.113,,,,91.558,3.473,1.759,77316000.0,407967008.0,13096750.0,41710000.0,1.247,0.042859998,0.96471,48756221.0,46275992.0,0.0809,22.31,48.25,19.16,640830.0,none
AOSL,,Alpha and Omega Semiconductor L,Alpha and Omega Semiconductor Limited,Technology,Semiconductors,United States,916425344.0,761894848.0,,96.0,,1.1465837,1.3498143,54.073,1.122,-0.05217,-0.026819998,-0.062529996,-0.06225,0.22320999,0.020750001,-0.035,,,,3.507,3.438,1.779,181127008.0,27982000.0,-29679500.0,-16320000.0,2.56,0.17018,0.76829004,30305071.0,24885211.0,0.1359,30.24,54.34,17.01,598730.0,none
APAM,,Artisan Partners Asset Manageme,Artisan Partners Asset Management Inc.,Financial Services,Asset Management,United States,2476355584.0,2571964672.0,8.364509,9.007102,,5.895876,1.9847157,6.108,2.061,0.64552003,0.1774,0.27482998,0.24084,0.45593,0.3375,0.089,0.183,,0.196,57.111,3.007,2.881,350622016.0,314897984.0,291218624.0,260730000.0,1.661,0.02226,0.99996,70996433.0,64236863.0,0.0686,34.88,46.53,33.96,857288.0,hold
APG,,APi Group Corporation,APi Group Corporation,Industrials,Engineering & Construction,United States,17493848064.0,20484849664.0,,20.349379,,4.7882657,2.0732222,18.967,2.428,0.10348,0.05011,0.090509996,0.040999997,0.31441,0.12798999,0.133,0.25,,0.286,109.272,1.389,1.254,851000000.0,3841999872.0,648625024.0,782000000.0,1.599,0.119820006,0.87029,432160297.0,354630740.0,0.0298,40.48,49.99,33.52,3016988.0,strong_buy
APLE,,"Apple Hospitality REIT, Inc.","Apple Hospitality REIT, Inc.",Real Estate,REIT - Hotel & Motel,United States,3897725440.0,5492231168.0,22.013334,22.709766,,1.2409801,2.7056115,12.127,3.812,0.05529,0.03275,0.22447,0.12166,0.42902002,0.31438,0.047,0.046,,0.054,51.367,0.291,0.265,18838000.0,1613344000.0,360905376.0,386107008.0,0.874,0.07119,0.90036005,236082698.0,218437877.0,0.111,16.51,17.28,10.85,2720163.0,buy
APOG,,"Apogee Enterprises, Inc.","Apogee Enterprises, Inc.",Industrials,Building Products & Equipment,United States,743224320.0,998517312.0,11.1645775,9.016456,1.1516,1.4650953,0.53057325,6.133,0.713,0.13756,0.06237,0.054970004,0.048800003,0.23378,0.116239995,-0.011,,,,56.254,1.76,1.162,32737000.0,288030016.0,102537000.0,149676992.0,1.123,0.028199999,0.97253,20868294.0,20213238.0,0.0547,35.615,50.88,30.75,215223.0,none
APPF,,"AppFolio, Inc.","AppFolio, Inc.",Technology,Software - Application,United States,7188587008.0,7002676736.0,46.55275,24.073679,,13.662494,6.906239,35.967,6.728,0.3209,0.18747999,0.18845,0.15134,0.63532,0.18705,0.193,0.182,,0.155,6.799,3.831,3.349,221684992.0,35775000.0,198919872.0,272899008.0,0.848,0.03954,0.99351996,24087367.0,23188567.0,0.097399995,202.97,265.02,142.56,364569.0,strong_buy
AR,,Antero Resources Corporation,Antero Resources Corporation,Energy,Oil & Gas E&P,United States,10477521920.0,,9.765043,7.9926834,0.4479,1.2641888,1.8123333,,,0.14216,0.06611,0.26017,0.18746,0.67154,0.40077,0.126,0.799,,0.78,55.493,0.401,0.28,,4615305216.0,391220736.0,1978739968.0,0.348,0.04407,0.91342,307439000.0,296192881.0,0.0446,34.08,45.75,29.1,4154030.0,buy
ARCB,,ArcBest Corporation,ArcBest Corporation,Industrials,Trucking,United States,2964013056.0,3255341056.0,184.18054,13.891188,,2.3378525,0.70502174,11.259,0.774,0.01269,0.02812,0.05429,0.0038800002,0.080970004,0.06877,0.159,,,,36.27,0.968,0.865,168431008.0,459759008.0,148348992.0,282196000.0,1.548,0.01426,1.0639,22351354.0,21955512.0,0.0834,132.61,176.69,59.43,300266.0,buy
ARLO,,"Arlo Technologies, Inc.","Arlo Technologies, Inc.",Industrials,Building Products & Equipment,United States,1375298048.0,1241896064.0,45.642857,12.459662,0.5519,8.670285,2.342348,85.814,2.115,0.22068001,0.0136899995,-0.035550002,0.052020002,0.4461,0.02465,0.205,-0.067,,-0.031,4.876,1.402,1.053,141131008.0,7729000.0,62496248.0,78245000.0,1.543,0.03142,1.04184,107613304.0,104583989.0,0.1388,12.78,19.94,11.05,1263514.0,none
AROC,,"Archrock, Inc.","Archrock, Inc.",Energy,Oil & Gas Equipment & Services,United States,5318007296.0,7673216000.0,16.306452,13.851087,1.1898,3.4240236,3.5347152,8.986,5.1,0.22194,0.08123,0.35931998,0.21837,0.67337996,0.56755,-0.031,0.059,,0.052,151.872,1.394,0.884,2000000.0,2357209088.0,241304496.0,725643008.0,0.86,0.027,1.0229,175338185.0,170507618.0,0.0608,30.33,42.23,22.88,1748884.0,strong_buy
ARMK,,Aramark,Aramark,Industrials,Specialty Business Services,United States,14644370432.0,20662249472.0,38.047943,19.730976,0.8684,4.3135576,0.73792773,14.309,1.041,0.11694,0.04244,0.04422,0.01929,0.15292,0.07276,0.093,0.333,,0.36,186.724,1.285,1.034,520393984.0,6468355072.0,374142496.0,910806976.0,1.19,0.00693,1.00377,263625044.0,261956297.0,0.031400003,55.55,62.65,35.07,2468360.0,strong_buy
ARR,,"ARMOUR Residential REIT, Inc.","ARMOUR Residential REIT, Inc.",Real Estate,REIT - Mortgage,United States,1923705856.0,19803570176.0,3.0816329,4.6320443,,0.71859133,3.9203858,,40.358,0.20331,0.02211,0.86998004,0.8782,1.0,0.0,,,,,756.724,1.142,0.087,1636774016.0,19516631040.0,,319489984.0,1.341,0.0019699999,0.56853,141553046.0,141255785.0,0.0,13.59,19.31,13.43,3979768.0,buy
ARW,,"Arrow Electronics, Inc.","Arrow Electronics, Inc.",Technology,Electronics & Computer Distribution,United States,12319621120.0,14319270912.0,14.792787,10.11536,,1.7610462,0.34292847,9.737,0.399,0.12036,0.026589999,0.0395,0.02259,0.11271,0.04093,0.318,0.465,,0.453,30.663,1.217,0.983,244631008.0,2170579968.0,732857856.0,936366976.0,1.189,0.0055199997,1.05934,50905423.0,50544504.0,0.0373,242.01,247.245,101.79,554628.0,none
ARWR,,"Arrowhead Pharmaceuticals, Inc.","Arrowhead Pharmaceuticals, Inc.",Healthcare,Biotechnology,United States,9067124736.0,8849181696.0,,-13.017618,,19.463312,13.54323,-44.106,13.218,-0.55207,-0.08104,-2.26028,-0.4779,1.0,-0.29968,1.71,,,,295.984,5.899,5.706,1597859968.0,1379405056.0,-48628124.0,-59055000.0,1.284,0.03657,0.85443,141254467.0,122449260.0,0.0913,64.19,95.49,34.61,1912844.0,strong_buy
ASB,,Associated Banc-Corp,Associated Banc-Corp,Financial Services,Banks - Regional,United States,5476640256.0,9489725440.0,10.13986,8.681075,,0.99264073,3.519805,,6.099,0.096949995,0.01054,0.41342998,0.32459998,0.0,0.0,0.235,-0.031,,0.111,,,,1852130048.0,5739919872.0,,719014976.0,0.767,0.12515001,0.81829,188849659.0,160912574.0,0.0,29.0,32.46,23.86,1917058.0,buy
ASH,,Ashland Inc.,Ashland Inc.,Basic Materials,Specialty Chemicals,United States,3183554816.0,4219555072.0,43.999996,16.131165,,1.7024194,1.7283143,11.592,2.291,0.0399,0.024319999,0.11469,0.02823,0.33388,0.19760999,0.073,,,,78.93,3.047,1.601,440000000.0,1476000000.0,269124992.0,291000000.0,0.391,0.01176,1.19336,45793370.0,37776325.0,0.1083,69.52,78.25,47.12,676698.0,buy
ASO,,"Academy Sports and Outdoors, In","Academy Sports and Outdoors, Inc.",Consumer Cyclical,Specialty Retail,United States,3000739328.0,4671411200.0,8.176174,6.887866,0.6019,1.3875285,0.48465815,6.682,0.754,0.18613,0.06678,0.14956,0.063930005,0.35779,0.11291,0.03,0.173,,0.099,90.381,1.743,0.27,298212992.0,1968884992.0,169622880.0,547772992.0,1.019,0.015579999,1.22526,61578891.0,60682302.0,0.20459999,48.73,62.445,41.29,1652587.0,buy
ASTE,,"Astec Industries, Inc.","Astec Industries, Inc.",Industrials,Farm & Heavy Construction Machinery,United States,965690432.0,1281865472.0,50.0,10.552764,0.8912,1.4014949,0.6209828,9.474,0.824,0.02859,0.04172,0.06346,0.0126,0.26159,0.087,0.236,-0.375,,-0.371,57.089,2.517,0.918,78600000.0,393400000.0,-1112500.0,80800000.0,1.344,0.01192,0.98533994,22992630.0,22663638.0,0.033,42.0,65.69,39.38,232422.0,none
ASTH,,Astrana Health Inc.,"Astrana Health, Inc.",Healthcare,Medical Care Facilities,United States,1779804800.0,2183104768.0,42.714287,9.866169,,2.1274831,0.46298528,12.482,0.568,0.06902,0.037550002,0.03529,0.01055,0.10457,0.045500003,0.485,1.105,,1.095,163.623,1.229,1.19,400792000.0,979411008.0,231191248.0,107873000.0,0.907,0.22814,0.66195,49604366.0,38831504.0,0.1257,35.88,51.6,18.08,470838.0,strong_buy
ATEN,,"A10 Networks, Inc.","A10 Networks, Inc.",Technology,Software - Infrastructure,United States,2006187264.0,1874923264.0,47.63793,23.291689,,8.41352,6.4679413,27.952,6.045,0.19444999,0.04995,0.11261,0.13854,0.79379,0.21625,0.155,-0.143,,-0.157,95.007,1.29,1.147,357348000.0,226084000.0,61384500.0,76856000.0,1.119,0.016,1.08563,72609021.0,71315128.0,0.18969999,27.63,38.49,16.52,1279963.0,buy
ATI,,ATI Inc.,ATI Inc.,Industrials,Metal Fabrication,United States,26201905152.0,27732404224.0,56.099125,30.193523,,13.961689,5.5569024,30.249,5.881,0.25357,0.0879,0.18198,0.10090999,0.23647,0.19444,0.106,0.557,,0.5,109.699,2.327,1.082,783000000.0,2192000000.0,346687488.0,805299968.0,1.011,0.00822,0.95559996,136170383.0,134890381.0,0.048499998,192.42,243.57,79.29,1661676.0,strong_buy
ATMU,,Atmus Filtration Technologies I,Atmus Filtration Technologies Inc.,Consumer Cyclical,Auto Parts,United States,3728915712.0,4526315520.0,17.116104,13.941427,,8.19878,1.9628972,13.223,2.383,0.5579,0.11843,0.16973,0.11323,0.28789,0.18019,0.164,0.083,,0.067,232.278,2.65,1.722,259000000.0,1056400000.0,103862496.0,245500000.0,1.169,0.00522,1.0980101,81595527.0,80914204.0,0.0424,45.7,66.5,42.6,679576.0,buy
ATR,,"AptarGroup, Inc.","AptarGroup, Inc.",Healthcare,Medical Instruments & Supplies,United States,7624013312.0,8884464640.0,21.841532,19.024698,2.6011,2.9016335,1.9383531,11.128,2.259,0.13459,0.06141,0.12494001,0.09217,0.3607,0.20299,0.063,-0.186,,-0.216,52.78,1.614,0.978,197266000.0,1411565056.0,265978880.0,583478976.0,0.378,0.008590001,0.98341006,63581129.0,62965028.0,0.0347,119.91,146.91,103.23,447157.0,strong_buy
AVA,,Avista Corporation,Avista Corporation,Utilities,Utilities - Diversified,United States,2957312512.0,6309312512.0,12.747293,12.66304,2.2729,1.0483034,1.5410695,9.812,3.288,0.08306,0.02726,0.13317001,0.11829001,0.66753995,0.33507,0.005,1.479,,1.5,119.709,1.1,0.298,25000000.0,3376999936.0,-235124992.0,546000000.0,0.23,0.00885,0.92159,83752830.0,82969741.0,0.069,35.31,43.5,34.46,649555.0,hold
AUB,,Atlantic Union Bankshares Corpo,Atlantic Union Bankshares Corporation,Financial Services,Banks - Regional,United States,5544074240.0,6564674048.0,11.219653,9.6168375,,1.069127,3.6770954,,4.354,0.09759,0.01293,0.56057,0.32319,0.0,0.0,0.358,8.348,,7.136,,,,990297024.0,2010723968.0,,548912000.0,0.765,0.00911,0.88357,142814896.0,141363897.0,0.0773,38.82,43.62,30.87,1106103.0,buy
AVAV,,"AeroVironment, Inc.","AeroVironment, Inc.",Industrials,Aerospace & Defense,United States,7156572160.0,7400617472.0,,31.592695,,1.6219952,3.5735352,33.822,3.695,-0.04597,-0.00132,-0.02269,-0.10127,0.26471,0.10925999,0.057,,,,19.354,4.26,3.185,580227008.0,850822976.0,-25920876.0,58818000.0,1.406,0.00914,0.88,50820702.0,38070831.0,0.1176,140.82,417.86,135.2,1668206.0,buy
AVNT,,Avient Corporation,Avient Corporation,Basic Materials,Specialty Chemicals,United States,3776093696.0,5239393792.0,21.898935,11.779652,1.224,1.5495502,1.1334515,8.929,1.573,0.071100004,0.04079,0.1277,0.051030003,0.32994,0.17614001,0.058,0.228,,0.232,76.563,1.9,1.213,425600000.0,1875800064.0,263787504.0,299200000.0,1.305,0.00851,1.07875,91719550.0,91074762.0,0.059499998,41.17,46.64,27.48,786312.0,none
AVT,,"Avnet, Inc.","Avnet, Inc.",Technology,Electronics & Computer Distribution,United States,8776473600.0,12096892928.0,25.521479,9.680293,,1.747618,0.31761208,12.812,0.438,0.06665,0.03936,0.03852,0.0121,0.10429,0.03417,0.477,19.689,,19.788,69.205,1.777,0.938,155396000.0,3475814912.0,-129337000.0,-280924992.0,1.115,0.013789999,1.10788,82072979.0,81365510.0,0.119799994,106.935,108.63,44.25,1214706.0,none
AVTR,,"Avantor, Inc.","Avantor, Inc.",Healthcare,Medical Instruments & Supplies,United States,10375345152.0,13766344704.0,,17.48726,,1.8430854,1.5813423,14.588,2.098,-0.09701,0.02694,0.07162,-0.08809,0.31825,0.14383,0.005,-0.374,,-0.411,65.678,1.782,1.046,306800000.0,3697799936.0,450337504.0,597000000.0,0.895,0.01528,1.05305,676358840.0,657806317.0,0.0922,15.34,16.05,7.265,9419693.0,hold
AWI,,Armstrong World Industries Inc,"Armstrong World Industries, Inc.",Industrials,Building Products & Equipment,United States,6893911552.0,7395312128.0,22.284151,17.030909,,7.807773,4.066245,16.46,4.362,0.36618,0.10623,0.21568,0.18597001,0.40308997,0.26501,0.112,0.124,,0.101,65.589,1.519,0.971,78600000.0,580000000.0,220824992.0,358800000.0,1.164,0.01548,1.04459,42262826.0,41547316.0,0.0419,163.12,206.08,150.28,432260.0,buy
AWR,,American States Water Company,American States Water Company,Utilities,Utilities - Regulated Water,United States,3282622464.0,4178459648.0,22.628414,21.794737,2.9777,2.927019,4.7064376,15.051,5.991,0.1367,0.05257,0.35755002,0.20521,0.5762,0.39803,0.112,0.258,,0.284,81.811,0.98,0.74,21657000.0,917494016.0,-25544000.0,236647008.0,0.565,0.008169999,0.87873,39635626.0,39212318.0,0.037,82.82,91.72,69.45,252144.0,none
AX,,"Axos Financial, Inc.","Axos Financial, Inc.",Financial Services,Banks - Regional,United States,5045359104.0,5296195584.0,10.328688,8.177471,,1.593385,3.6576793,,3.84,0.16773,0.01791,0.45029998,0.35549998,0.0,0.0,0.181,0.124,,0.129,,,,1126235008.0,1377000960.0,,542411008.0,1.22,0.04361,0.88347,56734049.0,54161350.0,0.0804,88.93,105.74,74.89,349968.0,strong_buy
AXTA,,Axalta Coating Systems Ltd.,Axalta Coating Systems Ltd.,Basic Materials,Specialty Chemicals,United States,6891444224.0,9372443648.0,19.754602,11.21252,,2.732287,1.3381444,9.458,1.82,0.14344,0.06121,0.15156001,0.06777,0.34039003,0.19243,0.031,-0.18,,-0.183,119.424,1.533,1.006,634000000.0,3068000000.0,539500032.0,701000000.0,1.239,0.0044400003,1.074,214019997.0,212804363.0,0.0432,32.2,38.61,24.937,1717392.0,buy
AYI,,Acuity Inc.,Acuity Inc.,Industrials,Electrical Equipment & Parts,United States,9242900480.0,9311549440.0,19.881521,13.259088,1.2104,3.237564,1.9912319,11.052,2.006,0.18645,0.08906999,0.16063999,0.11446,0.49537,0.1815,0.029,0.558,,0.518,23.448,1.695,1.156,636300032.0,697400000.0,621512512.0,825600000.0,1.292,0.00415,1.02778,29935547.0,29752377.0,0.0418,308.76,380.17,257.04,298115.0,buy
AZTA,,"Azenta, Inc.","Azenta, Inc.",Healthcare,Medical Instruments & Supplies,United States,1697575168.0,1425745280.0,,65.95745,,1.1229931,2.7656498,43.197,2.323,-0.07041,-0.0073,-0.022739999,-0.20021999,0.44048,0.05377,0.12,,,,3.574,2.5,1.85,325796992.0,53967000.0,63366000.0,37975000.0,1.394,0.01339,1.1731601,43808393.0,38876882.0,0.19950001,38.75,41.995,15.93,751228.0,none
AZZ,,AZZ Inc.,AZZ Inc.,Industrials,Specialty Business Services,United States,4188878592.0,4730636800.0,20.65037,17.856205,,3.0406613,2.498365,12.924,2.821,0.15314999,0.07772,0.17175,0.118310004,0.23807,0.21831,0.063,-0.696,,-0.696,39.448,1.923,1.323,1059000.0,542817024.0,104912376.0,247812992.0,1.106,0.017339999,0.96869004,30051501.0,29480823.0,0.040599998,139.39,162.2,92.98,264523.0,buy
BAH,,Booz Allen Hamilton Holding Cor,Booz Allen Hamilton Holding Corporation,Industrials,Consulting Services,United States,8101192704.0,11721192448.0,10.572998,10.011788,,6.7397175,0.73029774,9.34,1.057,0.68637,0.09193,0.09964,0.07013,0.2242,0.113129996,-0.042,-0.245,,-0.269,346.09,1.595,1.501,540000000.0,4160000000.0,860875008.0,1203000064.0,0.365,0.01211,1.00512,120284973.0,118732094.0,0.0683,67.35,109.1,59.5,1903444.0,hold
BANC,,"Banc of California, Inc.","Banc of California, Inc.",Financial Services,Banks - Regional,United States,2810510080.0,3660046080.0,,8.364018,,0.9652845,4.071834,,5.303,-0.0065499996,-0.00065,2.16263,-0.032420002,0.0,0.0,,,,,,,,2805081088.0,3156101120.0,,388176992.0,1.132,0.0087,1.02443,157950529.0,156643952.0,0.0837,17.74,21.93,15.33,2865455.0,buy
BANF,,BancFirst Corporation,BancFirst Corporation,Financial Services,Banks - Regional,United States,3631352320.0,-682529664.0,14.585695,13.612091,,1.8554825,5.0913253,,-0.957,0.13668,0.01729,0.50523,0.35307997,0.0,0.0,0.087,0.059,,0.07,,,,4423339008.0,109457000.0,,289131008.0,0.608,0.30989,0.57903,33598745.0,23279226.0,0.0416,108.08,128.95,101.48,133701.0,hold
BANR,,Banner Corporation,Banner Corporation,Financial Services,Banks - Regional,United States,2487087360.0,2428057600.0,11.20132,10.071217,,1.1538723,3.7034974,,3.616,0.10782,0.012619999,0.37702,0.31026,0.0,0.0,0.069,0.092,,0.075,,,,444284000.0,565446016.0,,294244992.0,0.816,0.01702,0.87914,36639472.0,33171310.0,0.0496,67.88,74.84,57.05,344979.0,buy
BBT,,Beacon Financial Corporation,Beacon Financial Corporation,Financial Services,Banks - Regional,United States,2375347968.0,2154020864.0,9.201299,8.528797,,0.9352518,3.127532,,2.836,0.084230006,0.00945,0.46051997,0.21039,0.0,0.0,1.445,2.11,,1.925,,,,1313906944.0,1092579968.0,,233092992.0,,0.01388,0.94308996,83816086.0,77364762.0,0.0552,28.34,32.83,22.81,898844.0,buy
BBWI,,"Bath & Body Works, Inc.","Bath & Body Works, Inc.",Consumer Cyclical,Specialty Retail,United States,3238423552.0,7190423552.0,4.215223,5.761807,0.6982,-3.0719202,0.44921952,5.464,0.997,,0.13415,0.095769994,0.108339995,0.43043,0.18255,-0.023,0.933,,0.844,,1.201,0.555,794000000.0,4744000000.0,764625024.0,1272999936.0,1.371,0.0053100004,1.06124,201645313.0,200747991.0,0.0805,16.06,27.4,14.28,6007455.0,none
BCC,,"Boise Cascade, L.L.C.",Boise Cascade Company,Basic Materials,Lumber & Wood Production,United States,2616502528.0,2860935424.0,25.33446,14.18028,,1.2930648,0.4051608,8.891,0.443,0.0506,0.02859,0.045840003,0.01637,0.16511999,0.049829997,0.052,-0.007,,-0.075,27.115,2.71,1.258,304817984.0,549251008.0,43333376.0,275795008.0,1.05,0.012159999,0.98783994,34891351.0,34439508.0,0.0678,74.99,91.97,65.0,360655.0,none
BC,,Brunswick Corporation,Brunswick Corporation,Consumer Cyclical,Recreational Vehicles,United States,4239695616.0,6241895936.0,,12.068282,0.7212,2.5273283,0.7530677,10.346,1.109,-0.048270002,0.033800002,0.06804,-0.01528,0.25947002,0.107159995,0.077,0.875,,0.852,136.481,1.447,0.556,288900000.0,2291099904.0,366062496.0,523000000.0,1.33,0.00908,1.07031,64797428.0,63885080.0,0.0001,65.43,90.25,58.56,726741.0,buy
BCO,,Brinks Company (The),The Brink's Company,Industrials,Security & Protection Services,United States,4192228864.0,7222004736.0,23.136364,9.832586,,13.508493,0.7648099,8.172,1.318,0.46236,0.04895,0.095019996,0.033,0.26431,0.16122,0.071,0.041,,0.016,1029.747,1.62,1.22,1658599936.0,4555599872.0,391237504.0,560899968.0,1.023,0.01074,1.1352401,41181028.0,40720896.0,0.2051,101.8,136.37,91.05,483922.0,strong_buy
BCPC,,Balchem Corporation,Balchem Corporation,Basic Materials,Specialty Chemicals,United States,5309602816.0,5413144064.0,32.27907,26.554642,3.2598,4.08676,4.889673,20.092,4.985,0.12793,0.08234999,0.20853001,0.15141,0.36294997,0.2481,0.112,0.188,,0.166,12.801,2.665,1.456,63174000.0,166715008.0,134847504.0,219619008.0,0.811,0.00492,0.93779,31878021.0,31686434.0,0.026700001,166.56,183.9,139.17,202525.0,none
BFAM,,Bright Horizons Family Solution,Bright Horizons Family Solutions Inc.,Consumer Cyclical,Personal Services,United States,3125304832.0,5015315968.0,20.4,10.897104,,3.3538623,1.0321658,10.545,1.656,0.14942999,0.06145,0.127,0.05781,0.25485,0.15707,0.065,-0.17,,-0.258,217.779,0.479,0.384,164776000.0,2054786944.0,240151376.0,333144000.0,1.149,0.010980001,1.22419,48635306.0,42329252.0,0.062,64.26,109.86,57.63,840163.0,buy
BDC,,Belden Inc,Belden Inc.,Technology,Communication Equipment,United States,4394733568.0,5390050304.0,17.571875,11.206866,,3.1658363,1.5340065,11.852,1.881,0.18643999,0.059609998,0.113579996,0.08522,0.37185,0.15875,0.116,0.137,,0.123,97.069,2.135,1.352,348655008.0,1343971968.0,99734624.0,375952000.0,1.09,0.0156,1.08772,39078191.0,38348210.0,0.16700001,112.46,159.99,98.0,460457.0,strong_buy
BFH,,"Bread Financial Holdings, Inc.","Bread Financial Holdings, Inc.",Financial Services,Credit Services,United States,3767009280.0,3369009152.0,7.606672,7.1826453,2.1634,1.1276467,1.4119226,,1.263,0.17424999,0.0257,0.28971002,0.21364,0.0,0.0,0.038,0.212,,0.05,,,,3683000064.0,3284999936.0,,2192999936.0,1.13,0.014889999,1.08086,38419268.0,37743857.0,0.0005,98.05,114.53,53.83,569858.0,buy
BFS,,"Saul Centers, Inc.","Saul Centers, Inc.",Real Estate,REIT - Retail,United States,1047426752.0,2700510720.0,30.775509,,,6.738159,3.4659708,14.965,8.936,0.09559,0.0356,0.41125,0.11536,0.70258003,0.59715,0.084,-0.267,,-0.183,341.757,0.624,0.624,8346000.0,1604742016.0,84502376.0,102878000.0,0.878,0.46828997,0.48738998,24717101.0,13738012.0,0.0007,30.16,38.42,29.16,112425.0,none
BHE,,"Benchmark Electronics, Inc.","Benchmark Electronics, Inc.",Technology,Electronic Components,United States,3139042816.0,3116025856.0,59.856163,26.4284,,2.8119571,1.1138195,21.067,1.106,0.047810003,0.03102,0.04147,0.018860001,0.10281,0.05248,0.177,19.366,,19.455,26.142,1.993,1.211,314836000.0,291819008.0,136417248.0,176987008.0,1.268,0.018070001,1.0502601,35919933.0,35169566.0,0.045300003,87.39,100.41,35.91,393620.0,strong_buy
BGC,,"BGC Group, Inc.","BGC Group, Inc.",Financial Services,Capital Markets,United States,5600995328.0,6887744512.0,29.449999,7.479365,,5.03634,1.7712741,,2.178,0.15882,0.035550002,0.09044,0.0629,0.91666,0.0,0.083,0.277,,0.26,156.959,1.509,1.509,881118016.0,1999508992.0,,504065984.0,0.956,0.0076099997,0.87195,366013569.0,339730339.0,0.0379,11.78,12.89,8.27,3098588.0,strong_buy
BHF,,"Brighthouse Financial, Inc.","Brighthouse Financial, Inc.",Financial Services,Insurance - Life,United States,2876728576.0,5870728192.0,3.9666932,2.4836147,,0.43916872,0.42075887,,0.859,0.13535,0.0033399998,0.77778,0.12154,0.35439998,0.0,0.867,15.206,,10.541,178.382,0.774,0.307,8871000064.0,11800000512.0,19879124992.0,-538000000.0,0.84,0.014199999,0.93144,57511563.0,56656366.0,0.1557,50.02,66.8,44.51,922390.0,hold
BILL,,"BILL Holdings, Inc.","BILL Holdings, Inc.",Technology,Software - Application,United States,3719773184.0,3679709184.0,,10.03176,0.4476,1.1374185,2.2500987,36.759,2.226,-0.00302,0.0010800001,0.09702,-0.0068,0.83938,0.060549997,0.138,,,,53.743,1.51,0.57,1937508992.0,1897444992.0,222836880.0,415832000.0,1.1,0.0423,1.18041,85276782.0,75463130.0,0.17559999,43.62,57.21,31.41,2185477.0,buy
BIO,,"Bio-Rad Laboratories, Inc.","Bio-Rad Laboratories, Inc.",Healthcare,Medical Devices,United States,9870130176.0,9622030336.0,43.2755,37.22419,,1.3758326,3.8118913,21.819,3.716,0.0311,0.01663,0.111829996,0.085889995,0.52041,0.17031999,-0.001,0.187,,0.169,19.103,3.142,2.153,1618499968.0,1370400000.0,283187488.0,492600000.0,1.07,0.16406,0.91566,21677137.0,21352572.0,0.062800005,369.14,396.23,236.73,279753.0,hold
BJ,,"BJ's Wholesale Club Holdings, I","BJ's Wholesale Club Holdings, Inc.",Consumer Defensive,Discount Stores,United States,11994843136.0,14738184192.0,20.643478,18.894579,2.0809,5.4643803,0.5258214,12.7,0.646,0.27673,0.07047,0.04053,0.02606,0.18244,0.050869998,0.157,0.193,,0.154,126.207,0.73,0.114,29982000.0,2773323008.0,246668752.0,1113538048.0,0.183,0.00648,1.11309,126314692.0,125625014.0,0.078099996,94.96,105.78,83.212,1766193.0,buy
BJRI,,"BJ's Restaurants, Inc.","BJ's Restaurants, Inc.",Consumer Cyclical,Restaurants,United States,1317484160.0,1737721216.0,31.277777,22.744051,1.6975,3.300469,0.91966987,13.464,1.213,0.104399994,0.0277,0.05006,0.028570002,0.15534,0.09009,0.064,-0.113,,-0.154,109.378,0.289,0.167,14427000.0,434664000.0,49461376.0,117651000.0,1.304,0.048410002,1.04827,21273765.0,20445152.0,0.1161,61.93,74.6,28.46,459577.0,buy
BKE,,"Buckle, Inc. (The)","The Buckle, Inc.",Consumer Cyclical,Apparel Retail,United States,2209883392.0,2305614336.0,9.83945,10.344528,,4.4414535,1.6634074,7.592,1.735,0.45764,0.16296,0.17448,0.16623,0.58932996,0.22858,0.046,-0.022,,-0.013,86.18,2.083,1.283,287180000.0,421380992.0,131653504.0,257764992.0,1.021,0.38281,0.63233,51512434.0,30838625.0,0.1254,42.9,58.67,39.44,473517.0,hold
BKU,,"BankUnited, Inc.","BankUnited, Inc.",Financial Services,Banks - Regional,United States,3090054912.0,4951862784.0,11.9175825,9.728639,,1.0439428,2.9573894,,4.739,0.09187999,0.00778,0.37060001,0.2619,0.0,0.0,0.042,0.067,,0.028,,,,430044992.0,2291853056.0,,371582016.0,1.167,0.00942,1.05349,71232249.0,70578337.0,0.066,43.38,52.11,35.1,881606.0,hold
BKH,,Black Hills Corporation,Black Hills Corporation,Utilities,Utilities - Regulated Gas,United States,5410923008.0,9913622528.0,17.651741,15.385949,2.5109,1.3722153,2.3532913,11.813,4.312,0.07958,0.0322,0.21422,0.13008,0.39716,0.36498,0.031,0.316,,0.389,111.686,0.523,0.265,71500000.0,4493899776.0,-77750000.0,628300032.0,0.694,0.00482,1.04394,76253141.0,75880263.0,0.189,70.96,78.69,59.77,857398.0,strong_buy
BL,,"BlackLine, Inc.","BlackLine, Inc.",Technology,Software - Application,United States,1593213696.0,1780486656.0,48.946426,9.920807,,5.0609307,2.1751902,27.617,2.431,0.070300005,0.01638,0.06446,0.047480002,0.75563,0.08802,0.092,1.016,,0.988,202.88,1.721,1.652,527760000.0,690739968.0,138621248.0,181767008.0,0.653,0.094610006,1.0704,58125270.0,43916548.0,0.1489,27.41,59.57,24.7,1000957.0,hold
BLFS,,"BioLife Solutions, Inc.","BioLife Solutions, Inc.",Healthcare,Medical Instruments & Supplies,United States,1824840192.0,1757542016.0,37.3,113.0303,,4.341753,17.104456,254.716,16.474,0.12829,0.00262,0.059580002,0.54346,0.63613,0.06467,0.215,,,,3.747,9.694,6.673,82416000.0,15738000.0,4664875.0,16877000.0,1.916,0.02606,1.05484,48923333.0,40123549.0,0.1242,37.3,39.76,17.86,1043930.0,none
BLKB,,"Blackbaud, Inc.","Blackbaud, Inc.",Technology,Software - Application,United States,1895490304.0,2989995008.0,13.049999,6.9949746,0.4537,27.93311,1.6509285,11.176,2.604,1.94448,0.054959998,0.21754,0.13124,0.59661996,0.23302001,0.03,0.436,,0.336,1727.037,0.828,0.126,35109000.0,1157633024.0,214087872.0,339734016.0,0.995,0.01946,1.10889,45390097.0,33893972.0,0.1258,41.76,70.71,25.58,541525.0,buy
BMI,,"Badger Meter, Inc.","Badger Meter, Inc.",Technology,Scientific & Technical Instruments,United States,3703649536.0,3631394560.0,30.063528,25.718288,3.0632,5.423635,4.20413,18.461,4.122,0.1848,0.10583,0.17724001,0.14269,0.4131,0.22329001,-0.066,-0.128,,-0.141,3.438,2.422,1.262,95733000.0,23478000.0,128289624.0,166688992.0,0.64,0.00624,1.18815,28986847.0,28801621.0,0.1926,127.77,204.0,112.09,407363.0,none
BMRN,,BioMarin Pharmaceutical Inc.,BioMarin Pharmaceutical Inc.,Healthcare,Biotechnology,United States,11068548096.0,14396742656.0,158.83333,8.637789,0.3642,1.750551,3.2491348,22.309,4.226,0.011820001,0.03257,0.21162,0.02142,0.50968,0.18943001,0.199,-0.813,,-0.814,66.473,2.387,1.163,874004992.0,4202200064.0,85157376.0,857089024.0,0.238,0.0034,1.03521,193573759.0,192627183.0,0.052199997,57.18,70.98,49.26,1956104.0,buy
BNL,,"Broadstone Net Lease, Inc.","Broadstone Net Lease, Inc.",Real Estate,REIT - Diversified,United States,3951361024.0,6341282304.0,24.103895,26.97792,,1.2356857,8.298198,15.636,13.317,0.04922,0.026630001,0.46188998,0.3061,0.9486,0.85170996,0.083,0.957,,0.974,89.326,2.017,2.003,34366000.0,2687011072.0,230601872.0,283017984.0,0.945,0.00984,0.94828004,204600604.0,189596012.0,0.1409,18.56,23.1,17.155,2041600.0,buy
BOOT,,"Boot Barn Holdings, Inc.","Boot Barn Holdings, Inc.",Consumer Cyclical,Apparel Retail,United States,3691116800.0,4357903872.0,15.427848,12.230967,,2.79599,1.5751742,11.22,1.86,0.19174999,0.08156,0.12776,0.103520006,0.37824002,0.16574,0.177,0.316,,0.313,59.323,2.53,0.39,139262000.0,806049024.0,12682000.0,314896000.0,1.703,0.00511,1.18522,30284844.0,30124637.0,0.1266,121.88,210.25,119.21,679571.0,strong_buy
BOH,,Bank of Hawaii Corporation,Bank of Hawaii Corporation,Financial Services,Banks - Regional,United States,2733123328.0,3261638400.0,12.782288,10.417168,,1.7853369,3.638532,,4.342,0.13017,0.00991,0.44022,0.31353,0.0,0.0,0.129,0.387,,0.339,,,,561854016.0,745369024.0,,254802000.0,0.687,0.01928,0.85917,39450396.0,38889806.0,0.0001,69.28,86.31,59.36,404741.0,hold
BOX,,"Box, Inc.","Box, Inc.",Technology,Software - Infrastructure,United States,4732054528.0,5340482560.0,50.72059,19.86042,0.6358,-13.4779215,3.8345106,40.514,4.328,0.70227,0.051810004,0.101619996,0.105900005,0.79550004,0.10682,0.092,0.8,,0.43,379.52,1.059,0.919,444136000.0,555142976.0,378295360.0,394463008.0,0.736,0.03229,1.04952,137200773.0,132382282.0,0.1531,34.49,36.34,21.34,2915607.0,none
BRC,,Brady Corporation,Brady Corporation,Industrials,Security & Protection Services,United States,3976115456.0,3872559360.0,19.579678,11.75052,,2.9289021,2.3929942,11.256,2.331,0.1611,0.10428,0.19734,0.12361,0.51748,0.20707001,0.1,-0.085,,-0.086,6.158,1.937,1.26,187148992.0,83593000.0,166669376.0,244127008.0,0.607,0.03661,0.88026,43360586.0,42191002.0,0.0238,84.78,99.29,70.57,213011.0,strong_buy
BRKR,,Bruker Corporation,Bruker Corporation,Healthcare,Medical Devices,United States,9635203072.0,11359902720.0,,26.431498,,4.0458064,2.7532299,20.994,3.246,-0.029979998,0.03137,0.09875,-0.020350002,0.48477,0.15461999,0.052,,,,76.164,1.847,0.798,184900000.0,1855200000.0,179937504.0,190400000.0,1.262,0.26968,0.95235,152359316.0,103686609.0,0.158,63.24,66.98,32.37,2206161.0,buy
BROS,,Dutch Bros Inc.,Dutch Bros Inc.,Consumer Cyclical,Restaurants,United States,6782579712.0,6449788416.0,53.70833,28.972801,1.3012,6.684529,3.6030464,20.025,3.426,0.14562,0.03788,0.12876001,0.04907,0.25097,0.1711,0.325,0.373,,0.46,123.827,1.35,1.103,269072000.0,1207328000.0,1719625.0,365696992.0,2.288,0.051810004,0.9565,137940798.0,130180249.0,0.3978,38.67,74.024,37.4,3900704.0,strong_buy
BRX,,Brixmor Property Group Inc.,Brixmor Property Group Inc.,Real Estate,REIT - Retail,United States,8405232640.0,13643934720.0,19.705036,28.07273,,2.7815578,5.988292,14.742,9.721,0.14413,0.03704,0.36018002,0.30822,0.7515,0.65936,0.043,-0.141,,-0.137,176.202,0.596,0.577,170888992.0,5378705920.0,603135104.0,685328000.0,0.952,0.0091699995,1.05622,306872316.0,303358628.0,0.0932,27.39,32.86,24.66,2639431.0,strong_buy
BSY,,"Bentley Systems, Incorporated","Bentley Systems, Incorporated",Technology,Software - Application,United States,9736454144.0,11119559680.0,36.21348,20.608997,1.2586,8.310985,6.0775385,23.774,6.941,0.24517,0.072,0.25,0.18100001,0.81845003,0.29195,0.128,0.148,,0.115,105.442,0.595,0.512,146980992.0,1267444992.0,397979616.0,522884992.0,0.982,0.45416,0.55237,290577762.0,155741677.0,0.086899996,32.23,57.25,28.077,2594214.0,buy
BTSG,,"BrightSpring Health Services, I","BrightSpring Health Services, Inc.",Healthcare,Health Information Services,United States,11921320960.0,14260785152.0,53.794643,26.445969,,6.0595393,0.82950556,22.751,0.992,0.13036,0.04883,0.03367,0.02547,0.12382,0.04362,0.23,1.966,,1.988,116.007,1.588,1.202,550380992.0,2387651072.0,1028438976.0,506353984.0,1.85,0.03125,1.08086,197864241.0,150653790.0,0.0798,60.25,73.75,27.11,3219333.0,strong_buy
BTU,,Peabody Energy Corporation,Peabody Energy Corporation,Energy,Thermal Coal,United States,3024338944.0,2972239104.0,,8.695104,,0.93095684,0.75403,10.722,0.741,-0.047709998,-0.015420001,-0.0947,-0.04555,0.103970006,0.06911,0.127,,,,12.884,2.009,1.061,526300000.0,424900000.0,-53975000.0,219200000.0,0.329,0.00993,1.0074401,121900000.0,112727025.0,0.13939999,24.81,41.14,20.06,2404296.0,buy
BURL,,"Burlington Stores, Inc.","Burlington Stores, Inc.",Consumer Cyclical,Apparel Retail,United States,17295536128.0,22497966080.0,24.760792,20.126045,,8.638118,1.4166831,16.534,1.843,0.41412997,0.06146,0.06718,0.0585,0.44084,0.11146,0.11,0.959,,0.957,294.974,1.172,0.376,703686016.0,5906117120.0,107377376.0,1415474048.0,1.422,0.00561,1.04943,62815195.0,62447098.0,0.0921,275.34,378.33,226.85,1206092.0,buy
BWA,,BorgWarner Inc.,BorgWarner Inc.,Consumer Cyclical,Auto Parts,United States,12325888000.0,14119887872.0,29.812809,10.187283,0.326,2.192833,0.8593062,6.935,0.984,0.08056,0.06331,0.106359996,0.02893,0.19325,0.14194,0.003,0.301,,0.237,70.11,2.127,1.662,2448000000.0,4064999936.0,1066249984.0,1724999936.0,1.103,0.00614,1.09129,203666354.0,201633764.0,0.0359,60.52,78.82,40.5,2228430.0,buy
BYD,,Boyd Gaming Corporation,Boyd Gaming Corporation,Consumer Cyclical,Resorts & Casinos,United States,4886076928.0,7817570816.0,2.930283,8.660277,,1.9663743,1.1922591,6.663,1.908,0.93084997,0.07824,0.20891,0.44341,0.59126,0.2863,0.0,-0.049,,-0.134,130.47,0.774,0.646,323612992.0,3258284032.0,283961504.0,626070016.0,1.068,0.31971002,0.76074,72655414.0,47920605.0,0.0964,67.25,91.41,65.0,969085.0,buy
BWXT,,"BWX Technologies, Inc.","BWX Technologies, Inc.",Industrials,Aerospace & Defense,United States,12356141056.0,13767533568.0,34.937824,25.74465,,9.259183,3.5162911,28.894,3.918,0.28289,0.05534,0.10393,0.10108,0.22082001,0.1356,0.18,0.141,,0.136,151.4,2.397,2.257,608203008.0,2019896960.0,145624256.0,519158016.0,0.743,0.0035499998,0.94333,91621980.0,91233503.0,0.0442,134.86,241.82,131.8601,1035604.0,buy
BXMT,,"Blackstone Mortgage Trust, Inc.","Blackstone Mortgage Trust, Inc.",Real Estate,REIT - Mortgage,United States,1837124992.0,17204570112.0,136.25,7.334486,,0.5699644,4.563299,,42.735,0.00448,0.00077,-3.69142,0.03835,1.0,0.0,-0.731,,,,484.696,98.576,98.554,480740992.0,15823321088.0,,353064000.0,0.943,0.01316,0.68137,168543591.0,159290944.0,0.0883,10.9,20.67,10.88,2323900.0,buy
CACC,,Credit Acceptance Corporation,Credit Acceptance Corporation,Financial Services,Credit Services,United States,5475756032.0,11760556032.0,11.300343,9.625034,,3.4447403,4.201133,,9.023,0.31932,0.05787,0.52556,0.38507,0.94652003,0.0,0.095,0.706,,0.555,395.632,4.833,4.552,1400000.0,6286199808.0,,1224999936.0,1.349,0.36721,0.76486,10380580.0,5123439.0,0.2868,527.5,668.86,401.9,125776.0,none
CAKE,,The Cheesecake Factory Incorpor,The Cheesecake Factory Incorporated,Consumer Cyclical,Restaurants,United States,5456253440.0,7342099456.0,29.24,21.944485,1.8822,10.516977,1.4072483,20.685,1.894,0.38834,0.047,0.07767,0.04607,0.40701,0.09155,0.077,0.237,,0.248,400.999,0.587,0.434,195170000.0,2081016064.0,166743120.0,354448000.0,1.009,0.07455,1.03724,49760634.0,45863879.0,0.3796,109.65,118.46,43.07,1647449.0,hold
CAG,,"ConAgra Brands, Inc.","Conagra Brands, Inc.",Consumer Defensive,Packaged Foods,United States,6378217984.0,13766717440.0,,8.763586,,1.0056454,0.56720984,7.945,1.224,-0.24886999,0.04291,0.11590999,-0.16952999,0.23836,0.15409,-0.014,0.059,,0.06,121.159,1.096,0.342,371600000.0,7760099840.0,466375008.0,1277299968.0,-0.033,0.00654,0.91087997,477411517.0,473921639.0,0.1084,13.36,20.32,12.53,12962552.0,hold
CACI,,"CACI International, Inc.",CACI International Inc,Technology,Information Technology Services,United States,13592134656.0,18783647744.0,25.44642,16.342155,,3.0456421,1.4206154,15.798,1.963,0.12824,0.057600003,0.100509994,0.055999998,0.33203998,0.12427,0.176,-0.012,,-0.007,120.656,1.484,1.246,192986000.0,5384532992.0,610367104.0,886710016.0,0.571,0.01018,1.04704,22099597.0,21864400.0,0.0561,615.04,683.5,434.7,276063.0,buy
CALM,,"Cal-Maine Foods, Inc.","Cal-Maine Foods, Inc.",Consumer Defensive,Farm Products,United States,3114196480.0,2356815616.0,52.496063,65.68473,,1.1897284,1.2315712,15.869,0.932,0.02378,0.00409,-0.15057,0.02322,0.14282,0.058730002,-0.415,,,,,7.701,5.509,767592000.0,0.0,-175946752.0,99759000.0,0.209,0.09925,0.98024005,46710613.0,41849907.0,0.1286,66.67,95.57,63.5,1020068.0,hold
CALX,,"Calix, Inc","Calix, Inc.",Technology,Software - Infrastructure,United States,2191776512.0,2011454464.0,45.802635,15.119926,,3.086814,1.9724429,25.42,1.81,0.06905,0.04081,0.074489996,0.04607,0.56581,0.07121,0.213,,,,1.969,2.83,1.573,194302000.0,13980000.0,61477124.0,109506000.0,1.245,0.097049996,0.97940004,62963989.0,56967299.0,0.1242,34.81,71.22,32.35,1115634.0,none
CALY,,Callaway Golf Company,Callaway Golf Company,Consumer Cyclical,Leisure,United States,2579476992.0,2574777088.0,33.60465,16.304838,,1.1967864,1.2111359,10.496,1.209,0.03466,0.02409,0.17282,-0.12367,0.44305,0.11517999,0.02,2.621,,2.704,12.643,3.043,1.566,278100000.0,273400000.0,94225000.0,372800000.0,0.933,0.13317999,0.89309996,178510521.0,154706143.0,0.048299998,14.45,20.28,8.39,1942180.0,buy
CAR,,"Avis Budget Group, Inc.","Avis Budget Group, Inc.",Industrials,Rental & Leasing Services,United States,3928930304.0,32656930816.0,,18.395908,,-1.1588193,0.3354906,21.22,2.789,,0.02701,0.1491,-0.05431,0.27385,0.13141,-0.013,8.8,,7.75,,0.848,0.672,558000000.0,29124999168.0,1093124992.0,2905999872.0,1.902,0.01424,1.1801,35325754.0,14852360.0,0.48419997,111.22,847.7,85.96,424798.0,none
CARG,,"CarGurus, Inc.","CarGurus, Inc.",Communication Services,Internet Content & Information,United States,2673985792.0,2736991744.0,15.316326,9.895279,0.6569,11.379833,2.7644582,10.031,2.83,0.53470004,0.2502,0.25275,0.18189,0.92375,0.2821,0.131,1.41,,1.202,70.035,1.85,1.515,122136000.0,185142000.0,241320752.0,318721984.0,1.159,0.03004,1.08932,75309865.0,72972556.0,0.17040001,30.02,41.22,26.39,1082449.0,buy
CART,,Maplebear Inc.,Maplebear Inc.,Consumer Cyclical,Internet Retail,United States,10502003712.0,9627878400.0,24.048912,9.036163,1.7351,4.4409876,2.6301036,15.405,2.411,0.16001,0.09364,0.14094,0.120459996,0.72577006,0.15652001,0.141,0.081,,-0.043,1.348,2.279,1.969,850000000.0,34000000.0,917875008.0,1232000000.0,0.799,0.11013,0.79167,237333400.0,163545537.0,0.1058,44.25,52.68,32.73,4076266.0,buy
CASH,,"Pathward Financial, Inc.","Pathward Financial, Inc.",Financial Services,Banks - Regional,United States,1536397824.0,1611003904.0,9.221945,7.7068396,,1.8273911,2.0429926,,2.142,0.21176,0.024300002,0.20522,0.23382999,0.0,0.0,-0.135,-0.247,,-0.313,,,,149412000.0,223772992.0,,696867008.0,0.604,0.01518,1.03372,20773362.0,20471733.0,0.1594,73.96,101.26,65.87,213655.0,none
CATY,,Cathay General Bancorp,Cathay General Bancorp,Financial Services,Banks - Regional,United States,4058868736.0,2887853824.0,11.906066,10.242424,,1.334474,5.1041985,,3.632,0.117060006,0.014359999,0.62619996,0.4367,0.0,0.0,0.138,0.245,,0.191,,,,1343015936.0,172000992.0,,541184000.0,0.842,0.04638,0.79119,66713820.0,63397476.0,0.0674,60.84,65.26,44.57,468606.0,hold
CAVA,,"CAVA Group, Inc.","CAVA Group, Inc.",Consumer Cyclical,Restaurants,United States,6355425280.0,6440568320.0,97.16071,73.04826,4.5848,7.554846,4.6257305,40.095,4.688,0.083229996,0.035,0.0762,0.04822,0.37733,0.11691,0.313,0.198,,0.253,61.899,2.483,2.361,435599008.0,520742016.0,-721500.0,220464992.0,1.741,0.057439998,0.9,116806198.0,107912574.0,0.13350001,54.41,98.79,43.41,3500655.0,buy
CBRL,,Cracker Barrel Old Country Stor,"Cracker Barrel Old Country Store, Inc.",Consumer Cyclical,Restaurants,United States,1246371456.0,2245893376.0,36.92715,26.2505,,2.6062162,0.37555856,18.487,0.677,0.0674,-0.00048000002,0.023670001,0.00954,0.31794,0.03661,-0.022,0.851,,0.807,216.655,0.579,0.157,36535000.0,1036057024.0,43626876.0,206204000.0,1.182,0.01509,1.0644699,22352430.0,20476167.0,0.42130002,55.76,60.26,24.85,943887.0,hold
CBSH,,"Commerce Bancshares, Inc.","Commerce Bancshares, Inc.",Financial Services,Banks - Regional,United States,7928930304.0,6264392704.0,13.450121,12.108044,,1.828647,4.2987394,,3.396,0.14694001,0.01749,0.45125,0.3164,0.0,0.0,0.142,0.012,,0.048,,,,4159651072.0,2470985984.0,,1261995008.0,0.578,0.02496,0.78158,143432178.0,131446985.0,0.0456,55.28,60.92,46.99,1043857.0,hold
CBT,,Cabot Corporation,Cabot Corporation,Basic Materials,Specialty Chemicals,United States,3973005824.0,5142005760.0,21.55462,11.013468,,2.4753907,1.0932872,6.986,1.415,0.13345,0.088970006,0.14257,0.05228,0.24215999,0.20253,0.064,-0.937,,-0.941,74.394,1.467,0.864,250000000.0,1290000000.0,258250000.0,497000000.0,0.827,0.01344,1.06281,51631007.0,50864803.0,0.1232,76.95,94.53,58.33,424171.0,none
CBU,,"Community Financial System, Inc","Community Financial System, Inc.",Financial Services,Banks - Regional,United States,3193259264.0,3717468160.0,13.919724,11.701149,,1.5400816,3.8098536,,4.435,0.1153,0.013250001,0.39207,0.2721,0.0,0.0,0.12,0.198,,0.195,,,,247942000.0,772150976.0,,308271008.0,0.785,0.0075499997,0.79803,52615905.0,52122368.0,0.0541,60.69,71.11,53.46,254942.0,hold
CC,,Chemours Company (The),The Chemours Company,Basic Materials,Specialty Chemicals,United States,2063341184.0,5514341376.0,,7.110738,,-42.055214,0.35593256,11.37,0.951,-3.19372,0.01418,0.01131,-0.05244,0.15405,0.08366,-0.015,,,,,1.663,0.844,671000000.0,4120999936.0,303124992.0,397000000.0,1.416,0.0037200002,0.9157,150498995.0,149562891.0,0.14649999,13.71,28.67,10.44,2300355.0,buy
CCK,,"Crown Holdings, Inc.","Crown Holdings, Inc.",Consumer Cyclical,Packaging & Containers,United States,11534052352.0,17516361728.0,15.258994,11.722779,,3.9768255,0.87010056,8.282,1.321,0.27367002,0.070989996,0.12595001,0.05914,0.20957,0.15955,0.165,0.429,,0.354,186.334,1.049,0.591,656000000.0,6272000000.0,853875008.0,1726000000.0,0.574,0.00858,1.01882,108760511.0,106377224.0,0.0269,106.05,122.91,89.21,982268.0,buy
CCOI,,"Cogent Communications Holdings,","Cogent Communications Holdings, Inc.",Communication Services,Telecom Services,United States,433285120.0,2857613824.0,,-3.274843,,-11.882022,0.49247354,17.546,3.248,-7.2150297,-0.01235,-0.0669,-0.051409997,0.50345004,0.18511,-0.042,,,,,0.632,0.37,183703008.0,2635860992.0,-132067000.0,15137000.0,0.749,0.041160002,0.96142995,51215736.0,42011654.0,0.1858,8.46,45.69,7.13,1782850.0,buy
CCS,,"Century Communities, Inc.","Century Communities, Inc.",Real Estate,Real Estate - Development,United States,1702277632.0,3305080832.0,13.216334,13.043572,,0.66345304,0.4330659,14.612,0.841,0.052210003,0.02744,0.05158,0.03407,0.17865999,0.057540003,-0.073,0.105,,0.037,66.068,4.76,0.179,92334000.0,1695137024.0,78148624.0,68267000.0,1.291,0.14056,0.95443,28432900.0,24430685.0,0.0926,59.87,76.0,47.275,262995.0,none
CDE,,"Coeur Mining, Inc.","Coeur Mining, Inc.",Basic Materials,Gold,United States,18153330688.0,17814214656.0,14.840335,8.895336,,1.7448868,5.7244396,10.933,5.618,0.12848,0.07143,0.19387,0.26817,0.56329,0.51383,1.259,0.076,,0.723,6.851,3.654,2.317,1052273984.0,713155968.0,796743616.0,1466360960.0,1.389,0.00556,0.82531,1027934998.0,1017254753.0,0.050100002,17.66,27.77,13.55,34318677.0,buy
CDP,,COPT Defense Properties,COPT Defense Properties,Real Estate,REIT - Office,United States,3888898304.0,6478812160.0,23.312498,22.99315,,2.4796867,4.9347806,15.757,8.221,0.10825,0.0343,0.32167,0.20839001,0.58258,0.52175,0.039,0.192,,0.211,164.15,2.594,2.093,24174000.0,2635991040.0,257286368.0,337439008.0,0.779,0.0024899999,1.17373,113410458.0,112071641.0,0.0892,33.57,38.9,27.06,873682.0,buy
CE,,Celanese Corporation,Celanese Corporation,Basic Materials,Chemicals,United States,4849804800.0,16303805440.0,,7.188452,,1.1638441,0.4993621,9.722,1.679,-0.2225,0.02565,0.11047,-0.12037,0.21375999,0.17267,0.087,-0.371,,-0.365,270.205,1.447,0.807,1364000000.0,12396999680.0,949875008.0,984000000.0,0.755,0.00365,1.11976,109748926.0,99803478.0,0.101,44.19,70.7,35.13,1828804.0,buy
CENT,,Central Garden & Pet Company,Central Garden & Pet Company,Consumer Defensive,Packaged Foods,United States,2491811584.0,2904925440.0,14.744445,13.027089,,1.4263195,0.8079634,8.582,0.942,0.099709995,0.043080002,0.14262,0.05393,0.32571998,0.10975,-0.082,-0.046,,-0.054,80.634,3.787,2.585,996710016.0,1408593024.0,342347872.0,390320992.0,0.543,0.15913999,0.97963995,9650221.0,57529483.0,0.069699995,39.81,46.97,28.77,98319.0,none
CELH,,"Celsius Holdings, Inc.","Celsius Holdings, Inc.",Consumer Defensive,Beverages - Non-Alcoholic,United States,6768687104.0,8572278272.0,121.59091,15.452869,0.2665,5.649419,2.221227,12.762,2.813,0.05113,0.088520005,0.19087,0.04237,0.48759997,0.22042999,0.106,-0.569,,-0.446,22.802,1.798,1.309,631233984.0,674849984.0,349633984.0,508628992.0,0.922,0.28897,0.7506,253035047.0,216248812.0,0.1233,26.75,66.74,23.56,9284322.0,buy
CENTA,,Central Garden & Pet Company,Central Garden & Pet Company,Consumer Defensive,Packaged Foods,United States,2145674240.0,2558788352.0,12.510948,11.217498,,1.2281896,0.69572926,7.559,0.83,0.099709995,0.043080002,0.14262,0.05393,0.32571998,0.10975,-0.082,-0.046,,-0.054,80.634,3.787,2.585,996710016.0,1408593024.0,342347872.0,390320992.0,0.543,0.035550002,0.96866,51340003.0,57529483.0,0.0421,34.28,40.8,25.97,299419.0,none
CENX,,Century Aluminum Company,Century Aluminum Company,Basic Materials,Aluminum,United States,3526141184.0,3794141184.0,6.151986,2.9984756,,2.513052,1.3220385,7.921,1.423,0.51749,0.10232,0.28135002,0.22559,0.18889,0.17959,0.197,,,,31.281,2.751,1.442,343400000.0,480000000.0,-46287500.0,340800000.0,1.99,0.30885,0.78419995,98993295.0,68610273.0,0.1412,35.62,70.43,25.4,1891193.0,strong_buy
CERT,,"Certara, Inc.","Certara, Inc.",Healthcare,Health Information Services,United States,1427762944.0,1544840960.0,,23.958227,,1.4768065,3.3853624,16.391,3.663,-0.022090001,0.00765,-0.0021,-0.16219,0.61608005,0.22348,0.01,,,,31.241,2.551,2.441,184867008.0,301944992.0,62582376.0,82863000.0,1.408,0.027290002,1.12878,152538780.0,111952787.0,0.2959,9.36,13.88,4.45,3158182.0,buy
CFFN,,"Capitol Federal Financial, Inc.","Capitol Federal Financial, Inc.",Financial Services,Banks - Regional,United States,1058509824.0,2553950976.0,12.999999,11.070968,,1.0349818,4.6902714,,11.317,0.080129996,0.00856,0.50087,0.36703998,0.0,0.0,0.183,0.356,,0.282,,,,137948992.0,1636246016.0,,77846000.0,0.66,0.081520006,0.83332,123369446.0,106164593.0,0.0802,8.58,9.26,5.97,878084.0,none
CFR,,"Cullen/Frost Bankers, Inc.","Cullen/Frost Bankers, Inc.",Financial Services,Banks - Regional,United States,9635547136.0,8697267200.0,14.516853,13.051581,3.2624,2.1521375,4.255106,,3.841,0.15498,0.012990001,0.37236,0.30192,0.0,0.0,0.061,0.128,,0.096,,,,6623506944.0,5539774976.0,,719584000.0,0.513,0.06143,0.96056,62148785.0,61340851.0,0.0002,155.04,170.8,119.0,551226.0,hold
CG,,The Carlyle Group Inc.,The Carlyle Group Inc.,Financial Services,Asset Management,United States,14189171712.0,28372971520.0,41.479168,7.8067102,0.6522,2.6843739,5.073541,,10.145,0.077659994,0.02031,0.26855,0.13012,0.98319,0.0,-0.329,-0.575,,-0.571,197.617,1.808,1.673,2040600064.0,14253700096.0,,-3997499904.0,1.827,0.26417,0.65014,356332798.0,258604965.0,0.0727,39.82,67.3,38.72,3478339.0,buy
CGNX,,Cognex Corporation,Cognex Corporation,Technology,Scientific & Technical Instruments,United States,10929503232.0,10597610496.0,61.292458,32.180096,,6.706927,10.03692,39.631,9.732,0.111490004,0.07126,0.29361,0.16051,0.68865997,0.24556999,0.169,0.792,,0.796,4.448,3.934,2.955,404369984.0,72477000.0,195671376.0,276632992.0,1.49,0.0036199999,1.08768,168223842.0,167470199.0,0.0478,64.97,72.88,34.6,1899974.0,buy
CHCO,,City Holding Company,City Holding Company,Financial Services,Banks - Regional,United States,2006906752.0,2265552640.0,15.642936,14.78468,,2.4808922,6.2615457,,7.069,0.16755,0.019709999,0.5191,0.41118,0.0,0.0,0.009,0.028,,-0.003,,,,302464000.0,562086976.0,,142370000.0,0.469,0.03691,0.74071,14052000.0,13800774.0,0.0999,142.82,148.99,113.21,124171.0,hold
CHDN,,"Churchill Downs, Incorporated",Churchill Downs Incorporated,Consumer Cyclical,Gambling,United States,5300703232.0,10011703296.0,12.696161,10.270116,,3.9698286,1.7716846,10.106,3.346,0.33848,0.06481,0.36530998,0.13804,0.34179002,0.33113,0.049,0.144,,0.111,349.173,0.356,0.239,196000000.0,4856999936.0,138712496.0,794800000.0,0.667,0.059070002,0.89457,69700243.0,65781695.0,0.0672,76.05,118.35,73.98,1032400.0,strong_buy
CHE,,Chemed Corp,Chemed Corporation,Healthcare,Medical Care Facilities,United States,6633005056.0,6859733504.0,25.311722,18.442568,1.8169,7.953174,2.5560703,16.453,2.643,0.27106002,0.1345,0.1325,0.10597,0.33113998,0.16066,0.088,0.437,,0.29,35.495,0.911,0.716,40222000.0,294792992.0,307859488.0,389953984.0,0.506,0.01933,1.06436,13069961.0,11850117.0,0.0589,507.5,557.0,365.21,160706.0,buy
CHEF,,"The Chefs' Warehouse, Inc.","The Chefs' Warehouse, Inc.",Consumer Defensive,Food Distribution,United States,4749479936.0,5560622080.0,55.438095,38.06329,,7.3247766,1.0815151,21.347,1.266,0.15252,0.05866,0.05017,0.02094,0.24457,0.059320003,0.129,0.555,,0.59,146.029,2.148,1.231,135466000.0,946608000.0,107143504.0,161800992.0,1.38,0.101289995,1.00452,40796083.0,36950644.0,0.15020001,116.42,118.5099,53.24,657801.0,strong_buy
CHH,,"Choice Hotels International, In","Choice Hotels International, Inc.",Consumer Cyclical,Lodging,United States,4663287808.0,6637073920.0,14.497878,13.527692,1.7613,32.283466,4.634701,13.998,6.596,5.66362,0.09158,0.37729,0.32631,0.90328,0.47125,0.071,-0.194,,-0.213,1481.726,0.926,0.712,42826000.0,2106688000.0,212277504.0,221739008.0,0.668,0.39108002,0.77304,45495493.0,34740350.0,0.2951,102.5,123.82,84.04,553623.0,hold
CHWY,,"Chewy, Inc.","Chewy, Inc.",Consumer Cyclical,Internet Retail,United States,7303018496.0,7852018176.0,27.119402,9.718968,0.3774,19.685808,0.5588175,18.159,0.601,0.71988,0.06079,0.024619998,0.02094,0.29846,0.03309,0.073,0.415,,0.298,313.414,0.838,0.383,612200000.0,1161200000.0,449075008.0,717200000.0,1.424,0.026800001,1.0171499,225449020.0,46864717.0,0.1026,18.17,39.7,17.4,8391488.0,buy
CHRD,,Chord Energy Corporation,Chord Energy Corporation,Energy,Oil & Gas E&P,United States,7494155264.0,8385387520.0,9.244939,8.59717,,0.90490586,1.2576243,3.146,1.407,0.10312,0.0537,0.34717,0.14236,0.4811,0.44724998,0.841,,,,17.982,1.221,1.105,611568000.0,1502800000.0,961228032.0,2587575040.0,0.385,0.00593,1.03009,54697872.0,54182618.0,0.0825,137.01,157.06,84.25,744076.0,strong_buy
CLF,,Cleveland-Cliffs Inc.,Cleveland-Cliffs Inc.,Basic Materials,Steel,United States,6458512896.0,14325513216.0,,15.504725,,1.1525148,0.3364685,27.817,0.746,-0.13862,-0.01706,0.0034400001,-0.045640003,-0.01052,0.02683,0.059,,,,132.743,1.89,0.586,70000000.0,7722999808.0,6125000.0,-251000000.0,2.11,0.00857,0.84446,570540047.0,564446679.0,0.1421,11.32,16.7,7.73,18606128.0,hold
CLH,,"Clean Harbors, Inc.","Clean Harbors, Inc.",Industrials,Waste Management,United States,16813266944.0,19545653248.0,38.56053,31.843931,,5.741816,2.6928911,16.332,3.131,0.15562001,0.06066,0.15498,0.07032,0.32257,0.19167,0.119,0.364,,0.343,110.951,2.131,1.707,516718016.0,3249103872.0,383758016.0,902550016.0,0.852,0.04918,0.965,52787248.0,50031754.0,0.0225,318.51,335.94,201.34,432244.0,buy
CLSK,,"CleanSpark, Inc.","CleanSpark, Inc.",Financial Services,Capital Markets,United States,3271849472.0,4856144384.0,,-7.0289655,,4.296796,4.8168845,-5.742,7.149,-0.68622,-0.27724,-1.65191,-1.46901,0.46993,-1.2451301,-0.305,,,,234.725,5.912,1.339,202627008.0,1786919936.0,48898124.0,-528705984.0,3.851,0.03988,1.00699,256817073.0,246659958.0,0.42810002,12.74,23.61,8.0,20325503.0,strong_buy
CMC,,Commercial Metals Company,Commercial Metals Company,Industrials,Metal Fabrication,United States,,10098876416.0,12.018904,8.703128,,1.5530045,,8.384,1.141,0.13791999,0.06323,0.09476,0.06724,0.18565,0.1361,0.229,1.123,,1.081,79.981,2.326,1.311,559758976.0,3624866048.0,134061248.0,918227968.0,1.52,0.00649,0.95719004,,109845540.0,0.0739,63.58,84.87,53.08,1112904.0,buy
CNH,,CNH Industrial N.V.,CNH Industrial N.V.,Industrials,Farm & Heavy Construction Machinery,United Kingdom,21661898752.0,41667170304.0,53.88,19.659643,0.3753,2.1496968,1.191196,39.532,2.291,0.03914,0.0086900005,0.05538,0.0171,0.17762,0.05796,0.02,-0.353,,-0.352,335.044,4.883,3.949,1412999936.0,26311000064.0,563124992.0,1784000000.0,1.239,0.29947,0.78046,1237725958.0,1233307276.0,0.060300004,13.47,14.46,9.0,17567041.0,buy
CNK,,Cinemark Holdings Inc Cinemark ,"Cinemark Holdings, Inc.",Communication Services,Entertainment,United States,4178622208.0,6604762624.0,20.25281,13.719013,,8.342976,1.2424173,10.035,1.964,0.45816,0.05967,0.21705,0.0644,0.49416,0.19569999,0.155,0.886,,0.491,587.527,0.845,0.755,507600000.0,2967600128.0,227587504.0,579000000.0,0.978,0.11113,1.08023,115911855.0,102333299.0,0.10569999,36.05,39.07,21.6,2442139.0,buy
CNMD,,CONMED Corporation,CONMED Corporation,Healthcare,Medical Devices,United States,1387341824.0,2184262912.0,24.770054,9.687236,,1.333794,1.0114342,9.603,1.592,0.05527,0.0414,0.14642,0.04119,0.55576,0.16583,0.003,0.112,,0.077,80.109,1.484,0.608,37328000.0,834249024.0,131359624.0,150588000.0,0.907,0.0043200003,1.1656,29951248.0,29655330.0,0.0848,46.32,53.66,31.44,503033.0,none
CNM,,"Core & Main, Inc.","Core & Main, Inc.",Industrials,Industrial Distribution,United States,7626738688.0,10126368768.0,17.01646,11.807943,1.4637,3.7549944,0.9907429,10.83,1.315,0.23561001,0.07126,0.10583,0.05963,0.27046,0.12146,0.025,0.092,,0.075,130.656,2.468,1.471,312000000.0,2748999936.0,477000000.0,683000000.0,0.911,0.00491,1.13366,184443500.0,183781958.0,0.0553,41.35,59.66,40.03,2223042.0,buy
CNO,,"CNO Financial Group, Inc.","CNO Financial Group, Inc.",Financial Services,Insurance - Life,United States,4983200768.0,7987401216.0,18.319727,10.712013,,1.9264611,1.0724401,8.069,1.719,0.10934,0.01091,0.16729,0.060170002,0.38706002,0.21304001,0.116,0.462,,0.371,175.664,2.27,0.613,1548300032.0,4552500224.0,996099968.0,698899968.0,0.812,0.02402,0.98037004,92521371.0,90038097.0,0.0001,53.86,57.59,38.22,863888.0,none
CNR,,"Core Natural Resources, Inc.","Core Natural Resources, Inc.",Energy,Thermal Coal,United States,4415641088.0,4389269504.0,44.703518,13.387509,,1.1924773,1.0340353,7.961,1.028,0.02675,-0.00932,0.02162,0.02345,0.16860001,0.1291,0.035,,,,12.037,1.825,1.214,474020992.0,447648992.0,274115744.0,565075968.0,0.168,0.02537,0.95485,49636257.0,48472783.0,0.066599995,88.96,114.8,74.75,523814.0,none
CNS,,Cohen & Steers Inc,"Cohen & Steers, Inc.",Financial Services,Asset Management,United States,3753771776.0,3711545856.0,22.461538,18.34171,1.6881,6.368315,6.4288807,18.282,6.357,0.27329,0.14536001,0.34554002,0.28824,0.47300997,0.3477,0.122,0.319,,0.339,19.326,6.638,6.6,282608992.0,134390000.0,156940496.0,72166000.0,1.196,0.45824,0.57699,51421533.0,27688953.0,0.0544,73.0,86.56,58.39,273522.0,none
CNX,,CNX Resources Corporation,CNX Resources Corporation,Energy,Oil & Gas E&P,United States,4660224512.0,7034170368.0,5.1136365,8.262577,,0.96920097,2.1777248,3.845,3.287,0.21249,0.08719,0.62878,0.44368,0.73616,0.85495,-0.181,-0.477,,-0.531,49.137,0.716,0.298,6162000.0,2380108032.0,437116736.0,1087842048.0,0.608,0.04316,0.93313,147943637.0,143773106.0,0.1451,31.5,43.62,30.78,1703180.0,hold
CNXC,,Concentrix Corporation,Concentrix Corporation,Technology,Information Technology Services,United States,1518214656.0,5648895488.0,,2.1368217,0.3835,0.8583735,0.15228643,4.951,0.567,-0.78216004,0.02854,0.056929998,-0.23979999,0.34082,0.11444,-0.012,,,,247.372,1.231,0.934,244692000.0,4375372800.0,,,0.457,0.17518,1.15181,60948000.0,47056732.0,0.16549999,24.91,49.37,19.12,1608806.0,buy
CNXN,,"PC Connection, Inc.","PC Connection, Inc.",Technology,Electronics & Computer Distribution,United States,2331495680.0,1998351616.0,24.439154,20.689808,1.9499,2.4473467,0.7803206,14.856,0.669,0.104320005,0.05712,0.05037,0.03208,0.18892,0.04502,0.124,0.351,,0.338,0.792,2.88,2.376,340689984.0,7546000.0,11910875.0,42025000.0,0.857,0.56986,0.42396,25238099.0,10965449.0,0.0499,92.38,93.8884,54.97,145819.0,none
COCO,,"The Vita Coco Company, Inc.","The Vita Coco Company, Inc.",Consumer Defensive,Beverages - Non-Alcoholic,United States,3238656768.0,2947936768.0,31.62147,23.918804,,8.012885,4.587216,21.58,4.175,0.31370002,0.16974,0.29209998,0.15503,0.41127998,0.19349001,0.281,1.158,,1.159,3.508,3.356,2.578,278640000.0,14062000.0,104597248.0,131693000.0,0.744,0.08605,0.95522004,57864153.0,51889832.0,0.12550001,55.97,85.83,38.07,1186057.0,buy
COHU,,"Cohu, Inc.","Cohu, Inc.",Technology,Semiconductor Equipment & Materials,United States,3478428160.0,3311506176.0,,39.799595,,4.490894,6.656005,262.36,6.337,-0.04836,-0.01783,0.00621,-0.07427,0.43951,0.024149999,0.384,,,,42.764,5.742,4.521,498167008.0,331244992.0,66293124.0,46581000.0,1.586,0.02634,1.1655201,47338433.0,46194263.0,0.22,73.48,74.6901,18.67,1037126.0,strong_buy
COKE,,"Coca-Cola Consolidated, Inc.","Coca-Cola Consolidated, Inc.",Consumer Defensive,Beverages - Non-Alcoholic,United States,12783006720.0,15234412544.0,25.503319,4.9316897,,-25.561028,1.6619337,12.501,1.981,0.97331,0.12462,0.1322,0.0715,0.39111,0.15844,0.106,0.107,,-0.152,,1.211,0.833,171687008.0,2623092992.0,443481760.0,946329984.0,0.547,2.0000001e-05,0.74862,56517334.0,56465159.0,0.0686,192.04,219.65,118.02,520873.0,none
COLB,,"Columbia Banking System, Inc.","Columbia Banking System, Inc.",Financial Services,Banks - Regional,United States,8181533696.0,11407534080.0,11.296875,8.787202,,1.0830244,3.2660813,,4.554,0.11028,0.01212,0.50923,0.28383,0.0,0.0,0.351,0.002,,0.368,,,,1838000000.0,5064000000.0,,1306000000.0,0.65,0.00751,0.97084,282902268.0,280288251.0,0.0375,28.92,33.68,23.83,2886787.0,buy
COLL,,"Collegium Pharmaceutical, Inc.","Collegium Pharmaceutical, Inc.",Healthcare,Drug Manufacturers - Specialty & Generic,United States,682602240.0,1805289600.0,17.203125,3.2947845,,2.294228,0.8445873,4.455,2.234,0.17612,0.057550002,0.05652,0.05929,0.89449,0.50141996,0.063,,,,390.461,1.031,0.703,129467000.0,1217881984.0,324038496.0,329921984.0,0.719,0.0115,1.3115699,30999193.0,30348342.0,0.2082,22.02,50.787,21.43,735988.0,strong_buy
COLM,,Columbia Sportswear Company,Columbia Sportswear Company,Consumer Cyclical,Apparel Manufacturing,United States,2931834112.0,2768477184.0,15.071053,13.680567,,1.8305312,0.8605254,8.085,0.813,0.12658,0.06285,0.05027,0.06047,0.52155,0.1005,0.015,,,,28.799,2.493,1.197,624601024.0,461244000.0,255117376.0,383246016.0,0.931,0.58050996,0.53119,51193194.0,24921871.0,0.17459999,57.27,69.06,47.47,663830.0,hold
CON,,Concentra Group Holdings Parent,"Concentra Group Holdings Parent, Inc.",Healthcare,Medical Care Facilities,United States,4546007552.0,6561117184.0,23.000002,19.361427,,9.529538,1.9873562,14.214,2.868,0.4706,0.08157,0.1929,0.08688,0.29314,0.2018,0.1,0.47,,0.465,423.325,1.377,1.244,158038000.0,2143819008.0,204793632.0,335548000.0,0.634,0.09649,0.90194,127517736.0,115269657.0,0.044899996,35.65,36.71,18.545,907068.0,none
CORT,,Corcept Therapeutics Incorporat,Corcept Therapeutics Incorporated,Healthcare,Biotechnology,United States,12564277248.0,12265500672.0,258.2889,26.400908,,17.772171,15.12287,1517.256,14.763,0.08226,0.0047400002,0.16124001,0.066420004,0.98305,0.00973,0.317,0.241,,0.223,1.335,2.859,2.504,308196992.0,9421000.0,77395128.0,109700000.0,0.446,0.11454,0.7672,108098397.0,96481062.0,0.1114,116.23,126.38,28.66,1319511.0,none
COTY,,Coty Inc.,Coty Inc.,Consumer Defensive,Household & Personal Products,United States,2342626048.0,5851826176.0,,10.954166,,0.7835052,0.40344194,7.386,1.008,-0.16093001,0.01753,-0.024419999,-0.10416,0.62894,0.13645001,0.013,,,,97.538,0.755,0.276,176100000.0,3295899904.0,362687488.0,537800000.0,0.953,0.54771,0.42654,880686464.0,376423008.0,0.1291,2.66,4.47,1.82,7623788.0,hold
CPB,,The Campbell's Company,The Campbell's Company,Consumer Defensive,Packaged Foods,United States,5851364864.0,13213364224.0,14.9771,10.688952,0.5253,1.5186934,0.6005095,8.156,1.356,0.1005,0.0494,0.102010004,0.041360002,0.28541002,0.16625999,-0.079,,,,179.259,0.815,0.291,394000000.0,7449999872.0,634499968.0,1039000000.0,0.019,0.37466,0.63352,298234693.0,192325589.0,0.2495,19.62,32.09,19.1,6853271.0,hold
CPF,,Central Pacific Financial Corp ,Central Pacific Financial Corp.,Financial Services,Banks - Regional,United States,937721408.0,649823488.0,11.598725,10.173184,,1.5760775,3.253819,,2.255,0.14246,0.01116,0.36801997,0.28799,0.0,0.0,0.077,0.194,,0.14,,,,391391008.0,103493000.0,,103181000.0,0.826,0.01893,0.97318,25747432.0,22891269.0,0.0327,36.42,40.99,27.38,160734.0,buy
CPK,,Chesapeake Utilities Corporatio,Chesapeake Utilities Corporation,Utilities,Utilities - Regulated Gas,United States,3216942592.0,4764980224.0,20.3808,17.287264,2.2016,1.8348914,3.2379894,12.549,4.796,0.094689995,0.0429,0.26201,0.15118,0.40342,0.38217998,0.047,0.029,,0.063,101.273,0.316,0.207,400000.0,1694700032.0,-220775008.0,308100000.0,0.681,0.0133299995,0.94318,25254692.0,23863221.0,0.050100002,127.38,140.83,118.88,192217.0,buy
CR,,Crane Company,Crane Company,Industrials,Specialty Industrial Machinery,United States,12034033664.0,12801634304.0,36.33508,26.596119,2.3153,5.5260644,4.644014,17.142,4.94,0.16521999,0.12728,0.35463002,0.1297,0.46965,0.2882,0.256,0.106,,0.11,51.181,2.804,1.756,350400000.0,1115699968.0,363750016.0,428800000.0,1.084,0.1446,0.79929,57800356.0,57153570.0,0.0217,208.2,230.5,159.58,422912.0,none
CRBG,,Corebridge Financial Inc.,"Corebridge Financial, Inc.",Financial Services,Asset Management,United States,15169505280.0,25917638656.0,21.537973,5.89161,,1.4933298,0.7773254,9.578,1.328,0.07139,0.00306,0.111140005,0.046479996,0.21102,0.13866,0.259,,,,127.231,1.223,0.192,4936999936.0,14469999616.0,642249984.0,1852000000.0,1.012,0.00263,1.14021,445768608.0,271439804.0,0.048299998,34.03,35.64,22.19,4354809.0,buy
CRC,,California Resources Corporatio,California Resources Corporation,Energy,Oil & Gas E&P,United States,4656827392.0,5947827200.0,,12.65667,0.4416,1.3688581,1.2468078,10.954,1.592,-0.03554,0.00244,0.46795,-0.0324,0.5676,0.14538,0.33,2.0,,1.988,39.594,0.661,0.497,56000000.0,1347000064.0,299500000.0,876000000.0,0.898,0.04928,1.05757,88819893.0,83234010.0,0.0631,52.43,71.98,43.245,835649.0,strong_buy
CRGY,,Crescent Energy Company,Crescent Energy Company,Energy,Oil & Gas E&P,United States,5267667456.0,9338542080.0,167.37502,5.6438837,,0.8585535,1.2223641,4.619,2.167,0.01517,0.030720001,0.53849,0.0127,0.62158,0.46919,0.553,1.172,,2.216,100.234,0.945,0.8,264882000.0,5171681792.0,601587648.0,1960055040.0,0.917,0.051119998,0.93575996,330403696.0,294102242.0,0.1145,13.39,15.47,7.68,5971612.0,buy
CRI,,"Carter's, Inc.","Carter's, Inc.",Consumer Cyclical,Apparel Retail,United States,1159706368.0,1690895360.0,5.8936567,8.555504,,1.1288997,0.3891776,4.928,0.567,0.20742,0.0694,0.23683001,0.06547,0.48601002,0.115150005,0.052,471.464,,234.332,115.325,2.47,1.378,653571008.0,1184760064.0,246791008.0,332967008.0,0.831,0.048049998,1.1395401,36711185.0,34700881.0,0.191,31.59,44.44,27.15,1246020.0,none
CRK,,"Comstock Resources, Inc.","Comstock Resources, Inc.",Energy,Oil & Gas E&P,United States,3752470528.0,7461841408.0,7.220339,20.13867,,1.4549179,1.993375,7.573,3.964,0.19018,0.02922,0.059710003,0.27,0.56847,0.52341,-0.252,-0.93,,-0.93,100.201,0.476,0.324,45008000.0,3169937920.0,-868676608.0,819467008.0,0.138,0.73252,0.31119,293620548.0,63466081.0,0.32709998,12.78,28.1,12.12,2523352.0,hold
CROX,,"Crocs, Inc.","Crocs, Inc.",Consumer Cyclical,Footwear & Accessories,United States,5661833728.0,7180760064.0,10.47826,7.900725,,4.1051936,1.396306,7.75,1.771,0.42299998,0.11993,0.24221,0.14635,0.5747,0.22850001,0.026,,,,121.993,1.49,0.863,170276000.0,1689202048.0,533888736.0,762633984.0,1.514,0.03103,1.03246,47945075.0,46123642.0,0.13149999,118.09,141.28,73.21,1044971.0,none
CRS,,Carpenter Technology Corporatio,Carpenter Technology Corporation,Industrials,Metal Fabrication,United States,19252017152.0,19586215936.0,36.89174,24.462292,,8.65093,6.1622233,23.709,6.269,0.25752002,0.118719995,0.24078,0.16958,0.30584,0.26442,0.126,0.464,,0.454,32.658,3.81,2.106,393300000.0,727500032.0,238787504.0,605000000.0,1.261,0.02474,0.95435995,49558566.0,48401869.0,0.0368,388.47,625.99,233.78,723846.0,strong_buy
CRSR,,"Corsair Gaming, Inc.","Corsair Gaming, Inc.",Technology,Computer Hardware,United States,1491760256.0,1499887232.0,44.48387,16.636105,,2.2437358,1.0277618,18.399,1.033,0.05845,0.01429,-0.02543,0.02535,0.30526,0.056160003,-0.018,,,,27.173,1.752,0.954,192240000.0,184868992.0,77311376.0,105744000.0,1.875,0.03769,0.90778,108176959.0,47470213.0,0.1815,13.79,14.978,4.48,1566203.0,none
CRUS,,"Cirrus Logic, Inc.","Cirrus Logic, Inc.",Technology,Semiconductors,United States,6072744448.0,5311946752.0,14.812958,13.614301,,2.7921927,2.96256,10.124,2.591,0.20903999,0.12163,0.18367,0.21004999,0.52785,0.25597,0.129,0.289,,0.266,5.96,7.583,5.894,891262016.0,130464000.0,450997248.0,598595008.0,1.16,0.00563,1.0742,50117561.0,49635931.0,0.082600005,121.17,180.42,106.26,800603.0,none
CRVL,,CorVel Corp.,CorVel Corporation,Financial Services,Insurance Brokers,United States,3812485632.0,3584996608.0,33.54222,,,9.3391905,3.8754973,19.47,3.644,0.30697,0.14682001,0.16674,0.11724,0.24792999,0.18716998,0.107,0.212,,0.183,6.944,1.941,1.411,255883008.0,28394000.0,91710128.0,150550000.0,0.972,0.3891,0.56156,50516571.0,30857542.0,0.1158,75.47,79.43,44.83,188249.0,none
CSL,,Carlisle Companies Incorporated,Carlisle Companies Incorporated,Industrials,Building Products & Equipment,United States,13079451648.0,15273423872.0,18.69126,13.719898,0.8999,8.0863285,2.566108,12.578,2.997,0.39183,0.108109996,0.22849001,0.14214,0.35264,0.23823999,0.083,0.072,,-0.002,178.698,2.6,1.835,665299968.0,2889900032.0,669737472.0,1010000000.0,0.835,0.01176,1.0343801,39714133.0,39094964.0,0.0695,329.34,432.91,293.43,559353.0,none
CSR,,D/B/A Centerspace,Centerspace,Real Estate,REIT - Residential,United States,964572800.0,2014033280.0,42.248062,-151.38889,,1.3453801,3.5874927,15.163,7.491,0.03388,0.0073900004,0.12628001,0.080790006,0.59305,0.49401,-0.04,,,,124.015,3.112,0.158,8560000.0,989582976.0,106247624.0,91887000.0,0.879,0.00669,0.96971,16797585.0,15446420.0,0.080299996,54.5,69.61,52.0,223426.0,none
CSW,,"CSW Industrials, Inc.","CSW Industrials, Inc.",Industrials,Specialty Industrial Machinery,United States,4931875840.0,5829442560.0,41.29468,22.151625,,4.595822,4.2168894,20.293,4.984,0.109280005,0.06889,0.22886999,0.10335,0.42529,0.24562,0.33,0.251,,0.216,84.885,2.7,1.237,48910000.0,927467008.0,72619248.0,164632000.0,0.81,0.0399,1.02956,16293487.0,16081020.0,0.079,302.69,355.483,230.45,143458.0,none
CTRE,,"CareTrust REIT, Inc.","CareTrust REIT, Inc.",Real Estate,REIT - Healthcare Facilities,United States,8577442816.0,9756783616.0,22.407408,20.46223,,1.9078151,15.010383,20.122,17.074,0.09056,0.0444,0.64858,0.62194,0.96365,0.84853995,0.435,0.086,,0.298,26.701,3.304,2.948,47591000.0,1205070976.0,-80309504.0,446985984.0,0.787,0.00777,1.07784,236293199.0,234379224.0,0.082100004,36.3,43.62,32.79,2205744.0,strong_buy
CTS,,CTS Corporation,CTS Corporation,Technology,Electronic Components,United States,1759061632.0,1740913664.0,25.774057,21.488348,1.2401,3.0720127,3.1175218,13.734,3.085,0.12429,0.0727,0.17448,0.12368,0.39713,0.22466,0.07,0.065,,0.034,15.692,2.609,1.878,108036000.0,89888000.0,72120000.0,108970000.0,1.032,0.02085,1.0086,28556195.0,28069312.0,0.044,61.6,69.55,36.03,212774.0,strong_buy
CUBE,,CubeSmart,,Real Estate,REIT - Industrial,United States,8492913152.0,12033046528.0,25.52381,23.420431,,3.2805805,7.457231,17.063,10.566,0.12028,0.04282,0.41088,0.29334998,0.70712,0.61923003,0.015,0.083,,0.08,134.3,0.1,0.072,14310000.0,3541499904.0,486035744.0,597884032.0,1.054,0.00875,1.06073,225162253.0,210790146.0,0.0548,37.52,43.26,35.09,2318379.0,buy
CUBI,,"Customers Bancorp, Inc","Customers Bancorp, Inc.",Financial Services,Banks - Regional,United States,2549663488.0,745054336.0,9.136804,7.9061775,,1.1555659,3.083758,,0.901,0.14325,0.011879999,0.46019,0.3525,0.0,0.0,0.101,0.185,,0.174,,,,4188385024.0,2383776000.0,,380857984.0,1.475,0.09204,1.01473,33783799.0,31801366.0,0.1091,75.47,84.38,59.34,276920.0,buy
CUZ,,Cousins Properties Incorporated,Cousins Properties Incorporated,Real Estate,REIT - Office,United States,4611204096.0,8393964544.0,700.25,70.025,,1.028305,4.496757,12.921,8.186,0.0015199999,0.01567,0.24225001,0.00627,0.67779,0.6335,0.116,0.844,,0.806,84.208,0.524,0.293,6699000.0,3782268928.0,-25106624.0,431948000.0,1.155,0.00993,1.1208999,164602058.0,162047434.0,0.1,28.01,32.95,21.03,1502114.0,strong_buy
CURB,,Curbline Properties Corp.,Curbline Properties Corp.,Real Estate,REIT - Retail,United States,3252124928.0,3697553920.0,104.703705,76.4054,,1.5453154,14.513296,27.851,16.501,0.0146200005,0.00973,0.19184,0.13103,0.75179,0.59247,0.529,-0.386,,-0.335,28.476,2.654,2.601,156580000.0,595822976.0,152188000.0,133646000.0,0.581,0.06727,1.23061,115038025.0,107163672.0,0.2292,28.27,32.15,22.25,1416107.0,buy
CVCO,,"Cavco Industries, Inc.","Cavco Industries, Inc.",Consumer Cyclical,Residential Construction,United States,4499299840.0,4278937856.0,25.440435,20.29849,,4.0625,1.9582548,16.924,1.862,0.16658,0.09636,0.09846,0.07886,0.21886,0.110039994,0.095,-0.154,,-0.181,3.702,2.229,1.051,261474000.0,41112000.0,163879120.0,286420000.0,1.28,0.01629,1.03703,7689402.0,7566372.0,0.0577,585.13,713.01,443.34,106750.0,strong_buy
CVBF,,CVB Financial Corporation,CVB Financial Corp.,Financial Services,Banks - Regional,United States,3921223168.0,3991082752.0,15.472222,11.130707,,1.2388791,6.8495736,,6.972,0.07649,0.01131,0.55747,0.3614,0.0,0.0,0.42,-0.216,,-0.046,,,,1134248960.0,1204109056.0,,576960000.0,0.65,0.05108,0.86122,175997435.0,166798049.0,0.0738,22.28,23.41,17.95,1326387.0,buy
CVI,,CVR Energy Inc.,"CVR Energy, Inc.",Energy,Oil & Gas Refining & Marketing,United States,5512093184.0,6793092608.0,78.328575,15.622909,,10.499808,0.650548,8.811,0.802,0.24254999,0.055040002,0.02849,0.0081400005,0.10905,0.09099,0.555,,,,241.801,1.418,0.879,737000000.0,1799000064.0,214500000.0,534000000.0,0.839,0.0,1.04666,100530599.0,29321760.0,0.19790001,54.83,56.0,19.62,1041298.0,underperform
CVLT,,"Commvault Systems, Inc.","Commvault Systems, Inc.",Technology,Software - Application,United States,6228289024.0,6216107008.0,94.515724,24.236637,,119.64967,5.1226096,50.927,5.113,0.32773998,0.04565,0.089499995,0.05618,0.81087,0.100389995,0.114,-0.038,,-0.1,1762.992,2.043,1.938,929836992.0,917654976.0,303740256.0,264668992.0,0.821,0.00883,1.10986,41444564.0,40817508.0,0.0955,150.28,186.21,71.75,615746.0,none
CVSA,,Covista Inc.,Covista Inc.,Consumer Defensive,Education & Training Services,United States,4271191296.0,4770370048.0,16.753004,12.541729,0.9075,2.9528875,2.1857755,10.725,2.441,0.18569,0.0845,0.19256,0.12874,0.57338,0.22760999,0.097,0.432,,0.323,62.613,1.093,0.965,406316000.0,905494976.0,323942752.0,470422016.0,0.626,0.02654,1.03142,34038820.0,33140876.0,0.08229999,125.48,156.26,86.97,361887.0,buy
CW,,Curtiss-Wright Corporation,Curtiss-Wright Corporation,Industrials,Aerospace & Defense,United States,20152909824.0,20824741888.0,37.604412,31.836628,,7.275103,5.5155334,24.701,5.699,0.19746,0.08494,0.19395,0.14811,0.37727,0.23074,0.054,0.276,,0.249,41.482,1.602,1.056,477148992.0,1148980992.0,553040256.0,721110016.0,0.845,0.00366,0.89621,36934444.0,36742385.0,0.0239,545.64,808.16,521.66,349093.0,buy
CWEN,,"Clearway Energy, Inc.","Clearway Energy, Inc.",Utilities,Utilities - Renewable,United States,7236300288.0,16918273024.0,34.11628,17.917448,,1.9206599,4.5973954,14.485,10.749,-0.03167,0.00975,0.25156,0.064169995,0.64422,0.74206,0.227,2.966,,3.067,176.898,1.207,0.661,284000000.0,9900999680.0,421750016.0,1017000000.0,0.876,0.00659,0.89293,121174960.0,120502439.0,0.0792,29.34,41.74,28.57,1161566.0,strong_buy
CWK,,Cushman & Wakefield Ltd.,Cushman & Wakefield Limited,Real Estate,Real Estate Services,United States,2797787392.0,5327487488.0,41.10345,6.919692,0.2286,1.3826702,0.25862095,9.163,0.492,0.0352,0.03941,0.04858,0.0063899998,0.18128,0.053740002,0.112,-0.112,,-0.08,149.834,1.078,0.997,500500000.0,3029799936.0,302500000.0,303300000.0,1.441,0.0082,0.98197997,234713708.0,232674046.0,0.078600004,11.92,17.4,11.57,1899223.0,buy
CWST,,"Casella Waste Systems, Inc.","Casella Waste Systems, Inc.",Industrials,Waste Management,United States,5267486720.0,6687375360.0,1034.625,56.484024,,3.3337362,2.6937025,15.96,3.42,0.00364,0.017280001,0.0499,0.0029199999,0.3342,0.21428,0.169,-0.259,,-0.276,91.623,0.993,0.783,27774000.0,1447662976.0,121703752.0,351153984.0,0.736,0.00561,1.26565,62651846.0,62257784.0,0.1084,82.77,107.96,74.05,561304.0,buy
CXM,,"Sprinklr, Inc.","Sprinklr, Inc.",Technology,Software - Application,United States,1207291008.0,795739968.0,51.999996,9.726171,,2.3733454,1.3831091,15.57,0.912,0.043569997,0.02728,0.04458,0.026530001,0.65594,0.05855,0.008,-0.395,,-0.436,7.96,1.555,1.343,452903008.0,41352000.0,100564752.0,129172000.0,0.646,0.07723,1.0191001,131087011.0,113025652.0,0.108100004,5.2,8.275,4.715,3387426.0,hold
CWT,,California Water Service Group,California Water Service Group,Utilities,Utilities - Regulated Water,United States,2842125056.0,4478837248.0,20.609865,16.712727,2.2184,1.572411,2.6955364,12.396,4.248,0.07677,0.02395,0.28211,0.12634,0.53286,0.34268,0.165,0.314,,0.339,92.677,0.701,0.434,43445000.0,1677538048.0,-258749376.0,328180992.0,0.489,0.00642,0.98612,61839101.0,61338204.0,0.0546,45.96,53.82,41.29,473568.0,strong_buy
CXT,,"Crane NXT, Co.","Crane NXT, Co.",Industrials,Business Equipment & Supplies,United States,2807840256.0,4063040512.0,20.157024,10.323372,,2.217172,1.5574021,9.451,2.254,0.11484,0.05825,0.15592,0.07782,0.42115003,0.23844999,0.22,0.419,,0.422,114.1,1.415,1.028,231400000.0,1467100032.0,239787504.0,270500000.0,1.072,0.13791999,1.097,57561304.0,57385742.0,0.19229999,48.78,69.0,35.71,571944.0,strong_buy
CYTK,,"Cytokinetics, Incorporated","Cytokinetics, Incorporated",Healthcare,Biotechnology,United States,9119936512.0,9378705408.0,,-14.735348,,-52.48,134.77075,-13.488,138.595,,-0.2809,-6.2595,0.0,0.0,0.0,-0.571,,,,,6.661,6.56,1165686016.0,1424455040.0,-397408736.0,-555452992.0,0.36,0.0064499998,1.25994,139023418.0,138492349.0,0.192,65.6,88.31,54.3,1914115.0,strong_buy
CXW,,"CoreCivic, Inc.","CoreCivic, Inc.",Industrials,Security & Protection Services,United States,3306009344.0,4570640384.0,25.715385,13.828335,,2.2982264,1.3309023,11.863,1.84,0.08772001,0.047659997,0.101789996,0.05149,0.2258,0.15511,0.273,0.057,,-0.036,95.487,1.319,1.131,108934000.0,1373565056.0,24545250.0,200164000.0,0.6,0.02096,0.91303,98893489.0,96424119.0,0.18,33.43,36.55,15.74,1665979.0,strong_buy
CZR,,"Caesars Entertainment, Inc.","Caesars Entertainment, Inc.",Consumer Cyclical,Resorts & Casinos,United States,6042080768.0,31177308160.0,,40.99097,,1.7921904,0.5187226,9.013,2.677,-0.103769995,0.040120002,0.17674999,-0.039920002,0.49691,0.29696,0.03,,,,729.87,0.851,0.624,965000000.0,25924999168.0,762499968.0,1296999936.0,1.751,0.0078799995,0.97822,203780124.0,181889697.0,0.1076,29.65,30.88,17.86,3954015.0,hold
DAN,,Dana Incorporated,Dana Incorporated,Consumer Cyclical,Auto Parts,United States,2999237632.0,4234237696.0,,6.6599617,,1.5620798,0.39144316,6.32,0.553,-0.01627,0.027980002,0.05075,0.14552,0.09462,0.08744001,0.039,,,,75.794,1.487,0.871,331000000.0,1503000064.0,631249984.0,431000000.0,1.998,0.01555,1.02346,107576679.0,105853301.0,0.0624,27.88,39.56,17.74,1447919.0,buy
DAR,,Darling Ingredients Inc.,Darling Ingredients Inc.,Consumer Defensive,Packaged Foods,United States,9932114944.0,14000095232.0,16.563158,9.953443,,1.8933878,1.5166628,12.424,2.138,0.12126,0.03541,0.12892,0.091309994,0.26333,0.17208,0.164,29.14,,29.591,78.609,1.565,0.771,163742000.0,4171198976.0,219643008.0,1351406976.0,1.029,0.01197,1.07911,157802916.0,155642594.0,0.0432,62.94,69.98,29.15,2368855.0,strong_buy
DAVE,,Dave Inc.,Dave Inc.,Technology,Software - Application,United States,4420676096.0,4435070976.0,22.316164,15.614708,,21.264572,6.8681045,19.089,6.89,1.04779,0.3101,0.32945,0.34589002,0.71748,0.36097,0.296,-0.21,,-0.26,129.139,4.223,2.178,254072000.0,268467008.0,167170368.0,326945984.0,3.84,0.10416,1.10037,11441425.0,9546349.0,0.202,346.57,458.25,152.21,402060.0,buy
DBD,,Diebold Nixdorf Incorporated,"Diebold Nixdorf, Incorporated",Technology,Software - Application,United States,2164773888.0,3013673984.0,20.908197,9.084045,,2.2373867,0.5590986,6.534,0.778,0.10944,0.05817,0.082720004,0.028719999,0.26274002,0.11911,0.017,0.342,,0.27,113.548,1.267,0.681,267200000.0,1108800000.0,312012512.0,273000000.0,1.139,0.01663,1.16897,33946588.0,29484309.0,0.18100001,63.77,92.085,54.48,264541.0,none
DBX,,"Dropbox, Inc.","Dropbox, Inc.",Technology,Software - Infrastructure,United States,7371305472.0,10232904704.0,18.729282,10.261439,27.1157,-3.4036145,2.9117181,12.327,4.042,,0.15036,0.26097,0.17491,0.79732,0.32790002,0.009,-0.067,,-0.237,,1.074,1.01,1113799936.0,3975399936.0,783075008.0,980499968.0,0.649,0.08685,1.3061501,142295014.0,128606437.0,0.2705,33.9,38.17,21.695,4203974.0,underperform
DCH,,Dauch Corporation,Dauch Corporation,Consumer Cyclical,Auto Parts,United States,1330585728.0,5651185664.0,,4.8123612,,0.8809187,0.16179891,5.875,0.687,-0.15042,0.025339998,0.04855,-0.02011,0.11327,0.116969995,0.924,-0.988,,-0.975,343.042,1.398,0.9,884000000.0,5198799872.0,540849984.0,306900000.0,1.635,0.02654,1.08148,237604602.0,220855854.0,0.0795,5.6,9.25,4.92,3214777.0,buy
DCI,,"Donaldson Company, Inc.","Donaldson Company, Inc.",Industrials,Specialty Industrial Machinery,United States,10275433472.0,11407732736.0,23.025974,18.264229,1.5916,5.828019,2.6444907,15.986,2.936,0.28205,0.109060004,0.17038,0.11679,0.35091,0.18365,0.08,0.14,,0.131,78.367,2.076,1.282,250400000.0,1382700032.0,321849984.0,493700000.0,0.922,0.00598,0.92724997,115910129.0,115094122.0,0.0307,88.65,112.84,79.42,677671.0,hold
DCOM,,"Dime Commercial Bancshares, Inc","Dime Commercial Bancshares, Inc.",Financial Services,Banks - Regional,United States,1760965120.0,597838016.0,14.449276,9.235758,,1.2544037,4.010661,,1.362,0.08736,0.00881,0.44626,0.29363,0.0,0.0,0.12,0.176,,0.172,,,,2005138944.0,725443008.0,,202108992.0,0.986,0.035520002,0.91410005,44156595.0,42301135.0,0.1146,39.88,41.97,25.63,302825.0,buy
DEA,,"Easterly Government Properties,","Easterly Government Properties, Inc.",Real Estate,REIT - Office,United States,1146735872.0,2857458432.0,123.1579,90.0,,0.840638,3.1544552,13.409,7.86,0.0077100005,0.01676,0.25083,0.028110001,0.67524004,0.58618,0.092,-0.313,,-0.251,125.876,0.604,0.348,4303000.0,1711614976.0,127493128.0,268812000.0,0.954,0.05811,0.80796,47321617.0,44685371.0,0.0629,23.4,25.96,20.56,398006.0,none
DEI,,"Douglas Emmett, Inc.","Douglas Emmett, Inc.",Real Estate,REIT - Office,United States,1974611200.0,8674628608.0,,-83.8027,,0.89459777,1.959873,14.862,8.61,-0.01928,0.012610001,0.19624001,-0.02271,0.63176996,0.57931,0.016,,,,163.133,0.546,0.521,380979008.0,5734303232.0,395813120.0,386009984.0,1.176,0.03496,1.06698,167485267.0,163000012.0,0.277,9.82,15.52,9.04,1931520.0,hold
DFH,,"Dream Finders Homes, Inc.","Dream Finders Homes, Inc.",Consumer Cyclical,Residential Construction,United States,973252544.0,2768863744.0,7.733813,13.694267,,0.68258303,0.23544145,13.625,0.67,0.09423,0.03033,0.02409,0.03549,0.1998,0.04916,-0.076,-0.52,,-0.51,112.734,7.59,0.534,203494000.0,1817112960.0,-217692992.0,-138446000.0,1.908,0.18944,0.96709996,32808965.0,26738142.0,0.48790002,10.75,27.195,10.18,757946.0,hold
DFIN,,"Donnelley Financial Solutions, ","Donnelley Financial Solutions, Inc.",Technology,Software - Application,United States,1144695552.0,1331095424.0,30.834438,8.5274725,,2.9686306,1.4722772,8.366,1.712,0.08590999,0.11293,0.25825,0.04527,0.64206004,0.20462999,0.028,0.125,,0.008,54.646,1.326,1.135,25300000.0,211700000.0,132825000.0,203300000.0,0.713,0.05526,0.96094,24585383.0,23314319.0,0.0531,46.56,56.26,36.11,237490.0,buy
DGII,,Digi International Inc.,Digi International Inc.,Technology,Communication Equipment,United States,2869257728.0,2959673600.0,58.16154,24.141125,,4.186832,5.668084,25.78,5.847,0.07459,0.05222,0.16510001,0.096269995,0.64914,0.22680001,0.29,0.481,,0.537,17.279,1.129,0.735,27972000.0,118388000.0,128003128.0,138420000.0,0.972,0.027560001,1.07248,37948123.0,36966026.0,0.0619,75.61,86.84,34.41,377287.0,strong_buy
DINO,,HF Sinclair Corporation,HF Sinclair Corporation,Energy,Oil & Gas Refining & Marketing,United States,20153577472.0,21295577088.0,10.745024,9.208998,1.1331,1.9595166,0.6453688,6.642,0.682,0.19504999,0.09156,0.11694,0.06132,0.12892,0.10266,0.532,3.502,,3.288,32.261,1.971,1.07,2262000128.0,3339000064.0,2035624960.0,2784000000.0,0.695,0.05489,0.89615,177783849.0,167916845.0,0.062,113.36,118.39,45.71,2780626.0,hold
DIOD,,Diodes Incorporated,Diodes Incorporated,Technology,Semiconductors,United States,4782008832.0,4501047296.0,52.444443,17.750427,,2.4396775,2.9252338,20.34,2.753,0.04684,0.01951,0.07458,0.05266,0.31734,0.13536,0.217,0.01,,0.012,4.401,3.167,1.747,439975008.0,89005000.0,176820256.0,250036992.0,1.896,0.025610002,1.01356,46051705.0,45124224.0,0.088,103.84,125.99,42.28,561434.0,none
DKS,,Dick's Sporting Goods Inc,"DICK'S Sporting Goods, Inc.",Consumer Cyclical,Specialty Retail,United States,13407494144.0,19150540800.0,15.019867,10.349171,1.1456,2.1184382,0.6340696,9.192,0.906,0.18475,0.06415,0.07673,0.03967,0.33093,0.098529994,0.532,-0.257,,-0.173,139.077,1.485,0.297,913736000.0,7963150848.0,-823246016.0,1593976064.0,1.141,0.04487,1.0729,74955923.0,60381132.0,0.1367,136.08,244.38,120.15,3015611.0,buy
DLB,,Dolby Laboratories,"Dolby Laboratories, Inc.",Industrials,Specialty Business Services,United States,5516154880.0,4902727168.0,25.166668,12.858079,,2.1345463,4.0729017,13.823,3.62,0.08758,0.05152,0.12548,0.16700001,0.87612,0.26188,-0.033,-0.375,,-0.379,1.83,3.185,2.791,670046016.0,47450000.0,331846016.0,437598016.0,0.802,0.01596,1.06347,59416894.0,58759372.0,0.1251,58.89,72.96,48.26,956520.0,none
DLX,,Deluxe Corporation,Deluxe Corporation,Industrials,Conglomerates,United States,1036810688.0,2488510720.0,10.516279,5.582716,0.4582,1.46362,0.49070504,5.936,1.178,0.14957,0.06798,0.12177,0.04761,0.52544,0.1984,-0.042,-0.177,,-0.147,209.945,1.196,0.749,34900000.0,1486200064.0,171792992.0,303100000.0,1.228,0.029749999,0.93289,45856290.0,44390723.0,0.1225,22.61,32.07,17.76,420484.0,buy
DMC,,Del Monte Corporation,Del Monte Corporation,Consumer Defensive,Farm Products,Cayman Islands,1398828288.0,1972528256.0,41.788734,9.419047,,0.69683874,0.32495373,8.584,0.458,0.01775,0.03013,0.03929,0.007900001,0.092810005,0.053379998,0.031,-0.627,,-0.627,29.43,2.226,0.918,36100000.0,595100032.0,-99887504.0,179900000.0,0.24,0.18398,0.75158995,47146218.0,42418867.0,0.1066,29.67,43.58,26.47,384320.0,none
DNOW,,DNOW Inc.,DNOW Inc.,Industrials,Industrial Distribution,United States,2849185536.0,3389185536.0,,19.126213,,1.3622612,0.69781667,22.445,0.83,-0.11599,0.01689,0.01071,-0.046290003,0.2023,0.03698,1.081,,,,30.934,2.136,1.012,114000000.0,649000000.0,-536249984.0,164000000.0,0.876,0.01698,1.0921,180785891.0,177687221.0,0.0723,15.76,17.26,10.935,2349657.0,none
DOCN,,"DigitalOcean Holdings, Inc.","DigitalOcean Holdings, Inc.",Technology,Software - Infrastructure,United States,16469368832.0,17680201728.0,63.668182,76.057625,,15.802121,16.288357,57.285,17.486,0.62273,0.038629998,0.104449995,0.23265,0.57222,0.30524,0.286,-0.245,,-0.043,212.506,1.311,1.136,767025984.0,1977859968.0,-23832624.0,309956000.0,1.57,0.16674,0.82549006,117579550.0,97720364.0,0.0921,140.07,187.5,37.091,2933665.0,none
DOCS,,"Doximity, Inc.","Doximity, Inc.",Healthcare,Health Information Services,United States,4978410496.0,4300294144.0,34.060978,17.937883,0.5895,5.482921,7.5940413,20.635,6.56,0.17206,0.10949001,0.21539,0.25481,0.88068,0.3179,0.073,-0.519,,-0.544,1.056,6.078,5.796,687788992.0,9673000.0,239703872.0,306344000.0,1.248,0.029790001,1.0238401,127349369.0,123638542.0,0.099300005,27.93,73.92,17.15,4442607.0,hold
DOCU,,"DocuSign, Inc.","DocuSign, Inc.",Technology,Software - Application,United States,12898138112.0,12303559680.0,42.598766,13.24558,0.8139,7.556115,3.8373716,27.858,3.66,0.17803,0.06353,0.13430999,0.09816,0.79609,0.1314,0.094,0.333,,0.234,10.654,0.643,0.586,777676992.0,183098000.0,1312730880.0,1323729024.0,0.9,0.0054900004,0.95913005,186902452.0,185717490.0,0.097600006,69.01,75.0,40.16,3232411.0,hold
DORM,,"Dorman Products, Inc.","Dorman Products, Inc.",Consumer Cyclical,Auto Parts,United States,3651881472.0,4048152576.0,17.06796,13.383361,,2.4096339,1.6945803,9.625,1.878,0.15048,0.0917,0.23629,0.10176,0.42314997,0.19517,0.007,0.534,,0.495,34.867,3.598,1.589,131982000.0,528252992.0,143988752.0,250230000.0,0.985,0.12866999,0.99346,29675618.0,26113654.0,0.0796,123.06,164.0,98.45,250880.0,strong_buy
DRH,,Diamondrock Hospitality Company,DiamondRock Hospitality Company,Real Estate,REIT - Hotel & Motel,United States,2581741056.0,3667728384.0,17.458332,21.305084,,1.6874748,2.2719276,12.245,3.228,0.09911,0.03805,0.23042999,0.13524,0.29453,0.26358,0.041,1.444,,1.216,78.244,5.588,4.924,105980000.0,1196274944.0,76127872.0,243988992.0,0.989,0.01323,1.1642,204605681.0,201992866.0,0.0987,12.57,13.79,7.48,2713931.0,buy
DT,,"Dynatrace, Inc.","Dynatrace, Inc.",Technology,Software - Application,United States,17216376832.0,16194015232.0,118.64,25.864174,1.1916,7.027603,8.215543,55.57,7.728,0.058790002,0.04167,0.12889,0.072230004,0.81597,0.13906,0.162,-0.249,,-0.236,6.499,1.208,1.043,1108864000.0,159272992.0,546524224.0,598398016.0,0.741,0.0058099995,1.07929,290228871.0,287071594.0,0.0509,59.32,60.24,31.635,6178753.0,buy
DTM,,"DT Midstream, Inc.","DT Midstream, Inc.",Energy,Oil & Gas Midstream,United States,12343851008.0,15686850560.0,26.304348,24.70391,,2.5829313,9.422787,17.051,11.975,0.09901,0.040349998,0.50437,0.35724998,0.75344,0.70228994,0.11,0.048,,0.047,68.543,1.372,1.195,172000000.0,3372999936.0,128000000.0,937000000.0,0.717,0.00574,0.90329003,102015296.0,101322612.0,0.070700005,121.0,152.88,104.99,899477.0,buy
DUOL,,"Duolingo, Inc.","Duolingo, Inc.",Technology,Software - Application,United States,6721989120.0,5522124800.0,17.073374,18.885857,,4.7815857,5.870723,30.845,4.823,0.3442,0.056420002,0.11684,0.35875,0.72717005,0.15636,0.183,-0.275,,-0.26,6.11,2.719,2.509,1313865984.0,86136000.0,300198016.0,430548000.0,0.89,0.01498,0.99745005,40237065.0,39972785.0,0.1872,144.27,353.0,87.89,1175926.0,hold
DV,,"DoubleVerify Holdings, Inc.","DoubleVerify Holdings, Inc.",Communication Services,Advertising Agencies,United States,2106900992.0,1992428544.0,38.54286,11.639144,0.537,1.9096829,2.7404242,13.878,2.592,0.05389,0.046690002,0.11942001,0.07656,0.82434,0.18674,0.025,0.6,,0.475,10.218,4.498,4.056,210174000.0,111830000.0,162146880.0,204320000.0,0.996,0.0125,1.06364,156182436.0,134987344.0,0.054,13.49,13.65,7.64,3648071.0,none
DXC,,DXC Technology Company,DXC Technology Company,Technology,Information Technology Services,United States,1773543552.0,4261543424.0,15.633803,3.7531066,,0.5841798,0.14206533,3.117,0.341,0.04025,0.01825,0.02034,0.00993,0.22997,0.1095,-0.051,7.263,,6.625,125.421,1.408,1.238,1956999936.0,4174000128.0,877000000.0,1480000000.0,0.803,0.01556,1.16204,159778689.0,157127961.0,0.1783,11.1,15.68,7.9,3244568.0,none
DXPE,,"DXP Enterprises, Inc.","DXP Enterprises, Inc.",Industrials,Industrial Distribution,United States,3010016256.0,3682415360.0,34.15141,25.32376,,5.5623097,1.407054,15.609,1.721,0.18469,0.0752,0.096260004,0.04355,0.31765,0.11028,0.156,0.23,,0.216,166.254,2.993,2.443,226618000.0,899001024.0,74078496.0,134600000.0,1.028,0.17703,0.7707,15517148.0,12859992.0,0.0399,193.98,208.0,84.04,132504.0,none
DY,,"Dycom Industries, Inc.","Dycom Industries, Inc.",Industrials,Engineering & Construction,United States,8256561664.0,10953271296.0,25.0,13.172305,,3.9996786,1.2000729,11.753,1.592,0.19197,0.071,0.09571,0.0479,0.20528999,0.13545999,0.456,0.144,,0.186,147.703,2.348,2.205,351748992.0,3048457984.0,326561504.0,718107008.0,1.489,0.01263,0.93942,30160957.0,25356317.0,0.0538,273.75,566.47,263.36,580642.0,strong_buy
EBC,,"Eastern Bankshares, Inc.","Eastern Bankshares, Inc.",Financial Services,Banks - Regional,United States,4905000448.0,4947875328.0,11.99162,10.070373,,1.0938137,4.4663634,,4.505,0.09442,0.01329,0.50124,0.34249002,0.0,0.0,0.276,-0.04,,0.05,,,,308369984.0,571088000.0,,406347008.0,0.667,0.012610001,0.92254996,228511552.0,200364966.0,0.0744,21.465,23.775,16.615,2390988.0,buy
EAT,,"Brinker International, Inc.","Brinker International, Inc.",Consumer Cyclical,Restaurants,United States,8460014592.0,10082532352.0,17.89194,13.880071,1.8833,19.212479,1.4567646,11.915,1.736,1.19568,0.14278,0.11258,0.083859995,0.18646999,0.14571,0.051,0.294,,0.225,395.763,0.455,0.285,110000000.0,1756000000.0,367575008.0,789400000.0,1.256,0.01128,1.15179,41881260.0,41228330.0,0.1875,202.0,254.99,100.3,1204031.0,buy
ECG,,"Everus Construction Group, Inc.","Everus Construction Group, Inc.",Industrials,Engineering & Construction,United States,6295982080.0,6505214976.0,24.769075,20.507067,,8.146215,1.4755775,17.794,1.525,0.39525002,0.116809994,0.09076,0.05964,0.13016,0.08568,0.337,0.592,,0.588,47.096,1.587,1.47,157659008.0,364150016.0,184378496.0,321184992.0,,0.00341,0.87498003,51041606.0,50861113.0,0.0454,123.35,171.577,78.14,521363.0,none
ECPG,,Encore Capital Group Inc,"Encore Capital Group, Inc.",Financial Services,Credit Services,United States,2034402304.0,6037500416.0,7.1742706,7.1823287,,1.8859243,1.070069,8.098,3.176,0.30542,0.08337,0.37998,0.15862,1.0,0.39214,0.113,0.129,,0.09,388.056,11.376,11.283,182932000.0,4186030080.0,-157004624.0,151338000.0,1.277,0.03903,1.0975599,21209366.0,20711158.0,0.0749,95.92,104.98,39.95,357261.0,none
EEFT,,"Euronet Worldwide, Inc.","Euronet Worldwide, Inc.",Technology,Software - Infrastructure,United States,2375128320.0,3013428224.0,10.095389,5.3310943,0.4196,1.9309127,0.5429361,4.583,0.689,0.22371,0.04839,0.12369,0.06593,0.24004,0.1503,0.032,-0.247,,-0.207,225.391,1.371,0.806,2183899904.0,2806799872.0,311637504.0,401200000.0,0.829,0.07208,1.0583999,37403595.0,34489107.0,0.1458,63.5,89.77,62.25,644109.0,buy
EFC,,Ellington Financial Inc.,Ellington Financial Inc.,Real Estate,REIT - Mortgage,United States,1522040576.0,19318312960.0,7.289308,5.8613505,,0.84734607,3.528543,,44.786,0.12247,0.01186,0.55869997,0.51501,1.0,0.0,0.338,-0.033,,0.173,928.78,7.625,7.604,1000052992.0,18570352640.0,,-617648000.0,0.933,0.025840001,0.536,128887386.0,125959065.0,0.0752,11.59,14.12,11.28,1230803.0,buy
EFOR,,"Everforth, Inc.",,Technology,Information Technology Services,United States,1404249984.0,2747950080.0,17.654638,7.958546,,0.7760457,0.35400072,8.026,0.693,0.04571,0.03793,0.05055,0.020920001,0.28527,0.08632,-0.013,-0.482,,-0.515,82.91,2.127,1.979,152900000.0,1496600064.0,213500000.0,256900000.0,0.458,0.03373,1.0997599,41000000.0,37345670.0,0.1074,34.25,54.94,16.9,842596.0,none
EGBN,,"Eagle Bancorp, Inc.","Eagle Bancorp, Inc.",Financial Services,Banks - Regional,United States,865135104.0,463776160.0,,11.595506,,0.75212675,6.2350736,,3.342,-0.04137,-0.00477,0.24174999,-0.34822,0.0,0.0,,,,,,,,650996992.0,249638000.0,,61179000.0,0.953,0.08173,0.80388,30483973.0,26095500.0,0.1177,28.38,29.29,15.03,282087.0,buy
EGP,,"EastGroup Properties, Inc.","EastGroup Properties, Inc.",Real Estate,REIT - Industrial,United States,10527739904.0,12111812608.0,34.227272,35.223255,,2.916865,14.010366,24.646,16.118,0.08732,0.03543,0.40761003,0.40567002,0.73607004,0.65400004,0.091,0.167,,0.193,46.09,0.412,0.365,47349000.0,1647885952.0,379368000.0,505592992.0,1.03,0.01011,1.04645,53773317.0,52960237.0,0.073,195.78,226.71,166.11,479880.0,buy
EHC,,Encompass Health Corporation,Encompass Health Corporation,Healthcare,Medical Care Facilities,United States,11818675200.0,15416675328.0,19.86733,17.939503,,4.556346,1.9043643,10.534,2.484,0.24968,0.09803,0.18054001,0.10005999,0.43865,0.23582001,0.096,0.108,,0.083,82.121,1.192,0.91,107700000.0,2842299904.0,229924992.0,1212499968.0,0.608,0.008669999,1.0093,98653384.0,97651066.0,0.0343,119.8,127.99,92.77,915409.0,strong_buy
ELAN,,Elanco Animal Health Incorporat,Elanco Animal Health Incorporated,Healthcare,Drug Manufacturers - Specialty & Generic,United States,11057813504.0,14764626944.0,,17.232388,4.0421,1.6787989,2.2027516,14.662,2.941,-0.029779999,0.015570001,0.086260006,-0.03964,0.55359,0.2006,0.102,4.405,,3.909,64.253,2.05,0.908,530000000.0,4232999936.0,826875008.0,617000000.0,1.677,0.01207,1.15254,499449583.0,495400026.0,0.1012,22.14,27.98,19.4,6138217.0,strong_buy
EIG,,Employers Holdings Inc,"Employers Holdings, Inc.",Financial Services,Insurance - Specialty,United States,882399680.0,875999680.0,62.189873,19.266668,,1.0271152,1.0534858,62.128,1.046,0.00772,0.0018799999,0.16349001,0.00895,0.01242,0.01683,-0.106,0.293,,-0.02,14.974,1.115,0.604,135000000.0,128600000.0,18350000.0,22000000.0,0.478,0.02474,0.85943,17960506.0,17547774.0,0.112799995,49.13,52.59,35.73,177742.0,none
ELF,,"e.l.f. Beauty, Inc.","e.l.f. Beauty, Inc.",Consumer Defensive,Household & Personal Products,United States,6176956928.0,6762016256.0,106.81632,27.16428,,5.278072,3.50544,32.283,3.837,0.060399998,0.051409997,0.14315,0.03383,0.71593004,0.11887,0.355,0.931,,0.999,79.503,2.546,1.536,344240992.0,929299968.0,281395360.0,296943008.0,1.595,0.02853,0.98537004,59007996.0,57411830.0,0.0842,104.68,147.75,48.82,2026833.0,buy
EMN,,Eastman Chemical Company,Eastman Chemical Company,Basic Materials,Specialty Chemicals,United States,7416368640.0,12268367872.0,16.89323,9.483655,0.514,1.2165939,0.83658975,8.807,1.384,0.07334,0.03549,0.12893,0.04986,0.19662,0.15713,0.099,0.325,,0.307,88.518,1.498,0.725,693000000.0,5465999872.0,544625024.0,991000000.0,1.087,0.00926,0.9539,114326623.0,113259956.0,0.0675,64.87,83.47,56.11,1128155.0,buy
ELS,,"Equity Lifestyle Properties, In","Equity LifeStyle Properties, Inc.",Real Estate,REIT - Residential,United States,11679760384.0,14661011456.0,27.870815,26.686886,4.3925,6.4265223,7.448466,19.265,9.35,0.22877,0.05905,0.32112998,0.25625,0.53656,0.48533002,0.064,0.191,,0.208,182.359,0.139,0.029,14429000.0,3312741120.0,603528512.0,588641024.0,0.654,0.0076200003,1.12459,194064619.0,192426714.0,0.0642,58.25,69.0,57.46,1538404.0,buy
ENOV,,Enovis Corporation,Enovis Corporation,Healthcare,Medical Devices,United States,1024786944.0,2383369984.0,,4.812588,,0.69373417,0.4462186,6.276,1.038,-0.54142,0.01195,0.04185,-0.4797,0.61316,0.16537,0.032,,,,92.555,1.985,0.742,12563000.0,1369048064.0,185942752.0,270103008.0,1.429,0.0164,1.24427,57669494.0,52763550.0,0.19600001,17.77,34.28,17.3,1463741.0,strong_buy
ENPH,,"Enphase Energy, Inc.","Enphase Energy, Inc.",Technology,Solar,United States,4422881280.0,4098538496.0,32.495148,14.878465,0.7455,3.7421737,3.3292243,21.37,3.085,0.12996,0.023759998,0.17981,0.100880004,0.30037,0.14437,-0.196,-0.035,,-0.026,51.899,3.451,2.529,937708032.0,613364992.0,78322752.0,204691008.0,1.643,0.03031,0.96612,132144648.0,128144630.0,0.2174,33.47,73.74,25.78,4455576.0,buy
ENR,,"Energizer Holdings, Inc.","Energizer Holdings, Inc.",Industrials,Electrical Equipment & Parts,United States,1514173312.0,4771773440.0,18.579832,6.5424848,1.3488,7.451972,0.506565,10.59,1.596,0.42183998,0.05052,0.11987001,0.02727,0.36854,0.15075,0.012,-0.728,,-0.74,1688.484,2.072,0.895,173400000.0,3431000064.0,194475008.0,217500000.0,0.756,0.12946,1.0368,68483637.0,59553371.0,0.1122,22.11,25.35,15.75,995365.0,none
ENS,,EnerSys,EnerSys,Industrials,Electrical Equipment & Parts,United States,7079603712.0,7659911680.0,21.062233,13.654702,0.9459,3.6183,1.8660034,12.35,2.019,0.18363,0.078449994,0.14028,0.09292,0.2976,0.16348,0.048,1.116,,1.027,56.108,2.795,1.293,530663008.0,1107324032.0,614659776.0,776788992.0,1.218,0.01287,1.04584,36065224.0,35856767.0,0.097399995,196.3,244.3,108.88,515395.0,buy
ENSG,,"The Ensign Group, Inc.","The Ensign Group, Inc.",Healthcare,Medical Care Facilities,United States,10011756544.0,11860707328.0,26.591331,20.085167,1.3792,4.0651255,1.8247292,20.354,2.162,0.16973,0.05491,0.09035,0.06902,0.16566,0.10621,0.173,0.167,,0.182,92.027,1.211,1.119,320844000.0,2250345984.0,280635360.0,608428032.0,0.686,0.03531,0.92613,58282434.0,55652958.0,0.0306,171.78,218.0,141.58,383025.0,buy
ENTG,,"Entegris, Inc.","Entegris, Inc.",Technology,Semiconductor Equipment & Materials,United States,25436616704.0,28643016704.0,79.27143,33.162544,1.3143,6.1161733,7.64758,31.314,8.612,0.07671,0.04131,0.19271,0.091850005,0.45555001,0.27501,0.115,0.751,,0.773,85.655,3.049,1.559,353600000.0,3560000000.0,477787488.0,780700032.0,1.364,0.0051200003,1.10717,152800000.0,152115456.0,0.0671,166.47,186.94,67.97,2409107.0,buy
ENVA,,"Enova International, Inc.","Enova International, Inc.",Financial Services,Credit Services,United States,4304679424.0,9214868480.0,12.835189,8.250537,,2.8738842,2.5444646,,5.447,0.26081,0.05491,0.29944,0.21011,0.83291,0.0,0.311,0.399,,0.38,337.015,20.146,19.122,135266000.0,5045454848.0,,1999186944.0,1.211,0.045339998,0.97616,24898371.0,23809565.0,0.1024,172.89,267.45,103.02,354817.0,strong_buy
EPAC,,Enerpac Tool Group Corp.,Enerpac Tool Group Corp.,Industrials,Specialty Industrial Machinery,United States,1836998528.0,1891658752.0,19.910614,17.300972,,4.2976003,2.8970995,12.165,2.983,0.21645,0.10475001,0.2469,0.14717,0.50092,0.24523,0.056,0.422,,0.352,43.58,2.67,1.762,115680000.0,184792992.0,102963752.0,124517000.0,0.868,0.0137600005,1.02758,51543169.0,50430412.0,0.0494,35.64,45.0,32.35,463061.0,none
EPAM,,"EPAM Systems, Inc.","EPAM Systems, Inc.",Technology,Information Technology Services,United States,5586354176.0,4949782016.0,14.693352,7.702934,0.5882,1.5875506,0.99458855,6.57,0.881,0.111770004,0.08453,0.10936,0.07151,0.29451,0.13413,0.045,0.263,,0.17,4.326,2.755,2.581,789396992.0,152243008.0,650156096.0,538790016.0,1.383,0.03277,1.19206,51586981.0,49634414.0,0.1752,108.29,222.53,73.06,1414242.0,buy
EPC,,Edgewell Personal Care Company,Edgewell Personal Care Company,Consumer Defensive,Household & Personal Products,United States,1243017984.0,2125118080.0,,13.401108,,0.85129887,0.5539789,8.071,0.947,-0.012949999,0.029749999,0.08805,-0.041539997,0.40952998,0.11735,0.017,-0.534,,-0.529,87.622,1.842,0.971,397100000.0,1279200000.0,241862496.0,121200000.0,0.402,0.014099999,1.20784,46088915.0,41883302.0,0.1017,26.97,29.95,15.73,613877.0,buy
EPR,,EPR Properties,EPR Properties,Real Estate,REIT - Specialty,United States,4324573696.0,7839373824.0,17.807571,17.751572,,1.87125,5.8521247,13.654,10.608,0.113170005,0.0425,0.54328996,0.35626,0.91873,0.77695,0.106,-0.132,,-0.112,152.233,1.666,1.246,16277000.0,3524897024.0,337729984.0,440799008.0,1.009,0.02268,0.84952,76608922.0,74762647.0,0.1329,56.45,64.97,48.11,777073.0,buy
EPRT,,Essential Properties Realty Tru,"Essential Properties Realty Trust, Inc.",Real Estate,REIT - Retail,United States,5616306176.0,8441996800.0,20.07752,18.721718,,1.2706044,9.124949,14.968,13.716,0.064780004,0.03579,0.62468,0.43506,0.98414004,0.91633004,0.181,0.075,,0.175,65.659,3.841,3.724,126165000.0,2923130880.0,305324384.0,414070016.0,0.872,0.00624,1.20101,216273004.0,215245707.0,0.0912,25.9,34.73,25.37,1843088.0,strong_buy
EQH,,"Equitable Holdings, Inc.","Equitable Holdings, Inc.",Financial Services,Asset Management,United States,14358390784.0,5483570688.0,,5.841606,,-7.7582903,1.3520142,11.237,0.516,-0.25131,-0.00074,-0.26357,-0.08719,0.12768,0.04595,-0.298,,,,586.1,2.03,1.713,19132999680.0,7168000000.0,-8824250368.0,1356999936.0,1.095,0.00604,1.00694,272765787.0,252964343.0,0.0,52.64,55.06,35.195,2838031.0,strong_buy
ESAB,,ESAB Corporation,ESAB Corporation,Industrials,Metal Fabrication,United States,4343304192.0,6884168704.0,21.912226,10.781064,0.679,1.8354166,1.4467771,12.78,2.293,0.08727,0.05,0.12016,0.05747,0.36955002,0.17943001,0.129,-0.541,,-0.516,98.269,1.962,0.991,217491008.0,2539496960.0,146126368.0,258868000.0,1.126,0.06491,1.07546,62135967.0,58067221.0,0.0941,69.9,137.42,64.83,791466.0,strong_buy
ESE,,ESCO Technologies Inc.,ESCO Technologies Inc.,Technology,Scientific & Technical Instruments,United States,7123286016.0,7200705536.0,49.99091,29.80291,,4.4044857,5.518928,23.315,5.579,0.095,0.051090002,0.148,0.24391001,0.42008,0.23928,0.144,0.248,,0.256,9.315,1.382,0.857,73236000.0,150656000.0,233938368.0,243974000.0,1.095,0.00379,1.03042,25907567.0,25759635.0,0.0359,274.95,362.15,193.68,214549.0,none
ESI,,Element Solutions Inc.,Element Solutions Inc,Basic Materials,Specialty Chemicals,United States,9243196416.0,11184496640.0,49.259743,17.948828,,3.286259,2.9341617,19.831,3.55,0.06539,0.046469998,0.118310004,0.05669,0.38591,0.17904,0.564,0.619,,0.631,74.976,2.907,1.726,193100000.0,2119800064.0,50812500.0,224200000.0,1.261,0.06526,1.05931,243690914.0,229257101.0,0.0388,37.93,49.25,22.86,5339325.0,strong_buy
ETSY,,"Etsy, Inc.","Etsy, Inc.",Consumer Cyclical,Internet Retail,United States,6678957056.0,8632476672.0,23.028479,10.55848,0.78,-4.818248,2.2703981,18.336,2.934,,0.105349995,0.18744,0.07114,0.71401,0.16003999,0.062,,,,,1.476,0.89,1122288000.0,3075806976.0,169665376.0,657390976.0,1.813,0.01344,1.26386,91781748.0,79514200.0,0.1314,72.77,87.974,44.0,3027660.0,buy
EVR,,Evercore Inc.,Evercore Inc.,Financial Services,Capital Markets,United States,10063630336.0,10219921408.0,14.578272,11.628511,1.1465,5.41433,2.136655,,2.17,0.39504,0.19288999,0.16955,0.15818,0.93934995,0.0,0.188,-0.017,,-0.02,50.183,1.827,1.598,1256599040.0,1093142016.0,,1668034944.0,1.484,0.02333,0.95408994,38457778.0,36417593.0,0.030199999,261.68,388.71,251.13,505696.0,buy
ESNT,,Essent Group Ltd.,Essent Group Ltd.,Financial Services,Insurance - Specialty,Bermuda,5412362752.0,5210115584.0,8.215552,7.632359,,0.95567584,4.091002,6.07,3.938,0.12009,0.07202,0.6575,0.51452,0.76005995,0.64882004,0.136,0.078,,-0.029,8.757,1.791,1.101,698219008.0,495972000.0,690249472.0,834083008.0,0.758,0.05505,0.97688,89876493.0,86662510.0,0.0469,60.22,70.37,55.34,656607.0,buy
EVTC,,"Evertec, Inc.","EVERTEC, Inc.",Technology,Software - Infrastructure,United States,1627061760.0,2769197824.0,17.797386,6.219252,,2.5365627,1.6333305,10.08,2.78,0.14845,0.05029,0.19387,0.097950004,0.51118,0.27577,0.197,-0.857,,-0.866,184.286,1.702,1.287,260659008.0,1325160960.0,151623120.0,231570000.0,0.695,0.01359,1.06489,59752542.0,58862827.0,0.066599995,27.23,34.41,21.81,426034.0,none
EWBC,,"East West Bancorp, Inc.","East West Bancorp, Inc.",Financial Services,Banks - Regional,United States,17292265472.0,16144030720.0,12.1239195,11.014406,,1.8702488,5.986391,,5.589,0.16577,0.01775,0.65281,0.50064,0.0,0.0,0.163,0.174,,0.172,,,,5606418944.0,4458183168.0,,1975175936.0,0.925,0.00878,0.93902,137011856.0,135737646.0,0.0341,126.21,137.47,92.67,772187.0,buy
EXEL,,"Exelixis, Inc.","Exelixis, Inc.",Healthcare,Biotechnology,United States,14467973120.0,13794516992.0,18.361635,13.722679,,7.8820195,5.939429,13.52,5.663,0.44393003,0.23974001,0.39513,0.35331002,0.96483004,0.41886002,0.106,0.262,,0.147,8.999,3.456,3.244,839385024.0,165928992.0,739715136.0,1183422976.0,0.422,0.01845,1.06808,247781692.0,213602685.0,0.1456,58.39,61.14,33.76,2364077.0,buy
EXLS,,"ExlService Holdings, Inc.","ExlService Holdings, Inc.",Technology,Information Technology Services,United States,5420146688.0,5626488832.0,22.626581,13.765779,0.9053,6.262042,2.4226134,14.84,2.515,0.25944,0.1201,0.14609,0.11174,0.38511002,0.16946,0.156,0.05,,-0.023,56.585,1.244,1.109,283824000.0,490166016.0,262332752.0,327708000.0,0.81,0.026870001,1.04063,151612499.0,146384900.0,0.075100005,35.75,43.88,24.85,2220990.0,strong_buy
EXPO,,"Exponent, Inc.","Exponent, Inc.",Industrials,Engineering & Construction,United States,3199851520.0,3213943552.0,31.302326,24.739374,,11.083663,5.6421633,23.316,5.667,0.31204,0.11293,0.18823999,0.19708,0.36416999,0.24305001,0.12,0.157,,0.107,27.968,1.977,1.806,66629000.0,80721000.0,76945872.0,118148000.0,0.685,0.01244,1.00928,47546084.0,46899933.0,0.0865,67.3,81.95,51.91,505033.0,buy
EXP,,Eagle Materials Inc,Eagle Materials Inc.,Basic Materials,Building Materials,United States,5256523776.0,6818391552.0,13.492913,12.135023,,3.550031,2.2609348,9.673,2.933,0.2703,0.09233,0.21666999,0.17316,0.2702,0.30319,0.026,-0.125,,-0.172,120.746,3.231,1.856,233539008.0,1795406976.0,25278250.0,631910016.0,1.366,0.01243,1.0968,30675325.0,30256607.0,0.0785,171.36,245.53,167.32,444104.0,hold
EXTR,,"Extreme Networks, Inc.","Extreme Networks, Inc.",Technology,Communication Equipment,United States,3055786496.0,2999751936.0,70.06061,15.207325,0.8099,34.251854,2.3806508,36.072,2.337,0.54638,0.0343,0.064380005,0.03281,0.61479,0.06479,0.103,,,,219.625,0.928,0.635,211758000.0,194566000.0,81449504.0,123182000.0,1.756,0.03193,1.00186,132170695.0,126270585.0,0.0851,23.12,33.73,13.48,1629028.0,none
EYE,,"National Vision Holdings, Inc.","National Vision Holdings, Inc.",Consumer Cyclical,Specialty Retail,United States,1296736640.0,1957317760.0,26.451612,13.573687,,1.4454433,0.6377103,10.578,0.963,0.057550002,0.02933,0.04887,0.02473,0.58637,0.091000006,0.025,0.364,,0.423,77.705,0.592,0.186,36429000.0,697009984.0,48656000.0,129608000.0,0.977,0.02685,1.29166,79069313.0,76995325.0,0.2814,16.4,30.02,14.75,2145623.0,none
EZPW,,"EZCORP, Inc.","EZCORP, Inc.",Financial Services,Credit Services,United States,1855590016.0,2359543040.0,15.1,13.634313,,1.5940882,1.1711174,9.141,1.489,0.14745,0.06852,0.13097,0.09991,0.58554,0.16291,0.347,0.412,,0.441,69.526,4.811,1.673,311025984.0,811856000.0,-11004125.0,181643008.0,0.643,0.04441,1.2385601,58473206.0,55703337.0,0.2703,30.2,37.13,16.5,929001.0,buy
FA,,First Advantage Corporation,First Advantage Corporation,Industrials,Specialty Business Services,United States,3107024384.0,4908134400.0,120.6,12.014266,,2.3985682,1.8681766,11.654,2.951,0.01939,0.02823,0.12774,0.01512,0.45219,0.25323,0.149,54.987,,53.916,157.74,2.527,2.42,239968992.0,2041079040.0,215071744.0,261336992.0,1.17,0.025559999,1.0701699,171753691.0,93798126.0,0.13159999,18.09,25.15,8.82,2005371.0,none
FAF,,First American Corporation (New,First American Financial Corporation,Financial Services,Insurance - Specialty,United States,6380229120.0,6464329216.0,8.536885,8.457922,,1.1339964,0.7991369,4.717,0.81,0.13846,0.04087,0.15567,0.09333,0.63984,0.17165,0.15,0.504,,0.496,49.421,0.396,0.396,2728100096.0,2789199872.0,2337762560.0,1004000000.0,1.23,0.035269998,0.99136,102100000.0,98756225.0,0.0687,62.49,79.87,56.2,810360.0,none
FBIN,,"Fortune Brands Innovations, Inc","Fortune Brands Innovations, Inc.",Industrials,Building Products & Equipment,United States,4599954432.0,7193164288.0,31.096775,11.43074,1.3708,1.9940016,1.0473722,9.747,1.638,0.06406,0.054190002,0.11015,0.0339,0.44268,0.16804,-0.041,,,,121.292,2.014,0.793,209700000.0,2799899904.0,299150016.0,496200000.0,1.373,0.00527,1.08546,119293417.0,118624212.0,0.0738,38.56,64.84,32.34,2346042.0,buy
FBK,,FB Financial Corporation,FB Financial Corporation,Financial Services,Banks - Regional,United States,2669831936.0,1926430080.0,13.768041,10.362754,,1.3786162,4.1025295,,2.96,0.1108,0.013040001,0.45556,0.30199,0.0,0.0,1.302,17.834,,19.161,,,,1135800960.0,392305984.0,,207047008.0,0.922,0.0209,0.83257,49978138.0,48835638.0,0.060300004,53.42,62.655,49.24,444817.0,strong_buy
FBNC,,First Bancorp,First Bancorp,Financial Services,Banks - Regional,United States,2580388864.0,2117508224.0,19.357143,12.336468,,1.5024346,6.2826138,,5.156,0.08144,0.01039,0.51192003,0.32444,0.0,0.0,0.16,0.312,,0.31,,,,550332032.0,88985000.0,,232500000.0,0.818,0.01982,0.84686995,41398823.0,40702717.0,0.0634,62.33,66.78,45.96,220809.0,buy
FBRT,,"Franklin BSP Realty Trust, Inc.","Franklin BSP Realty Trust, Inc.",Real Estate,REIT - Mortgage,United States,520694752.0,4990052864.0,14.581395,5.578292,,0.42462415,1.779508,,17.054,0.04119,0.01075,0.08555,0.21381001,0.99637,0.0,0.142,-0.368,,-0.329,270.288,8.697,7.956,153383008.0,4187389952.0,,158144992.0,1.112,0.015360001,0.60671,83045416.0,81684302.0,0.10560001,6.27,11.06,6.19,1792241.0,buy
FBP,,First BanCorp. New,First BanCorp.,Financial Services,Banks - Regional,United States,4128150272.0,3739380480.0,11.409284,10.611746,,2.0744152,4.3262405,,3.919,0.19494,0.01954,0.49097002,0.39044,0.0,0.0,0.094,0.244,,0.199,,,,561326016.0,200000000.0,,458193984.0,0.793,0.01798,0.98285,152668268.0,147825616.0,0.0713,27.04,29.88,19.16,1362807.0,buy
FCF,,First,First Commonwealth Financial Corporation,Financial Services,Banks - Regional,United States,2077709824.0,2193266432.0,12.385542,10.535863,,1.3195558,4.0974493,,4.325,0.109069996,0.01377,0.45363998,0.33199,0.0,0.0,0.096,0.375,,0.335,,,,196082000.0,319700000.0,,191716992.0,0.729,0.0162,0.80533,101055925.0,98346556.0,0.0535,20.56,22.34,15.0,856112.0,buy
FCN,,"FTI Consulting, Inc.","FTI Consulting, Inc.",Industrials,Consulting Services,United States,3766218752.0,4766494208.0,16.493347,12.552143,,2.7748392,0.9598587,10.88,1.215,0.15634,0.06876,0.092250004,0.06443,0.31824,0.11165,0.053,-0.066,,-0.194,95.02,2.028,1.722,188947008.0,1267516032.0,289741120.0,403920000.0,-0.057,0.0216,1.13239,27611575.0,26371910.0,0.1766,136.4,189.3,129.12,421207.0,buy
FCFS,,"FirstCash Holdings, Inc.","FirstCash Holdings, Inc.",Financial Services,Credit Services,United States,9123691520.0,11654410240.0,23.689188,16.265997,,3.9393258,2.214307,14.787,2.829,0.17398001,0.08297,0.15508,0.0942,0.57869,0.19128999,0.294,0.582,,0.563,116.419,4.887,3.199,172298000.0,2703015936.0,219812256.0,672852992.0,0.53,0.084259994,1.00156,43371800.0,39714256.0,0.065,210.36,238.93,146.77,416665.0,strong_buy
FCPT,,"Four Corners Property Trust, In","Four Corners Property Trust, Inc.",Real Estate,REIT - Retail,United States,2365250560.0,3586418432.0,19.414413,18.76818,,1.4597304,7.7195363,15.267,11.705,0.07646,0.03703,0.55078,0.38702,0.85603994,0.76671,0.077,-0.025,,0.073,77.616,0.252,0.236,40092000.0,1259201024.0,189772992.0,194791008.0,0.809,0.01293,1.06022,109756406.0,108383353.0,0.0494,21.55,26.86,21.35,882038.0,buy
FFBC,,First Financial Bancorp.,First Financial Bancorp.,Financial Services,Banks - Regional,United States,3351670016.0,3566445056.0,11.261485,9.032602,,1.1196599,3.5173624,,3.743,0.10286,0.013890001,0.39804,0.29931998,0.0,0.0,0.165,0.0,,0.092,,,,1341366016.0,1562450944.0,,792280000.0,0.922,0.0119,0.86504,105166926.0,103475232.0,0.0678,31.87,36.25,23.06,933822.0,buy
FELE,,"Franklin Electric Co., Inc.","Franklin Electric Co., Inc.",Industrials,Specialty Industrial Machinery,United States,4361460736.0,4576377856.0,28.347702,19.10896,1.5433,3.0988882,1.9718288,12.954,2.069,0.11767,0.08597,0.15447,0.07056,0.35525,0.15970999,0.06,0.114,,0.093,21.845,2.406,0.987,97283000.0,308318016.0,149414368.0,265586000.0,1.022,0.07501,0.93953,44211464.0,37903372.0,0.019299999,98.65,115.82,89.54,275760.0,none
FFIN,,"First Financial Bankshares, Inc","First Financial Bankshares, Inc.",Financial Services,Banks - Regional,United States,4607979520.0,4345894912.0,17.192514,14.91388,,2.2923353,7.231572,,6.82,0.14408,0.018129999,0.55958,0.42218,0.0,0.0,0.098,0.073,,0.079,,,,307368000.0,75626000.0,,346718016.0,0.824,0.03625,0.72133005,143327507.0,136899111.0,0.0837,32.15,36.52,28.12,745888.0,hold
CWEN-A,empty info,,,,,,,,,,,,,,,,,,,,,,,,,,,,,,,,,,,,,,,,,,
FG,,"F&G Annuities & Life, Inc.","F&G Annuities & Life, Inc.",Financial Services,Insurance - Life,United States,2870099712.0,2580099840.0,7.2105265,4.5177245,,0.6227449,0.47306737,3.312,0.425,0.09167,0.00439,-0.0373,0.0689,0.32766998,0.1284,0.042,,,,48.807,0.941,0.1,2665999872.0,2291000064.0,2268624896.0,4335000064.0,1.24,0.027090002,0.97662,130935209.0,33155414.0,0.12109999,21.92,35.33,20.57,649553.0,none
FHB,,"First Hawaiian, Inc.","First Hawaiian, Inc.",Financial Services,Banks - Regional,United States,3073670912.0,2054644864.0,10.841202,10.019992,,1.0876211,3.4885778,,2.332,0.10321999,0.012,0.43712002,0.32339,0.0,0.0,0.059,0.034,,0.002,,,,1034296000.0,15288000.0,,334881984.0,0.703,0.00733,1.13613,121681352.0,120379868.0,0.1504,25.26,30.58,22.645,2237663.0,hold
FHI,,"Federated Hermes, Inc.","Federated Hermes, Inc.",Financial Services,Asset Management,United States,4186201856.0,4106383616.0,10.421933,9.591173,1.3978,3.1974225,2.164517,7.396,2.123,0.31137,0.14803,0.27722,0.21295999,0.69044,0.28709,0.183,0.193,,0.146,32.354,2.592,2.372,480710016.0,451942016.0,371463872.0,373985984.0,0.632,0.03893,0.93278,74651281.0,67965657.0,0.062,56.07,67.2,46.66,604019.0,none
FHN,,First Horizon Corporation,First Horizon Corporation,Financial Services,Banks - Regional,United States,11095861248.0,12297861120.0,11.259616,10.123278,,1.3079414,3.1693406,,3.513,0.11453,0.01288,0.41284,0.30191,0.0,0.0,0.09,0.2,,0.12,,,,4530999808.0,4755999744.0,,1059000000.0,0.611,0.009649999,0.92931,473777158.0,468333458.0,0.0001,23.42,26.56,19.8,5253763.0,buy
FIBK,,"First Interstate BancSystem, In","First Interstate BancSystem, Inc.",Financial Services,Banks - Regional,United States,3430965760.0,3067265792.0,11.076923,12.636367,,1.0352563,3.2410407,,2.897,0.09616999,0.012130001,0.43242002,0.30635,0.0,0.0,0.074,0.259,,0.17,,,,1196800000.0,833100032.0,,271900000.0,0.725,0.08417,0.98233,95304607.0,79158100.0,0.1611,36.0,40.6,29.1,1144876.0,hold
FIVE,,"Five Below, Inc.","Five Below, Inc.",Consumer Cyclical,Specialty Retail,United States,12177401856.0,13028135936.0,19.855474,19.993673,0.9842,4.918066,2.2916267,15.881,2.452,0.28250998,0.07843,0.08859,0.11652,0.37578,0.15438,0.229,4.182,,4.177,82.332,2.222,1.181,1187904000.0,2038637952.0,367360512.0,803480000.0,0.989,0.01643,1.03056,55054035.0,53781736.0,0.044899996,221.19,263.88,137.77,1119263.0,buy
FIVN,,"Five9, Inc.","Five9, Inc.",Technology,Software - Infrastructure,United States,2567500544.0,2756702464.0,50.52941,8.950994,0.2842,3.2714462,2.1326935,18.193,2.29,0.079169996,0.02863,0.033210002,0.049390003,0.55063,0.12587,0.103,3.0,,1.918,107.449,4.149,3.495,654062016.0,843264000.0,260481504.0,248760000.0,1.487,0.02903,1.1049,74723531.0,66834221.0,0.118,34.36,40.0,13.29,2598620.0,buy
FIZZ,,National Beverage Corp.,National Beverage Corp.,Consumer Defensive,Beverages - Non-Alcoholic,United States,2838415872.0,2785138944.0,15.957894,15.508554,,7.616177,2.4040132,11.537,2.359,0.4012,0.20626,0.17686,0.14813,0.36215,0.20446,0.0,-0.161,,-0.157,15.983,2.392,1.555,107098000.0,58771000.0,131415752.0,187015008.0,0.755,0.74641997,0.26962999,93615302.0,23684671.0,0.17709999,30.32,38.21,28.97,434957.0,none
FLG,,"Flagstar Bank, N.A.","Flagstar Bank, National Association",Financial Services,Banks - Regional,United States,4856586240.0,11611586560.0,390.0,8.72132,,0.6388904,2.391229,,5.717,0.0059100003,0.00053,0.20281,0.023629999,0.0,0.0,0.153,,,,,,,5127000064.0,11377999872.0,,162000000.0,0.994,0.00947,0.89405996,415092836.0,299829857.0,0.0001,11.7,15.44,10.57,4433336.0,buy
FLO,,"Flowers Foods, Inc.","Flowers Foods, Inc.",Consumer Defensive,Packaged Foods,United States,1181159936.0,3136176896.0,21.423079,7.796862,,0.8924852,0.22610581,6.441,0.6,0.040110003,0.0493,0.062529996,0.01056,0.48629,0.093210004,,,,,151.702,0.772,0.424,52766000.0,2007783040.0,298536992.0,421284992.0,0.401,0.080290005,1.06205,212057418.0,195981345.0,0.23629999,5.57,13.28,5.4,6540038.0,none
FLR,,Fluor Corporation,Fluor Corporation,Industrials,Engineering & Construction,United States,6673679360.0,4801679360.0,,14.824366,1.1043,2.5185485,0.42958993,-20.608,0.309,-0.45167,-0.01928,0.03257,-0.12848,-0.00798,-0.015,0.088,-0.945,,-0.954,38.492,1.796,1.738,3043000064.0,1072000000.0,21500000.0,-287000000.0,1.262,0.02387,0.99988,133741067.0,131551726.0,0.108,49.9,58.35,39.33,2430787.0,buy
FLS,,Flowserve Corporation,Flowserve Corporation,Industrials,Specialty Industrial Machinery,United States,9453378560.0,11108560896.0,25.46918,16.01249,1.6509,4.188443,2.0399737,15.495,2.397,0.16936001,0.06471,0.13919,0.08012,0.35146,0.1547,-0.016,0.242,,0.211,99.608,2.153,1.469,731006976.0,2318344960.0,428336256.0,487838016.0,1.262,0.0060900003,1.1615599,127112780.0,126211550.0,0.062800005,74.37,92.41,48.71,1701130.0,buy
FMC,,FMC Corporation,FMC Corporation,Basic Materials,Agricultural Inputs,United States,1312808192.0,5007314432.0,,5.2273974,,0.6457042,0.4037919,18.594,1.54,-0.88376,0.0058099995,0.11833,-0.84830004,0.31927,0.08283,-0.175,,,,265.047,1.987,1.07,476600000.0,4402699776.0,165637504.0,156400000.0,0.418,0.20746,0.83973,155546005.0,92727970.0,0.2825,8.44,32.0,8.33,3682638.0,buy
FN,,Fabrinet,Fabrinet,Technology,Electronic Components,Cayman Islands,16616267776.0,15745225728.0,34.603733,21.282171,,6.7703834,3.5802455,29.667,3.393,0.21326,0.085880004,0.10231,0.10192,0.11991,0.114350006,0.446,0.581,,0.597,0.164,2.253,1.35,875054976.0,4013000.0,-57873500.0,256724992.0,1.208,0.00261,1.0417299,35834864.0,35717684.0,0.056900002,463.69,748.89,358.28,866906.0,buy
FNB,,F.N.B. Corporation,F.N.B. Corporation,Financial Services,Banks - Regional,United States,6211571200.0,8864867328.0,10.264706,9.344994,,0.90213513,3.5598438,,5.08,0.0904,0.01199,0.44671002,0.34615,0.0,0.0,0.068,0.162,,0.146,,,,2462000128.0,5167000064.0,,704000000.0,0.863,0.01509,0.9458,355963949.0,346671665.0,0.081599995,17.45,19.59,14.46,4799342.0,buy
FND,,"Floor & Decor Holdings, Inc.","Floor & Decor Holdings, Inc.",Consumer Cyclical,Home Improvement Retail,United States,4844228608.0,6536408576.0,21.45755,20.638718,,1.9480965,1.0281175,13.337,1.387,0.09694,0.027420001,0.054380003,0.04927,0.44976002,0.10402001,0.03,0.534,,0.517,80.645,1.333,0.412,320614016.0,2012793984.0,140193248.0,505007008.0,1.553,0.01339,1.21306,106489965.0,104824462.0,0.122200005,45.49,77.46,42.64,2439457.0,hold
FNF,,"Fidelity National Financial, In","Fidelity National Financial, Inc.",Financial Services,Insurance - Specialty,United States,10529250304.0,12651250688.0,13.631944,6.7822256,,1.4117224,0.6859447,5.252,0.824,0.102110006,0.012309999,0.10666,0.05029,0.54046,0.15694,0.105,0.058,,0.036,54.297,0.94,0.145,4016999936.0,4783000064.0,3589125120.0,5562999808.0,0.977,0.057389997,0.84805,268192827.0,253380537.0,0.0279,39.26,58.41,38.06,2013884.0,none
FORM,,"FormFactor, Inc.","FormFactor, Inc.",Technology,Semiconductor Equipment & Materials,United States,11651705856.0,11335977984.0,102.86206,39.337887,,10.484324,12.9144125,60.696,12.564,0.10989001,0.074,0.24122,0.12798001,0.46182,0.20701,0.319,5.025,,5.186,2.691,4.078,3.086,345640000.0,29912000.0,114850000.0,179730000.0,1.241,0.00758,0.94642997,78120725.0,77457480.0,0.0584,149.15,160.27,37.14,1297009.0,buy
FOUR,,"Shift4 Payments, Inc.","Shift4 Payments, Inc.",Technology,Software - Infrastructure,United States,2855987456.0,8194987520.0,55.646152,5.8294044,0.2787,4.659281,0.597237,9.015,1.714,0.064899996,0.032899998,0.0749,0.021960001,0.35904998,0.19009,0.341,-0.754,,-0.353,262.321,1.211,0.681,356000000.0,4567000064.0,353524992.0,593000000.0,1.377,0.30485,0.92001,78960120.0,44070801.0,0.1909,36.17,80.98,34.56,1784507.0,buy
FOXF,,Fox Factory Holding Corp.,Fox Factory Holding Corp.,Consumer Cyclical,Auto Parts,United States,783878144.0,1402543232.0,,10.237858,,1.1751733,0.5353606,9.757,0.958,-0.3675,0.01933,0.04889,-0.20391001,0.29549,0.098179996,-0.045,0.469,,0.477,102.0,3.105,1.057,61276000.0,680161024.0,48863876.0,36592000.0,1.382,0.00982,1.03156,42031001.0,41680462.0,0.0955,18.65,26.015,13.08,527277.0,hold
FR,,"First Industrial Realty Trust, ","First Industrial Realty Trust, Inc.",Real Estate,REIT - Industrial,United States,8147148288.0,10515005440.0,21.388489,31.54025,,2.8400838,10.714716,20.199,13.829,0.1363,0.03524,0.45097,0.47917998,0.73745,0.68461,0.084,0.393,,0.397,90.051,1.498,1.122,46052000.0,2584134912.0,290640736.0,449494016.0,1.044,0.0035299999,1.03016,132572946.0,131691336.0,0.0461,59.46,69.88,50.24,1043150.0,buy
FRPT,,"Freshpet, Inc.","Freshpet, Inc.",Consumer Defensive,Packaged Foods,United States,2895979264.0,3038827520.0,15.611399,30.703854,2.4693,2.3674078,2.4598315,15.687,2.581,0.17622,0.03486,0.07113,0.17283002,0.41367,0.16455,0.155,0.176,,0.191,39.885,6.046,4.867,350808992.0,493656992.0,19274124.0,206622000.0,1.659,0.0207,1.3391701,48058074.0,46921981.0,0.1865,60.26,86.0,46.45,1204047.0,buy
FSS,,Federal Signal Corporation,Federal Signal Corporation,Industrials,Farm & Heavy Construction Machinery,United States,7101580800.0,7524580864.0,25.073277,20.13151,1.4142,4.7105026,2.901091,15.055,3.074,0.20608,0.117510006,0.17650999,0.11659,0.29167998,0.20417999,0.187,0.207,,0.206,32.223,2.739,1.124,62800000.0,485800000.0,194724992.0,372500000.0,1.226,0.02568,1.04881,61041611.0,59512519.0,0.0876,116.34,134.51,101.19,438673.0,none
FTI,,TechnipFMC plc,TechnipFMC plc,Energy,Oil & Gas Equipment & Services,United Kingdom,26988752896.0,27246952448.0,24.062939,19.026028,,8.262696,2.5900667,13.735,2.615,0.35814,0.095290005,0.1769,0.11282,0.22966999,0.19038,0.09,0.406,,0.346,37.898,1.08,0.744,991800000.0,1242700032.0,1463362560.0,1859200000.0,0.744,0.01362,1.01026,392164388.0,387729009.0,0.0326,68.82,80.7,35.29,3118073.0,buy
FTDR,,"frontdoor, inc.","Frontdoor, Inc.",Consumer Cyclical,Personal Services,United States,5321319424.0,5878319616.0,19.907215,14.87109,,18.84362,2.4796455,11.392,2.739,1.01859,0.12362,0.28217,0.12768,0.55544996,0.24045,0.045,0.189,,0.126,416.901,1.591,1.487,627000000.0,1184000000.0,333624992.0,410000000.0,1.506,0.0072899996,1.10071,68893316.0,68369038.0,0.0695,77.24,93.43,48.47,547119.0,buy
FTRE,,Fortrea Holdings Inc.,Fortrea Holdings Inc.,Healthcare,Biotechnology,United States,1902000000.0,2851200000.0,,17.692383,,3.628447,0.7106296,29.005,1.065,-0.15303999,0.00583,0.025799999,-0.03183,0.19301,0.036730003,-0.045,,,,213.239,0.958,0.854,168600000.0,1117799936.0,278862496.0,227800000.0,1.953,0.01229,1.08008,95100000.0,93983526.0,0.155,20.0,21.39,8.55,1412198.0,buy
FUL,,H. B. Fuller Company,H.B. Fuller Company,Basic Materials,Specialty Chemicals,United States,2702221824.0,4792650752.0,13.983288,9.68968,,1.2461523,0.7603161,7.852,1.348,0.09584,0.05032,0.13161,0.05564,0.32700002,0.17175,0.052,0.18,,0.179,100.906,1.816,0.911,97230000.0,2187659008.0,151052752.0,289366016.0,0.971,0.0028600001,1.06567,53829119.0,53542210.0,0.0744,50.2,68.63,46.7,780807.0,strong_buy
FUN,,Six Flags Entertainment Corpora,Six Flags Entertainment Corporation,Consumer Cyclical,Leisure,United States,1186869248.0,6449071104.0,,436.09024,,10.347903,0.3880702,8.124,2.109,-1.4315801,0.02437,0.12994,-0.57251,0.38197,0.25956,-0.07,,,,1455.3,0.42,0.268,134712992.0,5157263872.0,483434880.0,471220000.0,0.372,0.02836,1.07925,102316312.0,86668055.0,0.2522,11.6,27.37,10.45,2261219.0,none
FULT,,Fulton Financial Corporation,Fulton Financial Corporation,Financial Services,Banks - Regional,United States,4354761216.0,5093337088.0,10.861905,9.612872,,1.2054113,3.2656233,,3.819,0.11101,0.01191,0.42348,0.29740998,0.0,0.0,0.137,-0.019,,0.032,,,,1363265024.0,1908962944.0,,426432992.0,0.794,0.00852,0.84990996,190914563.0,188287579.0,0.0617,22.81,25.23,16.6,1711547.0,buy
G,,Genpact Limited,Genpact Limited,Technology,Information Technology Services,Bermuda,5593865216.0,6487781376.0,9.907739,7.374736,,2.147465,1.065489,7.381,1.236,0.22447,0.091759995,0.15016,0.11098,0.36456,0.16743,0.071,0.147,,0.098,54.308,1.996,1.768,520700000.0,1414616064.0,479428736.0,643963008.0,0.585,0.00588,1.10743,168034407.0,143877781.0,0.074099995,33.29,48.64,26.85,2209868.0,buy
GAP,,"Gap, Inc. (The)","The Gap, Inc.",Consumer Cyclical,Apparel Retail,United States,7907090944.0,11142090752.0,6.780121,8.541366,1.1662,1.9998224,0.5159266,7.59,0.727,0.33776,0.0478,0.0671,0.08137,0.40539002,0.09578,-0.02,1.421,,1.319,144.773,1.822,0.771,2484999936.0,5720000000.0,246375008.0,1535000064.0,2.059,0.36291,0.66356003,351270137.0,193595511.0,0.1392,22.51,29.36,18.11,7179103.0,buy
GBCI,,"Glacier Bancorp, Inc.","Glacier Bancorp, Inc.",Financial Services,Banks - Regional,United States,5717606912.0,6928183808.0,17.995901,12.202883,,1.325545,5.063548,,6.136,0.07946,0.010290001,0.44305,0.27603,0.0,0.0,0.415,0.667,,0.854,,,,1066403968.0,2276980992.0,,444551008.0,0.72,0.0070200004,0.89203,130211953.0,129546570.0,0.083500005,43.91,54.58,39.9,1068711.0,buy
GATX,,GATX Corporation,GATX Corporation,Industrials,Rental & Leasing Services,United States,6038223872.0,18565124096.0,16.718475,15.208601,,2.1685877,2.9424608,15.667,9.047,0.117989995,0.02451,0.27771,0.17938,0.73627,0.57746,0.348,0.379,,0.37,347.592,3.302,3.301,756800000.0,12478199808.0,-4936737280.0,837900032.0,1.178,0.01516,1.04739,35305058.0,35088991.0,0.1145,171.03,205.56,150.42,222138.0,strong_buy
GBX,,"Greenbrier Companies, Inc. (The","The Greenbrier Companies, Inc.",Industrials,Railroads,United States,1255532544.0,3003132416.0,12.005918,10.821334,,0.7980649,0.47746143,10.623,1.142,0.06341,0.022179998,0.04493,0.04073,0.15123999,0.10751,-0.316,-0.677,,-0.686,108.749,3.676,1.449,286800000.0,1879399936.0,-164687504.0,106100000.0,1.404,0.08453,1.07736,30939686.0,30204559.0,0.1317,40.58,59.19,38.23,423303.0,underperform
GEO,,Geo Group Inc (The) REIT,"The GEO Group, Inc.",Industrials,Security & Protection Services,United States,4127590144.0,5600947712.0,14.792454,18.339182,1.3543,2.6849315,1.4598944,11.423,1.981,0.20127001,0.059959996,0.13892001,0.10312,0.26042998,0.17343001,0.151,0.714,,0.632,106.105,1.653,1.528,54992000.0,1607155968.0,-3632500.0,198692000.0,0.776,0.0519,0.94536,131619584.0,112434738.0,0.1046,31.36,33.15,12.51,2059079.0,strong_buy
GEF,,Greif Inc.,"Greif, Inc.",Consumer Cyclical,Packaging & Containers,United States,4671781888.0,5747681792.0,33.958675,17.234545,,1.5567048,1.0857402,9.908,1.336,,,0.10561,0.24743,0.22521,0.13482,0.035,0.434,,0.42,39.41,1.289,0.816,288500000.0,1233600000.0,,-52172732.0,0.756,0.0308,0.96936,24808643.0,27967021.0,,82.18,90.57,55.75,306579.0,none
GFF,,Griffon Corporation,Griffon Corporation,Industrials,Building Products & Equipment,United States,4310087680.0,5482986496.0,19.617954,15.267709,,33.088028,1.6852164,10.82,2.144,2.27544,0.14102,0.23589,0.06998,0.41297,0.19813,0.07,,,,1035.176,2.411,1.066,110350000.0,1336992000.0,444938752.0,313175008.0,1.399,0.18261999,0.81869006,45866631.0,42273105.0,0.0624,93.97,108.57,65.01,333990.0,none
GGG,,Graco Inc.,Graco Inc.,Industrials,Specialty Industrial Machinery,United States,12632397824.0,12177035264.0,24.45141,22.314022,2.3162,5.007383,5.571781,16.567,5.371,0.21240999,0.12705,0.29729,0.23533002,0.52642,0.32419,0.033,0.145,,0.136,2.07,2.992,2.028,507575008.0,52212000.0,536623264.0,673452992.0,0.91,0.0075499997,0.93681,161953824.0,160329427.0,0.0431,78.0,95.69,72.51,1800828.0,hold
GIII,,"G-III Apparel Group, LTD.","G-III Apparel Group, Ltd.",Consumer Cyclical,Apparel Manufacturing,United States,1173530112.0,985179008.0,9.062914,11.43017,,0.63945615,0.41173723,7.467,0.346,0.07677,0.0233,0.00728,0.047509998,0.39953,0.046290003,-0.096,0.84,,0.848,18.737,2.704,1.632,529190016.0,340839008.0,151427872.0,308995008.0,1.27,0.15970999,1.0552,42876508.0,36818057.0,0.2852,27.37,37.54,24.61,614020.0,buy
GHC,,Graham Holdings Company,Graham Holdings Company,Industrials,Conglomerates,United States,4868515328.0,5141102592.0,9.310844,17.158358,,1.0224581,0.9605675,7.791,1.014,0.118710004,0.04394,0.1974,0.10691,0.29947,0.13019,0.071,6.765,,6.649,30.218,1.86,1.443,1246066944.0,1457356032.0,267685120.0,326784992.0,0.712,0.07166,0.86647004,3270927.0,2850361.0,0.1329,1149.61,1262.35,929.76,29750.0,none
GKOS,,Glaukos Corporation,Glaukos Corporation,Healthcare,Medical Devices,United States,9658619904.0,9475412992.0,,323.69977,,14.122466,15.760453,-255.919,15.462,-0.25981,-0.051760003,-0.08495,-0.30685,0.79121,-0.06042,0.495,,,,15.766,5.04,4.155,286225984.0,107604000.0,15456250.0,-950000.0,0.767,0.03578,1.0507901,58983937.0,56827628.0,0.0855,163.75,191.62,73.16,791438.0,strong_buy
GLPI,,"Gaming and Leisure Properties, ","Gaming and Leisure Properties, Inc.",Real Estate,REIT - Specialty,United States,11285206016.0,19420862464.0,10.985423,11.320041,,2.1996498,6.8182583,11.786,11.734,0.19354999,0.06415,0.77479,0.58529,1.02151,0.99555,0.09,0.479,,0.508,155.719,24.29,22.195,319004000.0,8379888128.0,506751744.0,1203380992.0,0.676,0.0401,0.97207,290920043.0,278544304.0,0.0401,37.68,49.95,37.355,3289590.0,buy
GMED,,"Globus Medical, Inc.","Globus Medical, Inc.",Healthcare,Medical Devices,United States,10150201344.0,9666970624.0,19.335037,14.004694,,2.1283784,3.2274768,9.568,3.074,0.118140005,0.08736,0.24755,0.17025,0.68974996,0.32125,0.059,-0.262,,-0.253,2.347,4.622,2.784,595142016.0,111912000.0,554194880.0,910387008.0,0.956,0.0061299996,0.92237,111831817.0,110916452.0,0.061,75.6,101.4,56.5,1507093.0,buy
GME,,GameStop Corporation,GameStop Corp.,Consumer Cyclical,Specialty Retail,United States,12461174784.0,11734074368.0,16.25,13.279571,,1.8062158,3.5093994,23.199,3.305,0.15786,0.02865,0.19982,0.25158,0.37893,0.14245,-0.187,0.645,,0.772,70.557,8.718,7.585,5060299776.0,4333199872.0,85450000.0,704700032.0,1.714,0.08369,0.32951,504500990.0,461931196.0,0.084,24.7,26.88,17.79,7127071.0,none
GNL,,"Global Net Lease, Inc.","Global Net Lease, Inc.",Real Estate,REIT - Diversified,United States,1908372352.0,4026192384.0,,-63.46154,,1.1530398,4.151099,12.046,8.758,-0.00962,0.02189,0.31274998,-0.02942,0.85733,0.72700995,-0.1,,,,161.696,5.63,3.884,153808992.0,2440154880.0,366119616.0,218387008.0,1.01,0.09032,0.73292,231317857.0,207027913.0,0.0,8.25,10.035,7.48,2528207.0,none
GNTX,,Gentex Corporation,Gentex Corporation,Consumer Cyclical,Auto Parts,United States,4651887616.0,4423108096.0,11.621053,9.977091,0.6552,1.8329737,1.7712162,7.387,1.684,0.16354999,0.1067,0.18993,0.15499,0.34333,0.22799999,-0.01,0.258,,0.194,0.441,3.038,1.553,242810928.0,11198119.0,356785760.0,594145088.0,0.791,0.00472,1.0282199,210683331.0,209674158.0,0.081599995,22.08,27.65,20.48,2395123.0,buy
GNW,,Genworth Financial Inc,"Genworth Financial, Inc.",Financial Services,Insurance - Life,United States,3608477440.0,4851477504.0,18.365385,8.681818,,0.41263396,0.48888734,9.393,0.657,0.033970002,0.0034999999,0.07248,0.028719999,0.06625,0.06998,0.053,0.0,,-0.078,23.338,10.675,1.104,2072999936.0,2279000064.0,673625024.0,430000000.0,0.855,0.01828,0.90260005,377851037.0,369171799.0,0.0388,9.55,10.69,7.84,3386188.0,none
GO,,Grocery Outlet Holding Corp.,Grocery Outlet Holding Corp.,Consumer Defensive,Grocery Stores,United States,1151361792.0,2928034816.0,,17.267,,1.410023,0.24277343,14.416,0.617,-0.3806,0.013990001,0.01777,-0.08039,0.29985002,0.04283,0.011,0.136,,0.134,226.658,1.291,0.222,74199000.0,1850872064.0,-44593500.0,185278000.0,0.721,0.061189998,1.22061,99084492.0,87823539.0,0.32840002,11.62,16.99,5.655,2451015.0,hold
GOLF,,Acushnet Holdings Corp.,,Consumer Cyclical,Leisure,United States,4885581824.0,5906509824.0,22.669376,19.747404,,5.2829356,1.8042572,15.803,2.181,0.25239,0.0825,0.16048001,0.081190005,0.47506002,0.13803001,0.138,0.664,,0.652,117.199,2.55,1.117,66641000.0,1085628032.0,45248500.0,270206016.0,0.803,0.53095,0.55855,58405044.0,27140824.0,0.1291,83.65,119.65,75.16,357830.0,none
GPI,,"Group 1 Automotive, Inc.","Group 1 Automotive, Inc.",Consumer Cyclical,Auto & Truck Dealerships,United States,2978648576.0,8553717248.0,10.617934,5.6718755,0.2864,0.99838555,0.1344471,8.322,0.386,0.0949,0.05499,0.03827,0.0130900005,0.15946001,0.04639,-0.056,-0.201,,-0.265,195.668,1.02,0.204,169300000.0,5776500224.0,135050000.0,439200000.0,0.823,0.02387,1.09453,11922225.0,9582668.0,0.156,249.84,461.27,234.05,224087.0,buy
GPOR,,Gulfport Energy Corporation,Gulfport Energy Corporation,Energy,Oil & Gas E&P,United States,2730388736.0,3651745024.0,5.8352227,5.947703,,1.4942127,2.0047598,3.622,2.681,0.27411,0.14116,0.49495,0.36472,0.68134004,0.74018997,-0.162,-0.468,,-0.528,50.48,0.576,0.337,1054000.0,922409984.0,102005000.0,837356992.0,0.424,0.0214,1.21884,17683866.0,14668767.0,0.085200004,154.4,225.78,149.18,306311.0,buy
GPK,,Graphic Packaging Holding Compa,Graphic Packaging Holding Company,Consumer Cyclical,Packaging & Containers,United States,2599508480.0,8095508480.0,13.507692,7.8549957,,0.80329365,0.30097356,7.083,0.937,0.060100004,0.03128,0.045250002,0.02246,0.15491,0.13234,-0.007,-0.765,,-0.769,176.151,1.379,0.501,207000000.0,5702000128.0,237875008.0,793000000.0,0.663,0.015470001,1.21438,296071573.0,270878843.0,0.09020001,8.78,19.38,8.7,5343606.0,hold
GRBK,,"Green Brick Partners, Inc.","Green Brick Partners, Inc.",Consumer Cyclical,Residential Construction,United States,2867093248.0,3148357888.0,10.009009,11.1192665,,1.487183,1.4558991,8.349,1.599,0.16383,0.094469994,0.19545001,0.14794,0.30501,0.19148001,-0.087,-0.081,,-0.095,14.244,7.051,0.454,131642000.0,291859008.0,6958250.0,117203000.0,1.796,0.08399,0.83335996,43010696.0,29917810.0,0.00029999999,66.66,83.18,60.44,298374.0,hold
GSHD,,"Goosehead Insurance, Inc.","Goosehead Insurance, Inc.",Financial Services,Insurance Brokers,United States,1626445056.0,1356318592.0,34.47727,16.959637,,-9.637865,4.0494695,12.833,3.377,,0.1382,0.23388,0.087869994,0.49583,0.26315,0.207,1.222,,0.954,,1.544,1.211,23655000.0,372836992.0,36873876.0,86154000.0,1.357,0.0358,1.1524199,23802805.0,20737480.0,0.124,45.51,79.85,33.68,498568.0,buy
GT,,The Goodyear Tire & Rubber Comp,The Goodyear Tire & Rubber Company,Consumer Cyclical,Auto Parts,United States,1393430016.0,8907429888.0,,8.953678,,0.49042454,0.078756005,9.071,0.503,-0.61530995,0.0050999997,-0.009649999,-0.14373,0.18080999,0.0555,-0.048,,,,273.675,1.087,0.488,861000000.0,8213000192.0,497124992.0,894000000.0,1.107,0.040510003,0.95731,287898737.0,274790708.0,0.2174,4.84,10.62,4.83,9068166.0,hold
GTES,,Gates Industrial Corporation Lt,Gates Industrial Corporation Ltd.,Industrials,Specialty Industrial Machinery,United States,6999629824.0,8909029376.0,18.809523,14.303376,,1.9874928,1.9972693,12.042,2.542,0.10384,0.04438,0.15346,0.103719994,0.40532002,0.21109,0.066,2.058,,2.025,60.695,3.244,2.116,826499968.0,2363599872.0,417662496.0,476600000.0,1.263,0.01983,1.02661,253151170.0,247589439.0,0.0561,27.65,30.34,20.88,1833338.0,buy
GTM,,ZoomInfo Technologies Inc.,ZoomInfo Technologies Inc.,Technology,Software - Application,United States,1080018304.0,2445518336.0,,3.2888615,,1.308642,0.8587249,7.233,1.944,-0.45449,0.02918,0.20554,-0.43015,0.86507004,0.26882,0.012,,,,183.227,0.651,0.56,152900000.0,1518400000.0,356462496.0,439300000.0,0.853,0.13196999,0.98654,291110046.0,243239910.0,0.1552,3.71,12.31,2.54,6605973.0,hold
GTY,,Getty Realty Corporation,Getty Realty Corp.,Real Estate,REIT - Retail,United States,1746502144.0,2821421056.0,17.09091,19.41721,,1.5558621,7.494591,13.371,12.107,0.094639994,0.043369997,0.55269,0.42743,0.96416,0.90546,0.109,0.504,,0.612,96.193,1.719,1.317,4848000.0,1079767040.0,108609872.0,138824000.0,0.748,0.060650002,0.95868,61932699.0,59467778.0,0.1535,28.2,36.83,25.39,570984.0,buy
GVA,,Granite Construction Incorporat,Granite Construction Incorporated,Industrials,Engineering & Construction,United States,5327672832.0,5982169088.0,,14.886427,0.1108,6.9720926,1.0725696,12.351,1.204,-0.14548,0.047280002,0.08996,-0.0332,0.15641,0.09751,0.293,,,,215.12,1.013,0.918,1051094016.0,1732434944.0,959048128.0,605022016.0,1.328,0.00928,1.12824,44426893.0,43420083.0,0.1377,119.92,162.08,97.26,741684.0,none
GXO,,"GXO Logistics, Inc.","GXO Logistics, Inc.",Industrials,Integrated Freight & Logistics,United States,5339714048.0,10724714496.0,40.486958,13.154512,1.1398,1.7889804,0.39144593,11.397,0.786,0.04502,0.024230001,0.029930001,0.0095999995,0.15255,0.06898,0.043,-0.04,,-0.038,202.482,0.789,0.697,769000000.0,6119000064.0,340624992.0,509000000.0,1.54,0.01033,1.08313,114684579.0,108139530.0,0.0655,46.56,66.85,43.61,1427677.0,strong_buy
GWRE,,"Guidewire Software, Inc.","Guidewire Software, Inc.",Technology,Software - Application,United States,12475184128.0,12413011968.0,93.34355,28.465376,0.9979,10.451298,8.455671,75.955,8.414,0.10508,0.03536,0.15159,0.09441,0.64212996,0.110769995,0.153,-0.382,,-0.396,59.897,1.786,1.673,777160000.0,714987008.0,343031744.0,389716000.0,0.967,0.00667,1.05811,81992669.0,74331274.0,0.0435,152.15,255.89,102.3,1343617.0,buy
H,,Hyatt Hotels Corporation,Hyatt Hotels Corporation,Consumer Cyclical,Lodging,United States,14974217216.0,19195217920.0,196.17284,32.61253,,4.5315843,4.4223914,22.961,5.669,0.02157,0.02192,0.16749,0.02333,0.43444002,0.2469,-0.066,,,,124.421,0.62,0.522,606000000.0,4509000192.0,170250000.0,443000000.0,1.34,0.0336,1.21849,41600929.0,40151446.0,0.2868,158.9,206.86,134.18,788544.0,none
HAE,,Haemonetics Corporation,Haemonetics Corporation,Healthcare,Medical Devices,United States,4762631168.0,5712272384.0,50.57005,18.119598,1.6923,5.686349,3.522622,15.921,4.225,0.111999996,0.06598,0.17932,0.07122,0.59331,0.26537,0.056,0.029,,-0.03,140.265,3.08,1.674,224516992.0,1174157952.0,312840000.0,328148992.0,0.543,0.01263,1.1245201,45497051.0,44886936.0,0.0881,104.68,110.45,48.17,682346.0,buy
HAFC,,Hanmi Financial Corporation,Hanmi Financial Corporation,Financial Services,Banks - Regional,United States,938991936.0,767411328.0,10.521595,9.355983,,1.1465083,3.3786411,,2.761,0.11344,0.01127,0.45029998,0.32154,0.0,0.0,0.233,0.58,,0.555,,,,333616000.0,169306000.0,,213182000.0,0.705,0.021879999,0.95548,29649255.0,28751855.0,0.051,31.67,33.5,22.85,239015.0,hold
HALO,,"Halozyme Therapeutics, Inc.","Halozyme Therapeutics, Inc.",Healthcare,Biotechnology,United States,12468890624.0,14416419840.0,32.217007,10.570516,,87.259735,7.494504,13.721,8.665,1.73674,0.25492,0.59803003,0.24858999,0.76271003,0.63152003,0.477,0.429,,0.392,1517.687,2.709,1.994,231003008.0,2178533120.0,337308640.0,818595008.0,0.882,0.01107,1.1195301,113498000.0,112185963.0,0.175,109.86,116.85,61.23,2181687.0,none
HASI,,HA Sustainable Infrastructure C,"HA Sustainable Infrastructure Capital, Inc.",Financial Services,Asset Management,United States,4660542464.0,10396383232.0,55.800003,10.879444,1.1056,1.8175896,36.599777,,81.644,0.03371,0.010679999,0.22208,0.67654,1.0,0.0,8.044,0.245,,0.307,222.661,8.703,8.445,252920992.0,5900639232.0,,208530000.0,1.423,0.02242,1.1140599,128495790.0,125619012.0,0.1492,36.27,44.13,27.28,994646.0,buy
HAYW,,"Hayward Holdings, Inc.","Hayward Holdings, Inc.",Industrials,Electrical Equipment & Parts,United States,2630282752.0,3156375808.0,16.9863,12.778499,1.112,1.6568679,2.2532952,10.336,2.704,0.104119994,0.05047,0.24106,0.13828,0.47951,0.26161,0.063,0.05,,0.018,63.255,3.327,2.304,487280992.0,1013374016.0,164106256.0,239235008.0,1.103,0.02242,1.09168,212119582.0,207119923.0,0.0462,12.4,17.73,12.02,2972138.0,none
HCI,,"HCI Group, Inc.","HCI Group, Inc.",Financial Services,Insurance - Property & Casualty,United States,2291861248.0,1586142208.0,7.94181,9.461332,,2.1275737,2.4070935,3.364,1.666,0.34974998,0.116210006,0.45431,0.32597,0.59726,0.49528,0.111,0.082,,0.115,5.722,0.865,0.679,872336000.0,67465000.0,423198496.0,411371008.0,1.023,0.14656,0.77992994,12438867.0,9914026.0,0.0544,184.25,210.5,144.75,162363.0,buy
HCC,,"Warrior Met Coal, Inc.","Warrior Met Coal, Inc.",Basic Materials,Coking Coal,United States,4717866496.0,4631200256.0,21.426857,12.8803,,2.0599897,2.804156,10.416,2.753,0.10037,0.051680002,0.18545,0.13036,0.30597,0.26427,0.713,14.478,,14.596,10.297,3.927,2.507,322497984.0,235832000.0,-53619500.0,301334016.0,0.688,0.018099999,0.99824,52802087.0,51774030.0,0.0992,89.35,111.42,61.87,641282.0,buy
HCSG,,"Healthcare Services Group, Inc.","Healthcare Services Group, Inc.",Healthcare,Medical Care Facilities,United States,1432354048.0,1285361024.0,11.994253,16.95604,,2.7345388,0.76818544,9.478,0.689,0.24691999,0.098409995,0.04717,0.06594,0.17114,0.07273,0.027,,,,3.417,3.022,2.599,164722000.0,17729000.0,70280248.0,154280000.0,0.807,0.01388,1.12795,68632202.0,67851854.0,0.0539,20.87,25.75,15.13,714179.0,buy
HE,,"Hawaiian Electric Industries, I","Hawaiian Electric Industries, Inc.",Utilities,Utilities - Regulated Electric,United States,1539894912.0,4099202304.0,6.8992248,8.7397995,5.5409,0.872036,0.46911058,7.962,1.249,0.13448,0.01627,0.045450002,0.06824,0.17581,0.15684,0.259,3.733,,3.723,158.868,0.986,0.598,238732000.0,2800655104.0,324624384.0,-143712000.0,0.494,0.0030500002,0.87955004,173021908.0,172068183.0,0.15010001,8.9,17.38,8.68,2263609.0,underperform
HFWA,,Heritage Financial Corporation,Heritage Financial Corporation,Financial Services,Banks - Regional,United States,1151363840.0,1135735808.0,13.400001,10.6793165,,1.0373046,3.9018834,,3.849,0.07798,0.01005,0.28932,0.26399,0.0,0.0,0.531,0.17,,0.436,,,,221364992.0,205736992.0,,90109000.0,0.482,0.013990001,0.82065004,40915558.0,40277275.0,0.0856,28.14,31.25,21.32,397849.0,buy
HIMS,,"Hims & Hers Health, Inc.","Hims & Hers Health, Inc.",Healthcare,Drug Manufacturers - Specialty & Generic,United States,6766088704.0,7471280128.0,,39.334835,2.5883,20.878328,2.6244354,-734.134,2.898,-0.32033002,-0.0221,-0.12751001,-0.05509,0.69528997,-0.0039500003,0.382,,,,477.128,0.934,0.82,841048000.0,1546238976.0,849437248.0,263450000.0,2.412,0.0495,0.71148,224935790.0,213743084.0,0.2726,29.0,65.299,13.74,12248042.0,hold
HGV,,Hilton Grand Vacations Inc.,Hilton Grand Vacations Inc.,Consumer Cyclical,Resorts & Casinos,United States,2709463808.0,10426463232.0,19.806818,6.6085687,,2.4679646,0.57599145,11.199,2.217,0.11456,0.03348,0.12666,0.0321,0.24617,0.19792,0.062,-0.4,,-0.52,624.086,4.814,2.878,290000000.0,7850999808.0,-127000000.0,463000000.0,1.508,0.020599999,1.0849,77724145.0,47726511.0,0.1545,34.86,55.4,34.01,1110557.0,buy
HIW,,"Highwoods Properties, Inc.","Highwoods Properties, Inc.",Real Estate,REIT - Office,United States,3332636928.0,6928537088.0,19.649006,42.385715,,1.3839265,3.9728308,14.354,8.259,0.06815,0.0218,0.26328,0.20107001,0.67342,0.5754,0.075,4.002,,3.988,132.648,1.05,0.82,145376992.0,3515608064.0,270770112.0,384428000.0,1.062,0.013099999,1.20679,110306211.0,108820386.0,0.1757,29.67,35.44,20.45,1256458.0,none
HL,,Hecla Mining Company,Hecla Mining Company,Basic Materials,Other Precious Metals & Mining,United States,11554417664.0,11090592768.0,20.476192,16.658596,,4.315103,6.625327,11.44,6.359,0.22173999,0.15305,0.4427,0.19150999,0.61395,0.5559,0.524,0.929,,1.043,0.802,5.197,4.411,485340000.0,21478000.0,342344736.0,734268992.0,1.382,0.0055400003,0.76894,671768431.0,668288671.0,0.0,17.2,34.17,11.81,37774601.0,buy
HLI,,"Houlihan Lokey, Inc.","Houlihan Lokey, Inc.",Financial Services,Capital Markets,United States,8831556608.0,8689557504.0,21.60171,14.374896,,3.9172351,3.4997032,,3.443,0.17794001,0.11173,0.18395,0.16077,0.94111,0.0,-0.155,-0.19,,-0.204,20.846,1.664,1.659,745000000.0,493000000.0,,500131008.0,0.967,0.00201,1.0550901,54197538.0,54027157.0,0.0478,126.37,205.36,112.83,907833.0,buy
HLIT,,Harmonic Inc.,Harmonic Inc.,Technology,Communication Equipment,United States,1218272256.0,1116533248.0,44.68,13.829221,,3.3797276,2.7445736,17.425,2.515,0.06546,0.04696,0.18027,-0.10619,0.50009,0.14435,0.535,,,,36.111,3.047,2.363,231862000.0,130123000.0,71000248.0,62318000.0,1.317,0.018339999,0.86787003,109066445.0,107013815.0,0.0813,11.17,17.68,8.47,1523415.0,buy
HLNE,,Hamilton Lane Incorporated,Hamilton Lane Incorporated,Financial Services,Asset Management,United States,5833601024.0,4508704256.0,13.248097,11.864162,,3.9691732,6.7961698,11.732,5.253,0.32416,0.10783,0.45933998,0.32141998,0.6066,0.44772997,0.565,0.505,,0.497,21.558,4.111,3.982,337017984.0,364790016.0,231402752.0,373135008.0,1.199,0.11453,1.10184,43349167.0,39859879.0,0.1019,87.04,155.66,71.88,669174.0,strong_buy
HLX,,"Helix Energy Solutions Group, I",Helix Energy Solutions Group Inc,Energy,Oil & Gas Equipment & Services,United States,1562253952.0,562874112.0,44.166668,19.539171,,0.30309096,2.0754616,1.894,0.748,0.37597,,0.2161,0.25559,0.5078,0.39475,0.235,163.206,,179.217,83.17,1.745,1.624,85913000.0,490112000.0,,155627008.0,,0.0678,0.94621,147382447.0,,0.062,10.6,10.75,6.105,1523535.0,buy
HMN,,Horace Mann Educators Corporati,Horace Mann Educators Corporation,Financial Services,Insurance - Property & Casualty,United States,1833077760.0,2197877760.0,10.50116,8.412639,,1.2194859,1.0498126,7.813,1.259,0.12385,0.01048,0.13213,0.10154,0.39488,0.1611,0.077,0.423,,0.415,39.537,2.872,0.219,229400000.0,594200000.0,222650000.0,566099968.0,0.094,0.015570001,1.06663,40501054.0,40258858.0,0.038,45.26,55.56,41.29,285303.0,buy
HNI,,HNI Corporation,HNI Corporation,Consumer Cyclical,"Furnishings, Fixtures & Appliances",United States,3379551744.0,4915451904.0,,9.749089,0.5009,1.872126,0.7694615,10.957,1.119,0.00329,0.05156,0.08164,0.00098,0.4188,0.102139995,1.207,-0.315,,0.06,91.076,1.362,0.717,108200000.0,1644099968.0,104212496.0,200600000.0,0.908,0.02098,0.89893997,72181800.0,70994409.0,0.059699997,46.82,52.79,28.93,563580.0,strong_buy
HOG,,"Harley-Davidson, Inc.","Harley-Davidson, Inc.",Consumer Cyclical,Recreational Vehicles,United States,2554979840.0,3595591936.0,13.792134,12.262859,2.02,0.82440645,0.60261303,8.412,0.848,0.06093,0.01623,0.05633,0.0478,0.27989,0.100810006,-0.059,-0.15,,-0.258,74.04,1.903,1.592,1283299968.0,2307102976.0,110030248.0,-255000.0,1.303,0.011829999,1.1228,104072507.0,102940198.0,0.24159999,24.55,28.88,17.09,2110669.0,hold
HOMB,,"Home BancShares, Inc.","Home BancShares, Inc.",Financial Services,Banks - Regional,United States,5735422976.0,5607326720.0,11.798353,11.01358,,1.2638308,5.2169805,,5.1,0.11106,0.020130001,0.57611,0.43603,0.0,0.0,0.086,-0.016,,0.008,,,,1049468992.0,921372992.0,,452148000.0,0.666,0.063439995,0.79061997,200049630.0,187536526.0,0.0695,28.67,31.7,25.5,1601230.0,buy
HOPE,,"Hope Bancorp, Inc.","Hope Bancorp, Inc.",Financial Services,Banks - Regional,United States,1747508352.0,1746799360.0,13.544555,8.72449,,0.7611418,3.272322,,3.271,0.056550004,0.00681,0.34244,0.23934,0.0,0.0,0.71,,,,,,,675403008.0,674694016.0,,202840992.0,0.806,0.047620002,0.95279,127741836.0,125146122.0,0.0729,13.68,14.59,9.8,956011.0,buy
HP,,"Helmerich & Payne, Inc.","Helmerich & Payne, Inc.",Energy,Oil & Gas Drilling,United States,3853645824.0,5580692480.0,,25.542515,,1.4970688,0.96437776,6.739,1.397,-0.04639,0.00937,0.05096,-0.03428,0.31845,0.20723,-0.006,,,,69.731,1.962,1.375,231387008.0,1862115968.0,493073888.0,579628032.0,0.65,0.03815,1.04845,99938945.0,96042326.0,0.103999995,38.56,48.17,21.73,1223149.0,buy
HQY,,"HealthEquity, Inc.","HealthEquity, Inc.",Healthcare,Health Information Services,United States,7447685120.0,8162698240.0,32.272404,16.37058,1.3157,3.7510417,5.467704,15.893,5.993,0.11434,0.06653,0.28415,0.17362,0.71247,0.37706003,0.076,0.147,,0.097,48.792,2.993,2.459,256003008.0,971016000.0,397510624.0,490175008.0,0.225,0.02165,1.11341,82715296.0,81037003.0,0.0771,90.04,107.62,72.76,833131.0,strong_buy
HR,,Healthcare Realty Trust Incorpo,Healthcare Realty Trust Incorporated,Real Estate,REIT - Healthcare Facilities,United States,6062051328.0,10420975616.0,,249.57141,,1.419748,5.2806015,14.859,9.078,-0.019199999,0.0086,0.14713,-0.07571,0.61946,0.61092997,-0.043,,,,103.031,0.342,0.052,24670000.0,4402505216.0,493022368.0,441155008.0,0.808,0.0058999998,1.15326,342719760.0,340389266.0,0.0861,17.47,22.04,16.31,3750607.0,none
HRB,,"H&R Block, Inc.","H&R Block, Inc.",Consumer Cyclical,Personal Services,United States,5105510912.0,6281370624.0,7.4295897,6.0231214,0.5438,44.059196,1.294044,6.098,1.592,7.13542,0.17401,0.3291,0.18594,0.4433,0.2611,0.03,0.045,,-0.019,1789.419,1.133,1.024,958705984.0,2102353024.0,624796864.0,838694976.0,0.376,0.00696,1.06175,122493064.0,112636702.0,0.2316,41.68,58.67,28.16,2138092.0,hold
HRMY,,"Harmony Biosciences Holdings, I","Harmony Biosciences Holdings, Inc.",Healthcare,Biotechnology,United States,2308490496.0,1800890624.0,12.787097,5.9284873,,2.3055894,2.4049332,7.035,1.876,0.20456,0.1162,0.34183997,0.18884,0.75424004,0.26668,0.303,0.882,,0.896,16.031,3.479,3.327,667790976.0,160191008.0,182835504.0,355076992.0,0.925,0.01217,0.99671,58236393.0,52094783.0,0.1062,39.64,43.49,25.52,890825.0,buy
HSTM,,"HealthStream, Inc.","HealthStream, Inc.",Healthcare,Health Information Services,United States,942965248.0,847873408.0,42.805553,34.82486,2.8196,2.5270581,2.9365067,18.883,2.64,0.059959996,0.03218,0.099379994,0.066020004,0.65081,0.13983,0.125,0.284,,0.238,3.766,1.062,0.844,66731000.0,13429000.0,50334876.0,71789000.0,0.443,0.29523,0.77219003,30595887.0,20941363.0,0.0617,30.82,31.11,19.5,191336.0,buy
HTH,,Hilltop Holdings Inc.,Hilltop Holdings Inc.,Financial Services,Financial Conglomerates,United States,2202662656.0,3632811776.0,14.29368,15.410823,,1.0359135,1.7339718,,2.86,0.076009996,0.010620001,0.15799,0.12734,0.0,0.0,0.052,0.111,,0.012,,,,1587552000.0,2987638016.0,,-94670000.0,0.874,0.32696998,0.57165,57286417.0,38203166.0,0.0771,38.45,40.41,30.78,273693.0,hold
HTLD,,"Heartland Express, Inc.","Heartland Express, Inc.",Industrials,Trucking,United States,920257984.0,1004276096.0,,23.724081,,1.2167689,1.2498666,10.63,1.364,-0.028469998,-0.0248,-0.04617,-0.029830001,0.28059998,0.12831001,-0.125,,,,19.358,1.585,1.206,62385000.0,146403008.0,-80482624.0,78498000.0,1.326,0.51387,0.51554,77332611.0,53998269.0,0.0776,11.9,16.64,7.0,727047.0,hold
HUBG,,"Hub Group, Inc.","Hub Group, Inc.",Industrials,Integrated Freight & Logistics,United States,1820540032.0,2252739072.0,17.30814,13.46614,1.9233,1.0699011,0.48822835,6.766,0.604,0.06241,0.03162,0.04162,0.02815,0.11378,0.08929,-0.053,0.205,,0.21,28.41,1.474,1.356,119699000.0,498759008.0,59145876.0,160236992.0,1.193,0.02869,1.0632,60578607.0,58751400.0,0.0846,29.77,53.26,29.37,1173030.0,buy
HTO,,H2O America,H2O America,Utilities,Utilities - Regulated Water,United States,2516849664.0,4304238592.0,21.172537,22.086317,2.6838,1.3648229,3.0378282,13.587,5.195,0.06463,0.022920001,0.21260001,0.12909001,0.56912,0.38237,0.062,-0.126,,0.078,102.581,1.667,1.448,104102000.0,1891490944.0,-250611632.0,245231008.0,0.332,0.17586,1.19451,41856804.0,36491180.0,0.16379999,60.13,67.09,43.75,439361.0,buy
HUBS,,"HubSpot, Inc.","HubSpot, Inc.",Technology,Software - Application,United States,10981942272.0,9596767232.0,76.3452,12.738524,0.2818,6.430177,3.1840966,61.257,2.782,0.07892,0.023610001,0.04869,0.042579997,0.83248,0.04542,0.198,,,,14.3,1.378,1.112,1337943040.0,236914000.0,666651008.0,856364992.0,1.181,0.037019998,1.00372,51190708.0,48006690.0,0.085,214.53,503.0,169.63,1773709.0,buy
HWC,,Hancock Whitney Corporation,Hancock Whitney Corporation,Financial Services,Banks - Regional,United States,5863502848.0,6706195456.0,14.110039,9.984931,,1.3234468,4.1514726,,4.748,0.097040005,0.01195,0.4386,0.30262,0.0,0.0,0.076,0.174,,0.118,,,,1136258048.0,1978950016.0,,577446976.0,0.952,0.00939,0.98427004,80223058.0,79679948.0,0.104899995,73.09,80.13,54.05,823263.0,buy
HXL,,Hexcel Corporation,Hexcel Corporation,Industrials,Aerospace & Defense,United States,6534623232.0,7431522304.0,43.862946,27.541916,0.6141,5.025298,3.3031507,19.104,3.757,0.10764,0.05983,0.13904999,0.077589996,0.24956,0.19663,0.08,2.802,,2.652,73.902,2.427,1.236,62500000.0,959400000.0,252975008.0,332400000.0,1.043,0.00957,1.15554,75623452.0,74831674.0,0.0664,86.41,111.74,60.82,937117.0,buy
HZO,,"MarineMax, Inc.  (FL)","MarineMax, Inc.",Consumer Cyclical,Specialty Retail,United States,1156240640.0,2102690176.0,327.1875,33.250763,,1.213913,0.52652097,18.31,0.958,0.00497,0.01651,0.060890004,0.00182,0.34210998,0.05229,-0.07,,,,115.137,1.234,0.311,174779008.0,1109810048.0,183364128.0,219006000.0,1.666,0.09421,0.84736997,22086735.0,20059183.0,0.1488,52.35,52.56,21.42,696174.0,none
HWKN,,"Hawkins, Inc.","Hawkins, Inc.",Basic Materials,Specialty Chemicals,United States,2743198976.0,2992925184.0,33.01759,27.39135,2.4597,6.2141204,2.4800665,17.959,2.706,0.15614,0.07048,0.12251,0.07289,0.22304001,0.15067,0.076,-0.036,,-0.032,47.009,2.27,1.457,7977000.0,257703008.0,81369504.0,147988992.0,0.771,0.041729998,0.79697996,20875117.0,19997318.0,0.078200005,131.41,186.15,116.05,167931.0,none
IART,,Integra LifeSciences Holdings C,Integra LifeSciences Holdings Corporation,Healthcare,Medical Devices,United States,986155392.0,2762189312.0,,4.861106,,0.94521064,0.5985165,8.716,1.676,-0.00696,0.028250001,0.09621,-0.0044,0.56872004,0.19233999,0.008,,,,196.489,3.601,1.636,274084000.0,2050118016.0,94402000.0,85327000.0,1.213,0.14332,0.98643994,77772506.0,58651358.0,0.120699994,12.68,20.49,8.7,849198.0,hold
IBP,,"Installed Building Products, In","Installed Building Products, Inc.",Consumer Cyclical,Residential Construction,United States,5129780736.0,5900859904.0,20.797415,16.86839,,7.972242,1.7306952,12.255,1.991,0.38451,0.108509995,0.122530006,0.084580004,0.33633998,0.16245002,0.023,-0.036,,-0.059,187.209,2.983,2.315,394500000.0,1197200000.0,289112512.0,360000000.0,1.722,0.13923,1.00285,26579177.0,22696322.0,0.13159999,193.0,349.0,186.64,383493.0,hold
IBOC,,International Bancshares Corpor,International Bancshares Corporation,Financial Services,Banks - Regional,United States,4343454720.0,4623317504.0,10.408345,,,1.2867565,5.185756,,5.52,0.1292,0.02468,0.60488,0.4934,0.0,0.0,-0.0,-0.043,,-0.043,,,,451156992.0,731019008.0,,470052000.0,0.681,0.13085,0.73014,62191514.0,56175107.0,0.044299997,69.84,78.46,63.2,328696.0,none
ICUI,,"ICU Medical, Inc.","ICU Medical, Inc.",Healthcare,Medical Instruments & Supplies,United States,3985621760.0,4970142720.0,132.81667,16.522484,0.0799,1.8521789,1.8455354,15.24,2.301,0.014099999,0.01932,0.075279996,0.01393,0.38259,0.15100999,0.005,-0.469,,-0.46,59.817,2.43,0.996,302643008.0,1287164032.0,163559632.0,236368000.0,0.755,0.017549999,1.15773,25007038.0,24556661.0,0.0726,159.38,192.85,112.5,280444.0,buy
ICHR,,Ichor Holdings,"Ichor Holdings, Ltd.",Technology,Semiconductor Equipment & Materials,United States,2356620032.0,2254306048.0,,19.250008,0.2465,2.7176917,2.324647,61.267,2.224,-0.051659998,0.0036199999,0.027590001,-0.03974,0.12667,0.0363,0.227,,,,17.81,3.701,2.027,256456000.0,154142000.0,10132000.0,-375000.0,1.809,0.0144299995,0.92483,37454229.0,36708890.0,0.0879,62.92,113.58,14.06,836182.0,strong_buy
IDA,,"IDACORP, Inc.","IDACORP, Inc.",Utilities,Utilities - Regulated Electric,United States,7680844800.0,11612168192.0,21.87644,19.095787,1.8115,1.9741027,4.2603455,17.184,6.441,0.094390005,0.02428,0.27459,0.18781,0.38970003,0.37482,0.042,0.017,,0.071,105.976,0.986,0.43,83644000.0,4007785984.0,-1221291392.0,479644992.0,0.471,0.0028900001,1.07069,57842043.0,57603734.0,0.1146,132.79,154.91,124.12,530963.0,buy
IDCC,,"InterDigital, Inc.","InterDigital, Inc.",Technology,Software - Application,United States,8648367104.0,7937496064.0,39.38073,28.921684,,7.193947,10.968154,18.697,10.067,0.26403,0.103549995,0.53518003,0.38323003,0.82498,0.53841,-0.134,-0.364,,-0.356,33.401,1.743,1.699,1112411008.0,401540000.0,600847744.0,557937984.0,1.418,0.01673,1.0892401,25806007.0,25275435.0,0.1371,335.13,412.6,249.14,227366.0,strong_buy
IESC,,"IES Holdings, Inc.","IES Holdings, Inc.",Industrials,Engineering & Construction,United States,13522262016.0,13216615424.0,29.405546,,,11.000389,3.3926585,23.967,3.316,0.44522998,0.16469,0.14364,0.11444,0.26305,0.13835,0.396,0.987,,0.981,6.233,1.63,1.455,387860000.0,76943000.0,329443360.0,371422016.0,1.78,0.030620001,0.97783995,39848712.0,18616521.0,0.0885,339.34,408.255,170.065,334050.0,none
IIPR,,Innovative Industrial Propertie,"Innovative Industrial Properties, Inc.",Real Estate,REIT - Industrial,United States,1392904576.0,1926198528.0,11.429864,11.507973,,0.80860466,5.2830977,9.507,7.306,0.073850006,0.03275,0.48824,0.52268004,0.88355005,0.76845,0.007,0.577,,0.685,32.892,4.581,3.166,204734000.0,609033024.0,99872376.0,196446000.0,1.396,0.01982,0.79622,27571349.0,26991524.0,0.2092,50.52,65.38,44.58,351357.0,none
INDB,,Independent Bank Corp.,Independent Bank Corp.,Financial Services,Banks - Regional,United States,3792369920.0,3518296064.0,14.477395,9.632356,,1.085412,3.9974763,,3.709,0.08239,0.01205,0.47252,0.28603,0.0,0.0,0.415,0.418,,0.602,,,,1032508992.0,758435008.0,,321719008.0,0.779,0.01648,0.8813,47369099.0,46767038.0,0.062800005,80.06,87.5,63.33,349152.0,buy
INDV,,"Indivior Pharmaceuticals, Inc.","Indivior Pharmaceuticals, Inc.",Healthcare,Drug Manufacturers - Specialty & Generic,United States,4214920448.0,4501267456.0,12.66312,7.312633,,-20.255245,3.166732,7.815,3.382,,0.26397,0.46939,0.26747,0.85725,0.43276,0.136,6.0,,5.778,,0.835,0.586,222000000.0,509000000.0,86500000.0,-40000000.0,1.113,0.01802,0.99135,118031934.0,109461200.0,0.1125,35.71,42.81,22.561,2049315.0,none
INGR,,Ingredion Incorporated,Ingredion Incorporated,Consumer Defensive,Packaged Foods,United States,6011889152.0,6842889216.0,10.3171,8.400007,1.1262,1.3296418,0.8332487,5.93,0.948,0.13693,0.07334,0.12595001,0.082049996,0.23728001,0.15994,0.009,-0.405,,-0.418,39.412,2.798,1.857,952000000.0,1783000064.0,457249984.0,805000000.0,0.61,0.0089,1.01738,63063979.0,62579017.0,0.080299996,95.33,123.49,93.97,647679.0,none
INSP,,"Inspire Medical Systems, Inc.","Inspire Medical Systems, Inc.",Healthcare,Medical Devices,United States,2022859008.0,1731267968.0,15.618304,45.439198,,2.44993,2.2507672,24.272,1.926,0.17965001,0.03915,-0.0025600002,0.15026,0.86132,0.07937,-0.076,,,,3.524,8.551,5.957,320684000.0,29093000.0,94637248.0,157072000.0,0.703,0.011770001,1.30316,28910375.0,23277767.0,0.17790002,69.97,147.03,38.91,807726.0,hold
INSW,,"International Seaways, Inc.","International Seaways, Inc.",Energy,Oil & Gas Midstream,United States,5736221184.0,5979590144.0,7.3251104,18.03425,,2.531643,4.5476007,7.376,4.741,0.37412,0.15758,0.64219004,0.61767,0.725,0.64269996,1.401,3.731,,3.784,28.815,5.944,5.648,409396992.0,652766016.0,69650376.0,633065984.0,-0.101,0.16228001,0.84717005,49531311.0,41484454.0,0.078600004,115.81,116.13,42.26,603034.0,strong_buy
INVX,,"Innovex International, Inc.","Innovex International, Inc.",Energy,Oil & Gas Equipment & Services,United States,1909947264.0,1754641408.0,31.03409,14.593118,,1.7770692,1.9146783,10.04,1.759,0.05994,0.05456,0.11575,0.06171,0.32401,0.1752,0.092,0.636,,0.631,7.043,5.006,3.214,229860000.0,74554000.0,174039872.0,157480000.0,1.071,0.01571,0.8757,69935827.0,51155260.0,0.075100005,27.31,33.71,17.01,678074.0,none
IOSP,,Innospec Inc.,Innospec Inc.,Basic Materials,Specialty Chemicals,United States,2399310592.0,2204610304.0,19.879593,15.839025,,1.785996,1.3024867,11.549,1.197,0.091309994,0.05113,0.080790006,0.065960005,0.27462998,0.10363,0.118,0.33,,0.311,3.546,2.784,1.79,250200000.0,47900000.0,32575000.0,124300000.0,0.915,0.01349,1.0218,24631047.0,24322174.0,0.028800001,97.41,100.48,65.51,182023.0,none
INVA,,"Innoviva, Inc.","Innoviva, Inc.",Healthcare,Biotechnology,United States,1481032448.0,1233215488.0,4.7674417,9.276018,0.2486,1.2074449,3.365998,6.312,2.803,0.36676,0.06949,0.43277,0.8119,0.72670996,0.44405997,0.193,,,,26.859,16.007,14.654,579056000.0,331239008.0,110332496.0,191494000.0,0.334,0.01007,1.0925499,72245485.0,67651395.0,0.13430001,20.5,25.15,16.52,818190.0,buy
IPGP,,IPG Photonics Corporation,IPG Photonics Corporation,Technology,Semiconductor Equipment & Materials,United States,3575028224.0,2719962880.0,127.34849,36.430386,,1.6805967,3.34321,26.057,2.544,0.01302,0.0097,0.05904,0.02577,0.37877998,0.09762,0.111,-0.228,,-0.206,0.764,6.179,4.424,871318976.0,16254000.0,45315500.0,96444000.0,0.983,0.39027,0.75106,42534539.0,27817589.0,0.2193,84.05,155.82,69.41,464995.0,buy
IRDM,,Iridium Communications Inc,Iridium Communications Inc.,Communication Services,Telecom Services,United States,5188856832.0,6792802304.0,55.011234,28.548103,1.886,10.977578,5.8686256,16.045,7.683,0.19715,0.051149998,0.15099,0.10548,0.71851,0.47882,0.038,-0.55,,-0.559,378.657,2.782,2.13,184214000.0,1789196032.0,239205376.0,395139008.0,0.88,0.119169995,0.89799005,105981552.0,86776256.0,0.0375,48.96,57.18,15.65,1250725.0,none
IRT,,"Independence Realty Trust, Inc.","Independence Realty Trust, Inc.",Real Estate,REIT - Residential,United States,3506866944.0,5950724608.0,80.61111,181.375,,1.0164624,5.178771,15.735,8.788,0.0125899995,0.01286,0.14755,0.06421,0.60678,0.5585,0.03,-0.667,,-0.579,70.156,0.588,0.158,37363000.0,2446127104.0,186066880.0,275769984.0,0.944,0.00679,1.03504,235744567.0,233581940.0,0.0935,14.51,17.79,14.34,3084558.0,buy
IPAR,,"Interparfums, Inc.","Interparfums, Inc.",Consumer Defensive,Household & Personal Products,United States,3649337600.0,3823142656.0,21.787762,21.896618,,4.192421,2.4301763,13.808,2.546,0.19105,0.103310004,0.12327,0.111719996,0.58423,0.18438,0.021,-0.04,,-0.047,15.12,3.31,1.83,211346000.0,164914000.0,215215008.0,256056992.0,1.134,0.43616,0.69762003,32025781.0,18050371.0,0.1158,113.95,129.29,77.21,255433.0,hold
ITGR,,Integer Holdings Corporation,Integer Holdings Corporation,Healthcare,Medical Devices,United States,4298929152.0,5641450496.0,34.643833,18.409515,2.8048,2.5008404,2.3320134,16.225,3.06,0.075040005,0.03856,0.10024,0.06965,0.2613,0.18862,-0.026,-0.337,,-0.362,79.391,3.733,2.207,21375000.0,1364530944.0,107673376.0,205440000.0,0.615,0.00854,1.2332599,33997068.0,33650768.0,0.089899994,126.45,126.8,62.0,996625.0,none
ITRI,,"Itron, Inc.","Itron, Inc.",Technology,Scientific & Technical Instruments,United States,3787992064.0,4666024960.0,14.394342,12.367335,0.7058,2.343111,1.6446892,12.91,2.026,0.16885,0.049879998,0.13455,0.11895,0.39869,0.15692,-0.072,-0.19,,-0.22,97.754,2.746,1.943,745228992.0,1601334016.0,295262240.0,410742016.0,1.324,0.01783,1.25044,43786753.0,43020485.0,0.1996,86.51,142.0,77.77,738363.0,buy
IVT,,InvenTrust Properties Corp.,InvenTrust Properties Corp.,Real Estate,REIT - Retail,United States,2370544384.0,3383029248.0,160.0,-81.279076,,1.3423412,7.471977,18.268,10.663,0.0085,0.01133,0.15293999,0.04804,0.72560996,0.58370996,0.126,-0.986,,-0.986,62.113,1.849,1.849,84232000.0,1096717056.0,117164248.0,160694000.0,-5.953,0.0094099995,0.92130995,77978431.0,77277405.0,0.083500005,30.4,37.22,26.81,637795.0,buy
ITT,,ITT Inc.,ITT Inc.,Industrials,Specialty Industrial Machinery,United States,,21684598784.0,40.50491,21.455124,1.7245,3.8395069,,21.937,4.577,0.11569,0.05984,0.123959996,0.08896,0.3498,0.20863001,0.515,-0.375,,-0.298,79.73,1.263,0.77,590800000.0,3834700032.0,307212512.0,632099968.0,1.276,0.00525,1.01062,,88990548.0,0.0848,206.17,230.32,166.96,880253.0,strong_buy
JBLU,,JetBlue Airways Corporation,JetBlue Airways Corporation,Industrials,Airlines,United States,1565845632.0,8931845120.0,,-5.680263,,0.98668575,0.16477384,103.859,0.94,-0.44355,-0.021,-0.05228,-0.09323,0.20225,0.0090499995,0.145,,,,591.43,0.696,0.541,2020000000.0,9386000384.0,-921249984.0,-128000000.0,1.704,0.105500005,0.87651,377312181.0,337913243.0,0.2949,4.15,6.62,3.87,26332819.0,underperform
JBGS,,JBG SMITH Properties,JBG SMITH Properties,Real Estate,REIT - Diversified,United States,815552960.0,3625297152.0,,-6.439025,,0.57856673,1.612622,18.884,7.168,-0.10864,0.00068999996,0.030720001,-0.30045998,0.48925,0.37960997,0.01,,,,164.083,1.149,1.022,74803000.0,2577255936.0,249499744.0,60749000.0,1.038,0.00501,1.01035,58575671.0,54146179.0,0.2902,10.56,21.98,9.93,863623.0,underperform
JAZZ,,Jazz Pharmaceuticals plc,Jazz Pharmaceuticals plc,Healthcare,Biotechnology,Ireland,15298417664.0,17507917824.0,16.130733,9.100169,0.9582,3.1804318,3.3248134,9.085,3.805,0.22114,0.06862,0.26914,0.20445,0.91353995,0.41881,0.155,,,,91.828,1.779,1.381,2199800064.0,4409299968.0,1429392896.0,1661073024.0,0.36,0.02918,1.0237,64914577.0,62982070.0,0.074200004,235.67,266.38,128.8,861696.0,strong_buy
JBSS,,"John B. Sanfilippo & Son, Inc.","John B. Sanfilippo & Son, Inc.",Consumer Defensive,Packaged Foods,United States,801237248.0,909437312.0,13.2023115,14.394957,,2.1088266,0.6815137,8.005,0.774,0.16724001,0.08498,0.041079998,0.05268,0.17963,0.09663,0.042,-0.385,,-0.379,28.779,2.08,0.509,1147000.0,109347000.0,29046376.0,123837000.0,0.32,0.01595,0.96961,9096055.0,8970186.0,0.085200004,68.52,92.08,59.07,134812.0,strong_buy
JBTM,,JBT Marel Corporation,JBT Marel Corporation,Industrials,Specialty Industrial Machinery,United States,5633822208.0,7197124096.0,28.806366,11.76774,,1.2549255,1.43493,11.291,1.833,0.0437,0.0313,0.08053,0.04903,0.35551,0.16235,0.049,8.333,,8.333,37.545,1.239,0.523,94000000.0,1679000064.0,341062496.0,425700000.0,0.92,0.00698,1.09209,51876817.0,51141643.0,0.0911,108.6,170.19,104.45,569273.0,buy
JEF,,Jefferies Financial Group Inc.,Jefferies Financial Group Inc.,Financial Services,Capital Markets,United States,9349929984.0,-13334371328.0,12.424324,10.322243,1.0268,0.8848383,1.0981355,,-1.566,,,0.15799,0.10717,0.82623,0.0,0.085,0.077,,0.056,364.763,,,62625898496.0,38693298176.0,,,1.491,0.25280002,0.68724996,194145000.0,139099257.0,0.0423,45.97,66.6,35.53,2025893.0,buy
JJSF,,J & J Snack Foods Corp.,J&J Snack Foods Corp.,Consumer Defensive,Packaged Foods,United States,1461835776.0,1590642816.0,29.980844,18.113424,,1.633987,0.9587084,10.211,1.043,0.05292,0.03621,0.10827,0.032309998,0.3027,0.10216,-0.062,-0.168,,-0.201,21.512,2.343,1.387,63099000.0,191906000.0,57647500.0,166872000.0,0.415,0.22323,0.8125,18681608.0,14750624.0,0.16360001,78.25,98.63,68.87,213763.0,none
JLL,,Jones Lang LaSalle Incorporated,Jones Lang LaSalle Incorporated,Real Estate,Real Estate Services,United States,14115623936.0,17014923264.0,14.708054,10.775434,0.7407,1.8917286,0.51453966,10.094,0.62,0.13520001,0.04818,0.045700002,0.03642,0.51232,0.06145,0.108,0.978,,0.92,42.352,1.126,0.882,458200000.0,3218899968.0,1500125056.0,1362000000.0,1.24,0.00942,0.96083,46007703.0,45380618.0,0.0214,306.81,393.84,259.83,360773.0,buy
JOE,,St. Joe Company (The),The St. Joe Company,Real Estate,Real Estate - Diversified,United States,3722112768.0,4164784896.0,30.5514,594.3636,,4.874012,6.7941604,19.695,7.602,0.16246,0.06761,0.34486,0.22461,0.44053,0.38599,0.23,0.392,,0.371,71.346,3.839,3.387,117315000.0,551481024.0,118878000.0,216796000.0,1.294,0.00356,0.89,56930451.0,54801821.0,0.0494,65.38,73.54,46.37,241328.0,none
JXN,,Jackson Financial Inc.,Jackson Financial Inc.,Financial Services,Insurance - Life,United States,8908361728.0,9687361536.0,142.96739,4.268895,,0.95115155,1.3602629,,1.479,0.0137600005,0.00059,-8.101191,0.01573,0.48801,0.0,,2.916,,2.659,54.611,1.806,0.322,5985999872.0,5720000000.0,1227750016.0,5885000192.0,1.318,0.01691,0.97586995,67728744.0,61988056.0,0.0645,131.53,140.9,89.67,700449.0,none
KAI,,Kadant Inc,Kadant Inc.,Industrials,Specialty Industrial Machinery,United States,3174644736.0,3561538816.0,28.90645,19.89491,,3.1034124,2.7554066,14.809,3.091,0.11291,0.06787,0.16839,0.09523,0.44798002,0.20875,0.226,0.239,,0.241,49.396,2.591,1.393,134532992.0,510632000.0,105733624.0,183436992.0,1.171,0.0070599997,1.13759,11809117.0,11668234.0,0.1333,268.83,354.07,244.87,139580.0,buy
KALU,,Kaiser Aluminum Corporation,Kaiser Aluminum Corporation,Basic Materials,Aluminum,United States,2485470720.0,3473018368.0,11.286191,13.121541,,2.609244,0.6009504,7.563,0.84,0.26398,0.07753,0.10560001,0.05489,0.14524001,0.11103,0.527,3.057,,3.172,113.255,2.495,1.1,58500000.0,1068899968.0,33025000.0,185900000.0,1.598,0.014479999,1.03313,16349092.0,15994668.0,0.0699,152.025,199.89,75.51,244480.0,none
KBH,,KB Home,KB Home,Consumer Cyclical,Residential Construction,United States,2781600000.0,4731726848.0,13.108883,12.279308,,0.7387611,0.53689253,13.875,0.913,0.05908,0.026870001,0.05975,0.04393,0.17115,0.06582,-0.2,-0.348,,-0.406,55.482,6.177,0.526,159018000.0,2109144960.0,,,1.336,0.04408,1.06455,60800000.0,57944224.0,0.2338,45.75,67.57,44.03,1220311.0,hold
KBR,,"KBR, Inc.","KBR, Inc.",Industrials,Engineering & Construction,United States,4316559872.0,6797559808.0,10.313253,8.423394,0.541,2.6385143,0.5589227,10.085,0.88,0.27531,0.052010003,0.07611,0.054899998,0.14476,0.08727,0.016,0.331,,0.315,170.402,1.148,1.04,323000000.0,2798000128.0,281500000.0,401000000.0,0.447,0.0121,1.07013,126067755.0,124444002.0,0.0875,34.24,48.13,29.94,1475963.0,buy
KD,,"Kyndryl Holdings, Inc.","Kyndryl Holdings, Inc.",Technology,Information Technology Services,United States,2517979136.0,5440978944.0,31.243244,4.6406507,,2.3703098,0.16823539,4.153,0.364,0.069299996,0.03024,0.02902,0.0058099995,0.21841,0.08753,-0.033,,,,422.451,0.848,0.57,2104000000.0,4929999872.0,2652624896.0,762000000.0,1.711,0.02178,0.89404,217818263.0,199064111.0,0.1442,11.56,30.99,10.1,4052969.0,none
KFY,,Korn Ferry,Korn Ferry,Industrials,Staffing & Employment Services,United States,4024560640.0,3712241664.0,13.699047,11.267517,,1.8315635,1.3617872,8.847,1.256,0.14506,0.06413,0.11837,0.09466,0.24725,0.14199,0.068,0.053,,0.035,29.869,2.371,2.169,816291008.0,597769984.0,253317744.0,403928992.0,1.204,0.0100300005,0.96008,55958851.0,54030176.0,0.054,71.92,87.51,58.95,463055.0,strong_buy
KEX,,Kirby Corporation,Kirby Corporation,Industrials,Marine Shipping,United States,7279535616.0,8470087168.0,21.178186,16.53764,,2.126737,2.0861652,10.882,2.427,0.10414,0.05133,0.13833,0.1018,0.33196998,0.22307,0.078,0.0,,-0.048,35.618,1.684,1.037,38955000.0,1227026944.0,347219136.0,709657024.0,0.865,0.007929999,1.02491,52800000.0,52414560.0,0.044299997,137.87,157.69,79.52,508420.0,strong_buy
KGS,,"Kodiak Gas Services, Inc.","Kodiak Gas Services, Inc.",Energy,Oil & Gas Equipment & Services,United States,5492982272.0,8177906176.0,61.04495,16.783022,,2.5375993,3.944708,10.917,5.873,0.04587,0.0585,0.34208,0.057729997,0.63846,0.53793,0.211,0.233,,0.316,130.257,1.447,1.128,137552992.0,2819315968.0,16089375.0,478887008.0,0.894,0.0061299996,1.05423,101104031.0,100468087.0,0.0975,54.33,77.68,32.55,1777955.0,strong_buy
KLIC,,"Kulicke and Soffa Industries, I","Kulicke and Soffa Industries, Inc.",Technology,Semiconductor Equipment & Materials,Singapore,5273204736.0,4794749952.0,46.22477,17.070026,,5.782738,5.5494976,24.983,5.046,0.13231,0.08999,0.20661,0.121800005,0.52641,0.20198,1.226,,,,4.18,3.444,2.637,516572992.0,38118000.0,57164124.0,55116000.0,1.622,0.03496,0.94621,52329115.0,50555158.0,0.0529,100.77,135.8,35.02,863623.0,none
KMPR,,Kemper Corporation,Kemper Corporation,Financial Services,Insurance - Property & Casualty,United States,1511301504.0,2527957248.0,,6.069204,,0.68977565,0.32905167,22.273,0.55,-0.19700001,0.00211,0.030079998,-0.107880004,0.254,0.02471,-0.091,,,,63.974,0.817,0.779,362000000.0,1392899968.0,220550000.0,434200000.0,1.03,0.0124,0.98058,58874232.0,54885150.0,0.099700004,25.67,51.08,22.69,882333.0,none
KMT,,Kennametal Inc.,Kennametal Inc.,Industrials,Tools & Accessories,United States,2490315008.0,3196248064.0,7.375565,13.207952,,1.5826778,1.0566967,5.149,1.356,0.23853001,0.104499996,0.41251,0.14528,0.41259,0.26338,0.426,9.287,,9.512,47.334,2.618,0.745,95791000.0,763705984.0,-171881504.0,-4008000.0,1.334,0.0071799997,1.09099,76390031.0,75360034.0,0.16409999,32.6,43.81,20.38,1372171.0,underperform
KMX,,CarMax Inc,"CarMax, Inc.",Consumer Cyclical,Auto & Truck Dealerships,United States,7795498496.0,25695285248.0,25.90566,17.780943,0.6127,1.273773,0.26463604,22.798,0.872,0.04677,0.0178,0.02834,0.00993,0.11689,0.038259998,0.177,0.816,,0.733,286.624,2.329,0.18,170524992.0,18070312960.0,632307968.0,1599332992.0,1.171,0.00475,1.0503501,141942807.0,141095408.0,0.0787,54.92,65.28,30.26,2565493.0,hold
KNF,,Knife Riv Holding Co.,Knife River Corporation,Basic Materials,Building Materials,United States,2856902912.0,4484860928.0,20.542858,14.393695,1.6167,1.779011,0.8637653,9.071,1.356,0.09122,0.045,0.08802,0.042290002,0.17828,0.14948,0.126,-0.135,,-0.133,103.908,2.665,1.322,40687000.0,1668644992.0,-3501250.0,312683008.0,0.519,0.00433,1.03597,56763420.0,56462574.0,0.103,50.33,96.28,49.66,842600.0,buy
KN,,Knowles Corporation,Knowles Corporation,Technology,Electronic Components,United States,3420683520.0,3521283584.0,45.511364,24.760433,,4.2999783,5.3869033,26.556,5.545,0.094969995,0.055159997,0.15168001,0.106300004,0.45259997,0.20882,0.143,1.466,,1.487,18.881,3.201,1.64,49600000.0,150200000.0,39312500.0,103800000.0,1.595,0.01783,1.0391201,85410326.0,84141129.0,0.0784,40.05,42.93,20.57,823317.0,none
KNTK,,Kinetik Holdings Inc.,Kinetik Holdings Inc.,Energy,Oil & Gas Midstream,United States,8888069120.0,12288623616.0,18.367132,24.090803,,-3.4987345,4.7131457,19.609,6.516,0.19231,0.01962,0.23035999,0.29178,0.41193,0.33231,0.363,0.952,,0.654,136.574,0.682,0.141,11278000.0,3977085952.0,-95451128.0,639732992.0,0.777,0.07273,0.90836996,80442263.0,62946875.0,0.0954,52.53,56.92,31.33,1092503.0,none
KNSL,,"Kinsale Capital Group, Inc.","Kinsale Capital Group, Inc.",Financial Services,Insurance - Property & Casualty,United States,7510501888.0,7524526080.0,13.568725,15.184688,1.0076,3.6904547,3.762769,10.276,3.77,0.30268,0.07563,0.40678,0.28492,0.31142,0.36686,0.168,0.34,,0.311,11.033,0.194,0.086,210511008.0,224535008.0,982102720.0,1035644032.0,0.891,0.05416,0.96659,22778425.0,21516500.0,0.1084,329.72,485.0,287.2,246336.0,hold
KOP,,Koppers Holdings Inc.,Koppers Holdings Inc.,Basic Materials,Specialty Chemicals,United States,870688640.0,1832788608.0,,9.402308,9.5185,2.2489254,0.45985454,6.924,0.968,-0.19013001,0.06494,0.09652001,-0.045900002,0.22362,0.1398,0.03,,,,259.302,2.332,0.848,41400000.0,1003500032.0,162850000.0,191000000.0,1.226,0.0715,1.05406,18911568.0,16465546.0,0.0538,46.04,53.0,25.0,176187.0,strong_buy
KNX,,Knight-Swift Transportation Hol,Knight-Swift Transportation Holdings Inc.,Industrials,Trucking,United States,10865591296.0,13374177280.0,247.25926,16.539818,0.2484,1.5562135,1.4057626,12.738,1.73,0.00611,0.01334,0.051810004,0.00555,0.24333,0.13584,0.126,0.238,,0.261,38.41,0.877,0.634,186114000.0,2685164032.0,491255488.0,1391075968.0,1.184,0.02918,1.02356,162756000.0,158166281.0,0.0921,66.76,82.86,40.34,3614493.0,buy
KRC,,Kilroy Realty Corporation,Kilroy Realty Corporation,Real Estate,REIT - Office,United States,3949593088.0,8543756288.0,23.517485,98.911766,,0.7484311,3.6090603,14.151,7.807,0.03431,0.015700001,0.23993,0.1547,0.65379,0.55171,-0.06,-0.702,,-0.709,85.616,1.103,1.026,253804992.0,4664327168.0,718001472.0,514548000.0,1.139,0.009,1.23649,116308988.0,103765064.0,0.125,33.63,43.58,27.36,1273893.0,hold
KRG,,Kite Realty Group Trust,Kite Realty Group Trust,Real Estate,REIT - Retail,United States,5004743168.0,7799971840.0,15.24375,71.73529,,1.7030933,6.2027946,16.262,9.667,0.10738,0.01818,0.24018,0.41806,0.73175,0.59445,-0.08,0.58,,0.462,96.238,0.929,0.471,144708000.0,2906885888.0,152751120.0,399308000.0,0.835,0.00792,1.05975,200346933.0,198539804.0,0.1021,24.39,29.92,21.33,2414882.0,hold
KRMN,,Karman Holdings Inc.,Karman Holdings Inc.,Industrials,Aerospace & Defense,United States,4524700672.0,5348225024.0,126.444435,35.61741,,10.745986,7.674812,34.746,9.072,0.09503,0.05138,0.20229,0.06307,0.41667998,0.26108998,0.582,1.118,,1.061,207.854,3.555,3.269,51741000.0,875265024.0,-57195876.0,5861000.0,,0.06868,1.05346,132533708.0,102639405.0,0.113000005,34.14,118.38,31.655,3467025.0,strong_buy
KRYS,,"Krystal Biotech, Inc.","Krystal Biotech, Inc.",Healthcare,Biotechnology,United States,9539112960.0,8702334976.0,40.436638,34.58129,,7.017834,21.655981,43.666,19.756,0.20124,0.093669996,0.48999,0.54818,0.94639,0.45244,0.241,0.388,,0.429,0.651,8.318,7.726,845630976.0,8853000.0,151739744.0,272337984.0,0.537,0.10659,1.02514,29598836.0,23618391.0,0.175,322.28,382.535,179.16,374619.0,strong_buy
KSS,,Kohl's Corporation,Kohl's Corporation,Consumer Cyclical,Department Stores,United States,2132610944.0,7732611072.0,8.1077585,12.035781,1.3488,0.5099634,0.138212,6.482,0.501,0.06671,0.02313,0.0458,0.0175,0.40518,0.07732,-0.009,-0.052,,-0.013,154.055,1.491,0.305,821000000.0,6421000192.0,879500032.0,1352000000.0,1.404,0.04014,1.07608,113376445.0,111589632.0,0.3475,18.81,25.22,11.38,3929352.0,hold
KTB,,"Kontoor Brands, Inc.","Kontoor Brands, Inc.",Consumer Cyclical,Apparel Manufacturing,United States,3536635648.0,4750944768.0,13.09919,9.834525,,5.717441,1.0297582,7.87,1.383,0.49523997,0.12722999,0.15482001,0.07802,0.49308997,0.17576,0.186,-0.114,,-0.123,205.768,1.831,0.455,58457000.0,1272765952.0,440592512.0,446132992.0,0.891,0.02118,1.06383,54653620.0,53689530.0,0.1525,64.71,88.96,56.19,735834.0,none
KTOS,,Kratos Defense & Security Solut,"Kratos Defense & Security Solutions, Inc.",Industrials,Aerospace & Defense,United States,8085157376.0,6841157632.0,253.35294,39.093063,,2.3572874,5.310448,78.634,4.493,0.011469999,0.00434,-0.00174,0.020299999,0.23002,0.057140004,0.305,0.074,,0.517,5.65,5.541,4.736,1437600000.0,193600000.0,-118287504.0,-39600000.0,1.113,0.01291,0.85388,187721327.0,185243405.0,0.0616,43.07,134.0,41.83,3786584.0,strong_buy
KWR,,Quaker Houghton,Quaker Chemical Corporation,Basic Materials,Specialty Chemicals,United States,2765793792.0,3537832960.0,28.397526,16.868536,,2.008924,1.4001545,12.329,1.791,0.07175,0.040960003,0.091280006,0.049450003,0.36061,0.14527,0.102,,,,66.913,2.457,1.534,155191008.0,923806016.0,129911624.0,131173000.0,1.393,0.2216,0.92783,17207702.0,13373654.0,0.158,160.73,183.01,112.18,149477.0,strong_buy
LAD,,"Lithia Motors, Inc.","Lithia Motors, Inc.",Consumer Cyclical,Auto & Truck Dealerships,United States,6765743616.0,23235244032.0,10.130678,7.2203393,0.5957,1.0576106,0.17834438,12.085,0.612,0.10719,0.03924,0.04611,0.01883,0.15438,0.050679997,0.022,0.169,,0.015,257.698,1.003,0.151,119100000.0,16563300352.0,547649984.0,-148800000.0,1.23,0.01203,1.16539,21983116.0,19171695.0,0.1336,307.77,439.49,239.78,294987.0,buy
LAMR,,Lamar Advertising Company,Lamar Advertising Company,Real Estate,REIT - Specialty,United States,14635339776.0,19559231488.0,26.203636,22.24074,,14.902286,6.2914524,18.475,8.408,0.59433,0.06603,0.33283,0.23905,0.67430997,0.45511,0.065,0.039,,0.041,500.114,0.627,0.566,67950000.0,4978484224.0,558694400.0,906624000.0,1.199,0.0081400005,1.0011001,87129599.0,86354805.0,0.0764,144.12,166.33,114.45,571895.0,hold
LAUR,,"Laureate Education, Inc.","Laureate Education, Inc.",Consumer Defensive,Education & Training Services,United States,5319880192.0,5892322304.0,17.475113,15.8918915,1.0203,4.6608734,2.9069002,11.051,3.22,0.29318002,0.12526,0.36278,0.1757,0.36800998,0.29136,0.175,0.508,,0.442,64.3,0.712,0.633,161674000.0,733992000.0,343739264.0,407254016.0,0.438,0.08846,1.00198,137749360.0,126194944.0,0.0414,38.62,40.925,24.977,1010750.0,buy
LBRT,,Liberty Energy Inc.,Liberty Energy Inc.,Energy,Oil & Gas Equipment & Services,United States,3151226368.0,4208968192.0,25.077923,61.784092,,1.6047535,0.75102264,7.93,1.003,0.06123,0.00934,0.016210001,0.02918,0.18529,0.12649,0.14,-0.395,,-0.393,82.144,1.986,1.68,555358976.0,1613101056.0,-302047872.0,388332992.0,0.615,0.01994,1.13342,163191416.0,160177271.0,0.14729999,19.31,34.478,11.52,4284468.0,buy
LAZ,,"Lazard, Inc.","Lazard, Inc.",Financial Services,Capital Markets,United States,3515042304.0,4808625152.0,17.768473,9.424915,,3.844596,1.0986873,,1.503,0.25665,0.054640003,0.04829,0.0709,0.89509004,0.0,0.001,-0.942,,-0.913,225.799,5.305,4.785,1101640960.0,2293711104.0,,671305984.0,1.419,0.00904,1.0541301,97450572.0,96497505.0,0.1164,36.07,58.75,35.16,1684234.0,hold
LCII,,LCI Industries,LCI Industries,Consumer Cyclical,Recreational Vehicles,United States,2013235968.0,2942904832.0,9.518391,8.760431,,1.4061571,0.49976456,6.718,0.731,0.15,0.06132,0.00543,0.05244,0.25651,0.108739994,-0.125,0.201,,0.165,80.054,2.486,1.045,216512000.0,1146180992.0,264589248.0,346256992.0,1.181,0.03523,1.11421,24311507.0,23440183.0,0.1225,82.81,159.66,81.67,328131.0,none
LEA,,Lear Corporation,Lear Corporation,Consumer Cyclical,Auto Parts,United States,8045560320.0,8613898240.0,11.294393,7.1567106,,1.1554642,0.3394665,5.068,0.363,0.12094,0.04403,0.04153,0.023459999,0.07696,0.07171,0.03,0.239,,0.167,66.026,1.314,0.85,1006700032.0,3515699968.0,858987520.0,1478899968.0,1.272,0.00488,1.10818,66574764.0,48988369.0,0.060500003,120.85,150.33,96.04,638831.0,buy
LECO,,"Lincoln Electric Holdings, Inc.","Lincoln Electric Holdings, Inc.",Industrials,Tools & Accessories,United States,14955289600.0,15914964992.0,27.465467,21.905537,1.4843,9.622642,3.3374603,17.983,3.552,0.37736,0.12975,0.18243,0.12353,0.36051998,0.1975,0.12,0.125,,0.105,77.347,1.982,1.02,242443008.0,1202118016.0,307077120.0,687585984.0,1.221,0.0152,0.83015,54505757.0,53521383.0,0.0226,274.38,310.0,216.22,421550.0,buy
LEG,,"Leggett & Platt, Incorporated",Leggett & Platt Inc,Consumer Cyclical,"Furnishings, Fixtures & Appliances",United States,1256618752.0,2358418688.0,5.897436,8.990257,,1.1617628,0.3227976,6.59,0.606,0.22642,0.04133,0.08383001,0.056360003,0.19089001,0.09194,-0.055,-0.129,,-0.103,152.199,2.35,1.43,545800000.0,1647100032.0,241450000.0,237100000.0,0.748,0.022769999,1.00489,136588995.0,133152416.0,0.1916,9.2,13.0,8.34,2505174.0,hold
LEU,,Centrus Energy Corp.,Centrus Energy Corp.,Energy,Uranium,United States,2848504320.0,2087834496.0,73.3,36.433605,,3.2869956,6.010771,206.716,4.406,0.08053,0.00016000001,0.053379998,0.102340005,0.23655,0.02131,0.14,-0.516,,-0.419,139.283,5.395,4.41,1868499968.0,1177500032.0,-127300000.0,-55000000.0,1.334,0.01036,0.89502,19733908.0,19207818.0,0.2766,139.27,464.25,135.75,725477.0,none
LFST,,"LifeStance Health Group, Inc.","LifeStance Health Group, Inc.",Healthcare,Medical Care Facilities,United States,4497223680.0,4767924736.0,91.0,22.289215,,3.059219,2.8376622,35.317,3.008,0.03429,0.02323,0.0725,0.03193,0.33558998,0.08519,0.261,,,,32.099,1.376,1.226,225943008.0,474150016.0,172356128.0,217868000.0,1.22,0.030720001,0.91043997,380154147.0,267079794.0,0.088999994,11.83,13.56,4.77,4406015.0,buy
LFUS,,"Littelfuse, Inc.","Littelfuse, Inc.",Technology,Electronic Components,United States,11595290624.0,11674080256.0,,22.721413,1.9569,4.428074,4.4352922,20.452,4.465,-0.0030899998,0.06701,0.18799,-0.00308,0.39343,0.21833,0.204,0.517,,0.559,27.093,2.761,1.838,630603008.0,709393024.0,364767136.0,512012992.0,1.471,0.01606,1.03176,25398747.0,25083041.0,0.0554,456.53,500.57,233.36,283131.0,none
LGIH,,"LGI Homes, Inc.","LGI Homes, Inc.",Consumer Cyclical,Residential Construction,United States,1119171840.0,2643601920.0,16.891228,14.076023,,0.5247781,0.66506606,36.161,1.571,0.03159,0.01075,0.0572,0.03932,0.19646,0.04344,0.057,-0.146,,-0.144,74.344,33.032,0.869,61081000.0,1585511040.0,208319248.0,132558000.0,1.841,0.12599,0.94915,23248272.0,20300624.0,0.2143,48.14,66.25,33.55,296039.0,none
LGND,,Ligand Pharmaceuticals Incorpor,Ligand Pharmaceuticals Incorporated,Healthcare,Biotechnology,United States,6039691776.0,5813387264.0,31.168722,25.352808,,6.237595,20.78767,43.706,20.009,0.21962,0.039920002,0.13488,0.6788,0.81198996,0.4578,0.337,8.25,,9.008,116.944,31.178,30.826,1357757952.0,1131453056.0,139748880.0,131714000.0,0.976,0.02343,1.1608,19935609.0,19484466.0,0.1583,302.96,326.63,175.89,270938.0,strong_buy
LIF,,"Life360, Inc.","Life360, Inc.",Technology,Software - Application,United States,3511803648.0,3354983168.0,25.058138,24.148499,,5.6998806,6.1335335,134.398,5.86,0.30056,0.00451,-0.00035999998,0.25725,0.77592003,0.0436,0.378,-0.251,,-0.278,50.803,5.601,5.282,464984000.0,311640000.0,74707752.0,104266000.0,1.064,0.03632,0.56403,81480369.0,78098945.0,0.1187,43.1,112.54,37.01,723804.0,strong_buy
LKFN,,Lakeland Financial Corporation,Lakeland Financial Corporation,Financial Services,Banks - Regional,United States,1468352640.0,1352204672.0,13.334086,13.103372,,1.8989295,5.3649426,,4.941,0.14997,0.01566,0.51455003,0.4064,0.0,0.0,0.092,0.087,,0.055,,,,194126000.0,77889000.0,,128834000.0,0.705,0.027929999,0.88201,24857840.0,24021871.0,0.1192,59.07,65.43,54.36,174520.0,hold
LIVN,,LivaNova PLC,LivaNova PLC,Healthcare,Medical Devices,United Kingdom,4123860480.0,3971199488.0,22.144543,16.05202,0.9256,3.1183019,2.8024514,15.266,2.699,0.15404001,0.0504,0.13543999,0.12813,0.67743,0.17678,0.108,2.878,,2.997,26.556,1.45,1.079,516619008.0,351948992.0,59872624.0,249258000.0,0.869,0.00414,1.13069,54933538.0,54836771.0,0.111999996,75.07,85.76,48.82,650066.0,none
LKQ,,LKQ Corporation,LKQ Corporation,Consumer Cyclical,Auto Parts,United States,5768446976.0,10804447232.0,12.666667,7.373129,,0.89615595,0.42142364,7.701,0.789,0.07131,0.03995,0.07013,0.03368,0.3834,0.1025,-0.03,-0.29,,-0.292,82.105,1.578,0.501,301000000.0,5312999936.0,724124992.0,825000000.0,0.843,0.0036700002,1.1051201,253002086.0,251195651.0,0.0766,22.8,37.13,21.17,3242874.0,none
LMAT,,"LeMaitre Vascular, Inc.","LeMaitre Vascular, Inc.",Healthcare,Medical Instruments & Supplies,United States,1805756416.0,1619770496.0,28.0,24.839952,2.131,4.2950387,6.8808546,19.51,6.172,0.16774,0.07441,0.28983,0.25024998,0.71867996,0.31635,0.096,0.226,,0.237,45.262,16.312,13.761,376240000.0,190254000.0,49263624.0,82979000.0,0.493,0.06521,1.03887,22869257.0,21295166.0,0.093100004,78.96,118.01,78.22,331395.0,none
LNC,,Lincoln National Corporation,Lincoln National Corporation,Financial Services,Insurance - Life,United States,7715326976.0,-29606672384.0,3.3951137,4.63392,,0.7444214,0.39784083,,-1.527,0.22587,0.0028400002,0.046079997,0.12169,0.27076998,0.0,0.126,0.768,,0.906,63.803,2.184,1.147,45548998656.0,7240999936.0,2069374976.0,-1328000000.0,1.114,0.00341,0.86954004,191447336.0,171557872.0,0.0001,40.3,47.67,32.18,1996223.0,hold
LNN,,Lindsay Corporation,Lindsay Corporation,Industrials,Farm & Heavy Construction Machinery,United States,1162812032.0,1145884032.0,21.948175,19.447279,,2.3298695,1.8520362,13.597,1.825,0.10741,0.04664,0.115159996,0.087919995,0.29463,0.13423,-0.051,-0.14,,-0.189,27.616,2.935,1.796,154760000.0,137832000.0,41360124.0,94662000.0,0.699,0.01202,1.1039801,10168885.0,10069332.0,0.111099996,114.35,148.0,97.27,144661.0,buy
LNTH,,"Lantheus Holdings, Inc.","Lantheus Holdings, Inc.",Healthcare,Drug Manufacturers - Specialty & Generic,United States,6527375360.0,6556285952.0,23.856802,15.674296,,4.9733815,4.1941276,16.716,4.213,0.22215,0.08379,0.25817,0.1769,0.60143,0.25202,0.027,-0.009,,-0.047,47.642,3.06,2.822,593297984.0,624958016.0,451656000.0,412801984.0,-0.034,0.01731,1.16756,65299875.0,58613282.0,0.0723,99.96,111.86,49.67,1348352.0,none
LOPE,,"Grand Canyon Education, Inc.","Grand Canyon Education, Inc.",Consumer Defensive,Education & Training Services,United States,4060671744.0,3838791680.0,18.546429,13.774535,0.8865,6.027392,3.555549,10.699,3.361,0.30979002,0.20431,0.22023001,0.19632,0.53271,0.31416,0.067,0.182,,0.104,15.565,2.818,2.692,274526016.0,104212000.0,205755248.0,278707008.0,0.579,0.02179,1.05252,26065037.0,25089657.0,0.0856,155.79,223.04,134.27,333850.0,strong_buy
LPX,,Louisiana-Pacific Corporation,Louisiana-Pacific Corporation,Industrials,Building Products & Equipment,United States,4552013824.0,4701014016.0,84.545456,21.422436,,2.6129887,1.843667,18.292,1.904,0.03098,0.026600001,0.05271,0.02187,0.18023,0.104090005,-0.121,-0.518,,-0.519,21.617,3.221,1.546,228000000.0,377000000.0,-96000000.0,258000000.0,1.586,0.09494001,0.98039,69923410.0,59078289.0,0.1183,65.1,100.34,62.18,1157163.0,buy
LPG,,Dorian LPG Ltd.,Dorian LPG Ltd.,Energy,Oil & Gas Midstream,United States,2447597056.0,2751693824.0,7.587533,12.2243595,,1.9794477,4.2283773,7.448,4.754,0.28342,0.10516,0.59928,0.55605,0.72923,0.63823,1.24,12.635,,12.716,52.263,3.256,2.428,342141472.0,646238016.0,-119725848.0,239800992.0,0.762,0.14047,0.74761003,42782681.0,36815780.0,0.0672,57.21,59.97,23.76,606073.0,buy
LQDT,,"Liquidity Services, Inc.","Liquidity Services, Inc.",Consumer Cyclical,Internet Retail,United States,1354465792.0,1137209856.0,42.382355,23.494564,,5.7417984,2.7663727,22.898,2.323,0.14965001,0.06922,0.10837,0.067930005,0.47627997,0.10143,0.081,0.391,,0.407,5.869,1.58,1.43,231099008.0,13843000.0,81894248.0,98181000.0,1.077,0.24738,0.80581003,31331618.0,23756886.0,0.0498,43.23,45.0,21.67,219404.0,none
LQDA,,Liquidia Corporation,Liquidia Corporation,Healthcare,Drug Manufacturers - Specialty & Generic,United States,2563534592.0,2462249728.0,20.457142,11.913477,,13.077625,5.6852846,14.504,5.461,1.3181599,0.27039,0.49812,0.30739,0.92542,0.3765,18.427,,,,93.738,2.312,2.075,284180992.0,182896000.0,74296128.0,167708000.0,0.535,0.0924,0.81921995,89508891.0,65374609.0,0.1716,28.64,93.61,21.91,2058177.0,buy
LRN,,"Stride, Inc.","Stride, Inc.",Consumer Defensive,Education & Training Services,United States,3278656000.0,2834985728.0,11.111268,8.504128,0.4282,1.9852035,1.3020455,5.556,1.126,0.21735,0.11914,0.15981,0.13430999,0.37750998,0.20263,-0.027,0.696,,0.586,33.448,5.941,5.618,958000000.0,545980032.0,224867120.0,433814016.0,0.108,0.03805,1.15856,41559845.0,39634131.0,0.2766,78.89,155.06,60.61,839487.0,hold
LSCC,,Lattice Semiconductor Corporati,Lattice Semiconductor Corporation,Technology,Semiconductors,United States,19032055808.0,18896832512.0,536.0,41.707516,,23.340881,29.229856,205.095,29.022,0.04927,0.03867,0.1333,0.05579,0.69024,0.14151,0.622,6.0,,5.646,4.836,3.024,2.067,173304992.0,38082000.0,155063248.0,243240992.0,1.779,0.006,1.0317401,142030272.0,140940900.0,0.08140001,134.0,157.01,60.5,1710931.0,none
LSTR,,"Landstar System, Inc.","Landstar System, Inc.",Industrials,Integrated Freight & Logistics,United States,5887377408.0,5678780928.0,44.943005,22.632126,0.9114,7.0363007,1.178544,23.187,1.137,0.14977999,0.07333,0.04615,0.02636,0.19034,0.04903,0.181,0.201,,0.168,16.625,1.825,1.743,347702016.0,139104992.0,96691872.0,189856000.0,0.892,0.00775,1.03972,33936925.0,31486679.0,0.0623,173.48,228.46,120.01,429352.0,hold
LTC,,"LTC Properties, Inc.","LTC Properties, Inc.",Real Estate,REIT - Healthcare Facilities,United States,2317939200.0,3130071296.0,15.248227,27.301586,,1.8272213,6.819855,23.741,9.209,0.11806,0.02755,0.32716998,0.39846,0.60456,0.38792,0.655,0.75,,0.964,58.1,20.833,19.463,40435000.0,779491968.0,256029248.0,141520992.0,0.577,0.02094,0.83809996,53905563.0,52758992.0,0.062,43.0,43.6,33.64,581876.0,buy
LTH,,"Life Time Group Holdings, Inc.","Life Time Group Holdings, Inc.",Consumer Cyclical,Leisure,United States,9159705600.0,13206814720.0,22.398907,20.078669,,2.770718,2.8782012,15.57,4.15,0.13445,0.04165,0.17052001,0.13036999,0.48022997,0.26654,0.137,0.406,,0.406,129.478,0.657,0.393,228462000.0,4275570944.0,-345163264.0,899321984.0,1.481,0.08648,0.93309,223461948.0,206852021.0,0.0653,40.99,47.235,24.14,2966377.0,strong_buy
LUMN,,"Lumen Technologies, Inc.","Lumen Technologies, Inc.",Communication Services,Telecom Services,United States,5930810880.0,17549811712.0,,-19.39946,,-3.9819944,0.50125176,7.852,1.483,,-0.008719999,-0.02888,-0.086540006,0.47794,0.18889,-0.093,,,,,0.964,0.77,1876000000.0,13495000064.0,2116249984.0,5367000064.0,1.803,0.080249995,0.72458,1031445404.0,948496565.0,0.0799,5.75,11.95,5.38,12646447.0,hold
LW,,"Lamb Weston Holdings, Inc.","Lamb Weston Holdings, Inc.",Consumer Defensive,Packaged Foods,United States,5994265088.0,9963072512.0,19.81818,12.923343,0.7372,3.2841215,0.9065326,9.022,1.507,0.16280001,0.060310002,0.097729996,0.043860003,0.20678,0.16701001,0.056,-0.062,,-0.086,221.223,1.423,0.599,68200000.0,4037100032.0,452924992.0,942899968.0,0.461,0.02723,0.97636,137483158.0,136108951.0,0.0553,43.6,67.07,37.62,1610771.0,buy
LXP,,LXP Industrial Trust,LXP Industrial Trust,Real Estate,REIT - Industrial,United States,3593445376.0,5052278272.0,61.56566,-3047.5,,1.9381816,10.334783,21.175,14.53,0.03497,0.00896,0.16078,0.18656,0.81463,0.68622,0.004,,,-0.998,69.889,1.026,0.893,17990000.0,1370194944.0,183396368.0,191610000.0,1.046,0.026989998,0.98362,58957264.0,57260474.0,0.0001,60.95,61.61,44.0,803638.0,none
LYFT,,"Lyft, Inc.","Lyft, Inc.",Technology,Software - Application,United States,5852232192.0,5349962240.0,2.2148998,7.175146,,1.9388012,0.86418855,114.821,0.79,1.52579,-0.0086199995,0.025799999,0.42317,0.3802,0.0068800002,0.161,0.345,,0.248,42.738,0.586,0.437,1794514944.0,1292244992.0,1153134464.0,1195079936.0,1.837,0.0125,1.11763,378540249.0,351285351.0,0.2021,15.46,25.54,12.46,10695800.0,hold
LZ,,"LegalZoom.com, Inc.","LegalZoom.com, Inc.",Industrials,Specialty Business Services,United States,959082944.0,806991936.0,62.222218,6.950564,,7.378129,1.2102084,18.142,1.018,0.104940005,0.042340003,0.05372,0.021270001,0.66700995,0.05613,0.066,,,,11.903,0.667,0.617,167227008.0,15136000.0,124770128.0,175184000.0,1.264,0.0515,0.97401,171264812.0,116994418.0,0.1001,5.6,12.4,5.22,2854649.0,none
LZB,,La-Z-Boy Incorporated,La-Z-Boy Incorporated,Consumer Cyclical,"Furnishings, Fixtures & Appliances",United States,1199180032.0,1480518016.0,14.97,10.642193,1.0699,1.183446,0.5683062,7.635,0.702,0.080469996,0.04626,0.027320001,0.03862,0.45161998,0.0919,-0.034,,,,52.792,1.665,0.968,272660000.0,541510976.0,182847744.0,183462000.0,1.248,0.02787,1.04,40052771.0,39109528.0,0.0587,29.94,44.9,28.79,634382.0,none
M,,Macy's Inc,"Macy's, Inc.",Consumer Cyclical,Department Stores,United States,5936544768.0,9731545088.0,8.326007,9.505926,2.5362,1.2046852,0.26059192,6.951,0.427,0.15993,0.03509,0.03202,0.03292,0.40278998,0.06145,0.012,1.0,,0.943,103.267,1.59,0.381,1294000000.0,5088999936.0,605000000.0,1760999936.0,1.431,0.03182,0.98275,261176646.0,252612664.0,0.1523,22.73,26.59,16.41,5601963.0,hold
MANH,,"Manhattan Associates, Inc.","Manhattan Associates, Inc.",Technology,Software - Application,United States,11902668800.0,11770440704.0,58.49427,33.231052,2.5657,75.5533,10.568942,40.738,10.452,0.96378,0.24445999,0.25015,0.18667999,0.5581,0.25655,0.093,-0.086,,-0.113,34.209,0.983,0.853,186110000.0,53882000.0,321116384.0,414884992.0,0.947,0.01352,1.12909,58304972.0,54362390.0,0.0656,204.145,227.03,119.06,788184.0,buy
MAN,,ManpowerGroup,ManpowerGroup Inc.,Industrials,Staffing & Employment Services,United States,2518741504.0,3758241792.0,24.396397,11.162591,,1.1958226,0.13456182,9.087,0.201,0.050809998,0.02566,0.024419999,0.00557,0.16235,0.0221,0.075,,,,67.414,1.043,0.996,180600000.0,1420000000.0,125012496.0,109700000.0,0.687,0.01762,1.21594,46505570.0,42149858.0,0.1336,54.16,63.88,25.15,1106657.0,buy
MAC,,Macerich Company (The),The Macerich Company,Real Estate,REIT - Retail,United States,6800449536.0,11312716800.0,,167.63635,,2.3161173,6.6190157,21.08,11.011,-0.06179,0.01342,0.16256,-0.16502,0.54914004,0.52235,0.012,,,,168.927,0.329,0.267,227028000.0,4911512064.0,388895136.0,306841984.0,2.055,0.0035100002,1.13725,283559375.0,283343343.0,0.1604,23.05,26.68,16.03,3233074.0,buy
MARA,,"MARA Holdings, Inc.","MARA Holdings, Inc.",Financial Services,Capital Markets,United States,4338140672.0,6481672192.0,,-53.47619,,2.5827966,5.394228,-3.45,8.06,-1.0557,-0.26298,-2.65211,0.0,0.40122002,-2.3360898,-0.267,,,,140.159,0.891,0.758,421273984.0,2465958912.0,-1168091392.0,-895051008.0,5.336,0.00827,0.75851,386299297.0,378322217.0,0.3098,11.23,23.45,6.66,47219876.0,buy
MATW,,Matthews International Corporat,Matthews International Corporation,Industrials,Conglomerates,United States,602102144.0,1192344064.0,,24.625637,,1.2390006,0.54329634,27.066,1.076,-0.05874,-0.0027200002,-0.02657,-0.026500002,0.37884,0.03975,-0.296,,,,129.32,1.756,0.888,38211000.0,628452992.0,26483000.0,-59216000.0,1.038,0.048520003,0.99286,31213173.0,26759990.0,0.2635,19.29,30.93,18.54,742742.0,buy
MAT,,"Mattel, Inc.","Mattel, Inc.",Consumer Cyclical,Leisure,United States,4362639360.0,6585094144.0,11.2279415,9.648984,0.906,2.1833,0.79466224,10.078,1.199,0.20497,0.04731,0.01323,0.07785,0.47605,0.11903,0.105,,,,137.445,1.902,1.042,523856000.0,2746310912.0,425315872.0,666388992.0,0.726,0.01018,1.09,285700000.0,231436999.0,0.1433,15.27,22.48,12.4,4911468.0,buy
MATX,,"Matson, Inc.","Matson, Inc.",Industrials,Marine Shipping,United States,6910988288.0,7508088320.0,15.604997,14.03241,,2.492155,1.9978573,11.13,2.17,0.17206,0.068670005,0.16072,0.13408,0.23023,0.19502,0.167,0.462,,0.366,25.834,0.888,0.753,119300000.0,716400000.0,147124992.0,584099968.0,1.264,0.01885,0.89771,29903458.0,29175608.0,0.069299996,231.11,240.87,86.97,295753.0,strong_buy
MBC,,"MasterBrand, Inc.","MasterBrand, Inc.",Consumer Cyclical,"Furnishings, Fixtures & Appliances",United States,1428503296.0,2876703232.0,,29.25,,0.72528154,0.5144608,17.382,1.036,-0.0582,0.0104,0.022820001,-0.0349,0.26859,0.0596,0.115,,,,85.833,1.759,0.81,241600000.0,1689799936.0,-24387500.0,148100000.0,1.431,0.01551,1.10327,203490490.0,175166649.0,0.096499994,7.02,13.955,6.27,2336758.0,hold
MBGL,,Mobility Global Inc.,"Mobility Global, Inc.",Technology,Software - Infrastructure,United States,5507199488.0,6895875072.0,41.97561,10.614087,0.8445,0.5159027,3.0359423,9.631,3.801,,,0.25641,0.11301,0.70948,0.39471,0.066,-0.183,,-0.185,20.417,1.879,1.69,186000000.0,2008000000.0,,441000000.0,,0.00565,0.28996,320000000.0,294712236.0,,17.21,26.0,16.95,5369795.0,buy
MBIN,,Merchants Bancorp,Merchants Bancorp,Financial Services,Banks - Regional,United States,2294606848.0,6352900096.0,10.030121,8.311148,,1.2453564,3.6287606,,10.047,0.11733,0.013309999,0.61074,0.42474997,0.0,0.0,0.371,1.467,,1.062,,,,791884032.0,4298886144.0,,-752145984.0,1.144,0.4595,0.99174005,45938075.0,25368383.0,0.1007,49.95,56.87,30.37,182984.0,hold
MC,,Moelis & Company,Moelis & Company,Financial Services,Capital Markets,United States,4172236032.0,4363005952.0,19.830986,14.316654,,8.248389,2.6507318,,2.772,0.41454,0.18651,0.17790002,0.14502,0.92286,0.0,0.12,0.171,,0.17,40.955,1.167,1.164,207740000.0,262752992.0,,488337984.0,1.838,0.010880001,1.1080899,74078589.0,73304526.0,0.081999995,56.32,78.216,51.06,849834.0,hold
MCRI,,"Monarch Casino & Resort, Inc.","Monarch Casino & Resort, Inc.",Consumer Cyclical,Resorts & Casinos,United States,2106792320.0,1981322368.0,18.65873,17.048586,,3.6527767,3.7489808,10.021,3.526,0.20544,0.12902,0.27436,0.20399,0.68021005,0.35182998,0.042,0.236,,0.204,2.218,1.207,1.093,138260992.0,12791000.0,131950872.0,173404000.0,1.342,0.32479,0.66871,17922521.0,12099673.0,0.048899997,117.55,135.93,88.13,160326.0,none
MCY,,Mercury General Corporation,Mercury General Corporation,Financial Services,Insurance - Property & Casualty,United States,,4557535744.0,5.9286957,8.348571,,1.9973829,,3.592,0.719,0.38991,0.0757,0.19934,0.14778,0.26808,0.20015,0.138,0.583,,0.583,33.925,0.952,0.915,2069186944.0,962128000.0,1143784576.0,1327614976.0,0.916,0.52031,0.48046002,,26552200.0,0.0352,102.27,113.06,74.29,291895.0,none
MD,,"Pediatrix Medical Group, Inc.","Pediatrix Medical Group, Inc.",Healthcare,Medical Care Facilities,United States,2110147456.0,2275680256.0,12.308057,10.637688,,2.3373232,1.0817802,8.629,1.167,0.20389,0.07107,0.13407,0.08962,0.26236,0.13520999,0.04,0.065,,0.015,70.371,1.316,1.282,404198016.0,619955968.0,160776992.0,246863008.0,0.648,0.02034,1.0746601,81253271.0,77985940.0,0.083000004,25.97,27.94,15.7,779238.0,none
MDU,,"MDU Resources Group, Inc.","MDU Resources Group, Inc.",Utilities,Utilities - Regulated Gas,United States,3914603520.0,6445491200.0,19.797873,17.54353,2.3601,1.3374057,2.1387453,12.3,3.521,0.068909995,0.026530001,0.12531,0.10747,0.3475,0.28631002,0.069,0.472,,0.541,88.05,0.992,0.396,46269000.0,2577157120.0,-478334112.0,403780992.0,0.378,0.00446,0.94277,210349456.0,209160982.0,0.10609999,18.61,22.98,17.57,1651971.0,buy
MEDP,,"Medpace Holdings, Inc.","Medpace Holdings, Inc.",Healthcare,Diagnostics & Research,United States,16732199936.0,16373623808.0,35.2215,31.04431,2.9349,38.563522,6.013828,26.789,5.885,1.6215401,0.20096001,0.20757,0.17665,0.7235,0.21968001,0.172,0.371,,0.345,33.216,0.732,0.658,502688000.0,144112000.0,510396512.0,752659968.0,1.149,0.18912001,0.91212,27911655.0,22610953.0,0.0753,599.47,677.9,373.0,277584.0,hold
MFP,,"Midera Food Processing, Inc.","Midera Food Processing, Inc.",Industrials,Specialty Industrial Machinery,United States,1885657600.0,2093096192.0,115.80555,16.143272,,2.3997006,2.0095313,16.316,2.231,,,0.09739,0.07087,0.35282,0.13670999,0.132,,,-0.629,32.922,1.837,0.879,50500000.0,258600000.0,,,,0.00373,0.45308998,45230455.0,41833893.0,,41.69,200.0,21.0,890287.0,none
MGEE,,MGE Energy Inc.,"MGE Energy, Inc.",Utilities,Utilities - Regulated Electric,United States,2671321088.0,3591716608.0,17.388205,16.870083,,1.8561162,3.5516748,12.457,4.775,0.110410005,0.03715,0.22672,0.19895001,0.41184,0.38334,0.011,0.236,,0.259,64.863,1.137,0.557,16621000.0,934363008.0,-206614256.0,278108992.0,0.7,0.00329,0.71147,37746521.0,37663481.0,0.0636,70.77,87.94,68.01,183166.0,hold
MGY,,Magnolia Oil & Gas Corporation,Magnolia Oil & Gas Corporation,Energy,Oil & Gas E&P,United States,6611910144.0,5821026816.0,10.510917,7.801839,,2.0372407,4.467854,5.662,3.933,0.20854001,0.11788999,0.50688,0.28773,0.8222,0.69472003,0.501,1.366,,1.327,19.243,1.583,1.572,295937984.0,413131008.0,332475744.0,1037092992.0,0.698,0.14339,0.89671,269171592.0,202958860.0,0.1144,24.07,32.76,21.065,4821777.0,buy
MHK,,"Mohawk Industries, Inc.","Mohawk Industries, Inc.",Consumer Cyclical,"Furnishings, Fixtures & Appliances",United States,8562779136.0,9153085440.0,16.58924,12.607553,,0.89545155,0.76606596,6.085,0.819,0.055120002,0.03698,0.097849995,0.04152,0.25641,0.13457,0.068,0.376,,0.339,27.604,1.916,0.957,849600000.0,2358700032.0,966899968.0,1272800000.0,1.184,0.16166,0.83178,67738145.0,46379024.0,0.12550001,126.41,140.3,92.99,967798.0,buy
MHO,,"M/I Homes, Inc.","M/I Homes, Inc.",Consumer Cyclical,Residential Construction,United States,3407141376.0,3671637248.0,11.362563,9.571022,,1.0537922,0.7992242,8.151,0.861,0.100600004,0.05639,0.0928,0.074439995,0.20903,0.105670005,-0.085,-0.317,,-0.348,31.079,8.108,1.329,738540992.0,1003036992.0,86652128.0,207244000.0,1.608,0.02189,1.01673,25283031.0,24717702.0,0.074,134.76,163.66,116.78,209290.0,none
MIDD,,The Middleby Corporation,The Middleby Corporation,Industrials,Specialty Industrial Machinery,United States,4728901120.0,6568150016.0,15.607463,13.395333,,2.1398025,1.3952701,9.35,1.938,0.10974,0.059299998,0.17361,-0.13906,0.38401002,0.20726,0.099,-0.393,,-0.483,90.515,1.987,0.984,161099008.0,2000348032.0,604098624.0,530390016.0,1.328,0.01613,1.06962,45222349.0,37703681.0,0.0557,104.57,148.55,89.15527,602333.0,buy
MKSI,,MKS Inc.,MKS Inc.,Technology,Scientific & Technical Instruments,United States,18875441152.0,22450442240.0,44.450634,15.816096,,6.315468,4.3421764,21.24,5.165,0.15845999,0.050229996,0.20593001,0.10099,0.46952,0.24316,0.283,1.62,,1.823,140.094,1.144,0.594,611000000.0,4185999872.0,480375008.0,635000000.0,1.973,0.00483,1.07102,67617558.0,67221995.0,0.1021,279.15,447.62,120.91,1353169.0,none
MIR,,"Mirion Technologies, Inc.","Mirion Technologies, Inc.",Industrials,Specialty Industrial Machinery,United States,3636022528.0,4409360384.0,162.22221,21.645344,,1.9453697,3.5476854,19.889,4.302,0.01511,0.0143,0.07196,0.0239,0.482,0.21631001,0.197,0.0,,-0.072,65.757,3.198,2.511,425300000.0,1233200000.0,115362496.0,172700000.0,1.054,0.03423,1.15594,243278092.0,227085502.0,0.2354,14.6,30.277,14.04,3860550.0,strong_buy
MKTX,,"MarketAxess Holdings, Inc.",MarketAxess Holdings Inc.,Financial Services,Capital Markets,United States,5777267712.0,5623603200.0,19.424852,18.7586,1.2288,4.6624055,6.6403465,12.929,6.464,0.2314,0.10153,0.41862,0.35217,0.61662996,0.49994,-0.005,0.01,,-0.043,14.275,7.465,6.516,346312000.0,178912992.0,-457790016.0,200279008.0,0.825,0.0074199997,1.1405001,35197197.0,29620449.0,0.0865,164.14,195.97,108.75,1058873.0,none
MLI,,"Mueller Industries, Inc.","Mueller Industries, Inc.",Industrials,Metal Fabrication,United States,13837108224.0,12472069120.0,16.291668,14.283105,,3.9002492,2.9686122,11.449,2.676,0.26325,0.16493,0.2181,0.18247,0.28776,0.23372,0.255,0.018,,0.015,0.691,4.775,3.655,1415988992.0,24684000.0,524939744.0,743283968.0,1.107,0.02122,0.94453,221181388.0,216209230.0,0.0248,62.56,71.12,48.265,1534033.0,none
MLKN,,"MillerKnoll, Inc.","MillerKnoll, Inc.",Consumer Cyclical,"Furnishings, Fixtures & Appliances",United States,1392507776.0,3098407936.0,14.35461,8.90649,0.8408,1.0278286,0.36554515,8.631,0.813,0.073460005,0.03404,0.06346,0.0257,0.39589,0.094239995,-0.034,0.31,,0.317,128.218,1.647,0.755,178600000.0,1820700032.0,121150000.0,239600000.0,1.354,0.046690002,0.99294996,68799795.0,67335735.0,0.0789,20.24,24.71,13.77,655071.0,buy
MMI,,"Marcus & Millichap, Inc.","Marcus & Millichap, Inc.",Real Estate,Real Estate Services,United States,1081974528.0,940957888.0,77.21622,30.72043,,1.8682971,1.3321135,45.156,1.158,0.0242,0.00803,0.01091,0.01768,0.37724,0.02566,0.178,,,,12.809,2.915,2.554,214788992.0,74153000.0,68309504.0,93085000.0,1.241,0.03884,0.98456,37871003.0,23061006.0,0.073699996,28.57,33.55,24.43,138861.0,none
MMS,,"Maximus, Inc.","Maximus, Inc.",Industrials,Specialty Business Services,United States,2756636416.0,4432330240.0,7.9172935,6.2978473,,1.5837921,0.5252338,6.407,0.845,0.21112,0.08197,0.12622,0.07067,0.25594,0.13182001,-0.051,0.048,,-0.023,99.546,2.421,2.168,56953000.0,1732647040.0,354073760.0,469508992.0,0.583,0.01824,1.1056199,52357763.0,51612712.0,0.112799995,52.65,100.0,51.04,643357.0,none
MMSI,,"Merit Medical Systems, Inc.","Merit Medical Systems, Inc.",Healthcare,Medical Instruments & Supplies,United States,5097478656.0,5468900352.0,35.131687,18.512417,1.5796,3.034515,3.2286777,16.135,3.464,0.0919,0.04921,0.14456001,0.0922,0.49514,0.21468,0.095,0.204,,0.191,48.822,4.198,2.641,448699008.0,820121024.0,173902128.0,283448992.0,0.491,0.02446,1.07416,59710420.0,58301851.0,0.089099996,85.37,94.75,59.74,803990.0,buy
MOG-A,,Moog Inc.,Moog Inc.,Industrials,Aerospace & Defense,United States,12438217728.0,13516941312.0,33.33871,32.717632,,5.5950027,2.8805666,21.374,3.13,0.18106002,0.07038,0.14516,0.087340005,0.28204,0.14646,0.152,1.59,,1.599,51.557,2.087,1.261,66821000.0,1145543936.0,333472640.0,485609984.0,0.969,0.0185,1.0502601,28443048.0,28620602.0,0.0335,392.73,448.85,192.33,272920.0,none
MOH,,Molina Healthcare Inc,"Molina Healthcare, Inc.",Healthcare,Healthcare Plans,United States,9893987328.0,4931987968.0,1263.5999,19.449934,0.887,2.362988,0.23296964,12.646,0.116,-0.0016,0.0116,0.01398,-0.00016000001,0.08427,0.00918,-0.057,-0.753,,-0.765,94.773,1.679,1.61,8915000320.0,3952999936.0,700249984.0,365000000.0,0.755,0.014199999,1.11906,52200000.0,47886714.0,0.0715,189.54,244.89,121.06,926300.0,hold
MORN,,"Morningstar, Inc.","Morningstar, Inc.",Financial Services,Financial Data & Stock Exchanges,United States,6885616128.0,8266615808.0,18.173267,13.169054,,6.7256603,2.6828816,12.155,3.221,0.3196,0.096269995,0.24215999,0.16427,0.62240005,0.26499,0.096,0.354,,0.211,186.052,1.056,0.938,523800000.0,1904800000.0,497800000.0,646899968.0,0.996,0.4967,0.66290003,37513571.0,19293230.0,0.0639,183.55,228.95,141.49,346160.0,none
MPT,,"Medical Properties Trust, Inc.","Medical Properties Trust, Inc.",Real Estate,REIT - Healthcare Facilities,United States,1952844032.0,11262336000.0,,65.4,,0.43380207,1.7674397,11.87,10.193,-0.00622,0.0277,0.57359004,-0.027320001,0.95944,0.85870004,0.019,,,,215.671,1.172,1.003,396558016.0,9704995840.0,753948992.0,226820992.0,1.442,0.08813,0.6304,597200000.0,489751776.0,0.32560003,3.27,6.47,3.25,8294055.0,none
MP,,MP Materials Corp.,MP Materials Corp.,Basic Materials,Other Industrial Metals & Mining,United States,8365431808.0,8308019712.0,,57.068916,,4.272719,20.097326,204.249,19.959,-0.03585,-0.01525,-0.1472,-0.14563,0.42326,0.097720005,1.197,,,,41.402,9.51,8.442,1452638976.0,981616000.0,-432948864.0,-83963000.0,1.951,0.19617,0.77703005,178101588.0,144321060.0,0.205,46.97,100.251,37.81,5906344.0,strong_buy
MRCY,,Mercury Systems Inc,"Mercury Systems, Inc.",Industrials,Aerospace & Defense,United States,5165492736.0,5392329728.0,,38.058296,,3.3779106,5.2515016,67.255,5.482,-0.01998,0.0019699999,0.01227,-0.03017,0.28585,0.08151,0.061,-0.967,,-0.951,33.582,2.963,1.733,214306000.0,502881984.0,107115000.0,102388000.0,0.98,0.011410001,1.12033,60863586.0,55524894.0,0.095699996,84.87,128.45,65.04,696726.0,none
MRP,,"Millrose Properties, Inc.","Millrose Properties, Inc.",Real Estate,REIT - Residential,United States,4086439424.0,6544000512.0,8.574913,7.564557,,0.6983145,5.373062,,8.604,0.081199996,0.045760002,0.85156995,0.62595004,0.85307,0.0,0.321,0.116,,0.116,42.58,46.568,0.164,34171000.0,2491731968.0,-1379807232.0,3746118912.0,,0.01128,0.94055,154228116.0,153104491.0,0.0589,24.61,33.49,23.44,1387304.0,strong_buy
MRTN,,"Marten Transport, Ltd.","Marten Transport, Ltd.",Industrials,Trucking,United States,1089366656.0,985744640.0,88.933334,20.523077,,1.4221748,1.2701807,8.648,1.149,0.01646,0.00482,0.02345,0.01474,0.22690001,0.1329,-0.028,-0.258,,-0.257,0.047,2.503,2.212,103980000.0,358000.0,-5991125.0,84838000.0,0.97,0.29292,0.76555,81661669.0,57590259.0,0.09810001,13.34,18.48,9.35,665663.0,buy
MSA,,MSA Safety Incorporated,MSA Safety Incorporated,Industrials,Security & Protection Services,United States,6991542784.0,7438563328.0,22.882574,18.185886,,5.004142,3.592191,14.342,3.822,0.2366,0.11071999,0.24591999,0.16133,0.47571,0.26647,0.062,0.403,,0.373,45.911,3.236,1.897,200056992.0,643507968.0,316457248.0,405879008.0,0.936,0.06058,0.95761,38578289.0,36192222.0,0.0229,181.23,208.92,151.11,261296.0,none
MSEX,,Middlesex Water Company,Middlesex Water Company,Utilities,Utilities - Regulated Water,United States,1009281792.0,1447568768.0,20.921877,17.913044,,1.9367905,4.8960752,14.917,7.022,0.097679995,0.02961,0.344,0.23256001,0.53659,0.47075,0.143,0.316,,0.371,83.981,0.497,0.335,1801000.0,438744992.0,-28346000.0,58641000.0,0.731,0.02327,0.88575,18843946.0,18339117.0,0.056500003,53.56,62.18,44.17,150106.0,none
MSGS,,Madison Square Garden Sports Co,Madison Square Garden Sports Corp.,Communication Services,Entertainment,United States,9799331840.0,10795129856.0,1233.1818,-894.12054,,-37.211964,8.492932,318.356,9.356,,0.01276,0.11756,0.00672,0.33605,0.02939,0.367,,,,,0.503,0.418,164511008.0,1160308992.0,58219124.0,62663000.0,0.572,0.03503,1.02043,19550424.0,17107594.0,0.0858,406.95,438.93,207.9,237777.0,buy
MSM,,"MSC Industrial Direct Company, ","MSC Industrial Direct Co., Inc.",Industrials,Industrial Distribution,United States,,7748050432.0,31.054892,23.889297,2.4759,5.119408,,17.449,1.982,0.16322,0.086780004,0.10195,0.05915,0.40823,0.11361,0.078,0.411,,0.414,39.13,1.548,0.591,74094000.0,555424000.0,195171120.0,305791008.0,0.818,0.26757,0.86388,,41348041.0,0.0543,130.12,132.32,78.8,684433.0,hold
MTCH,,"Match Group, Inc.",,Communication Services,Internet Content & Information,United States,9405305856.0,12339928064.0,14.24735,8.808225,0.347,-39.107662,2.6800935,10.379,3.516,,0.17361,0.28771,0.20169,0.74872,0.33879003,-0.012,0.504,,0.359,,1.724,1.563,583808000.0,3668239872.0,930664000.0,1207619968.0,1.323,0.0076200003,1.09316,233266526.0,227911991.0,0.057800002,40.32,44.935,28.81,3221373.0,buy
MTDR,,Matador Resources Company,Matador Resources Company,Energy,Oil & Gas E&P,United States,6620850688.0,11236448256.0,9.083192,5.7509136,0.6115,1.118966,1.7243191,4.681,2.926,0.13592,0.059180003,0.492,0.18847999,0.8239,0.62520003,0.268,1.606,,1.6,69.104,0.65,0.45,26318000.0,4319641088.0,-907763968.0,2603782912.0,0.788,0.07092,0.98564005,123754216.0,115596338.0,0.115100004,53.5,66.84,37.14,1937423.0,strong_buy
MTH,,Meritage Homes Corporation,Meritage Homes Corporation,Consumer Cyclical,Residential Construction,United States,4161365760.0,5261276672.0,13.413864,10.879788,,0.822735,0.77183795,12.124,0.976,0.063769996,0.03346,0.08185001,0.06107,0.18275999,0.08049,-0.138,-0.328,,-0.383,37.707,14.355,2.181,807267008.0,1907177984.0,293902112.0,437944000.0,1.357,0.02595,1.05663,65174093.0,63460014.0,0.1031,63.85,85.38,58.03,815923.0,buy
MTN,,"Vail Resorts, Inc.","Vail Resorts, Inc.",Consumer Cyclical,Resorts & Casinos,United States,5030278656.0,8490994688.0,30.422415,22.91075,,9.116508,1.7723458,11.489,2.992,0.26042,0.047930002,-0.73705,0.05198,0.4373,0.26038998,0.025,,,,612.185,0.799,0.569,268460992.0,3412305920.0,190187632.0,479625984.0,0.7,0.01643,1.3510801,35635298.0,31853324.0,0.2916,141.16,163.34,118.51,765730.0,hold
MTG,,MGIC Investment Corporation,MGIC Investment Corporation,Financial Services,Insurance - Specialty,United States,5528114176.0,5967711232.0,8.2415905,7.796521,,1.1106074,4.6236305,6.461,4.991,0.13923,0.088,0.80851996,0.59204,0.92607003,0.77258,-0.029,0.062,,-0.054,12.903,4.964,3.243,207276992.0,646873984.0,518861888.0,708017024.0,0.645,0.01839,1.01899,205124840.0,190924047.0,0.059499998,26.95,31.89,24.69,1955715.0,hold
MTRN,,Materion Corporation,Materion Corporation,Basic Materials,Other Industrial Metals & Mining,United States,6503455232.0,6994220544.0,66.70086,37.015038,,6.5369716,3.0994043,34.043,3.333,0.09458999,0.04596,0.08574,0.04295,0.16011,0.09791,0.422,0.521,,0.542,51.424,2.941,0.952,20836000.0,511600992.0,13363875.0,108307000.0,1.081,0.01722,0.9938,20833725.0,20597887.0,0.0392,312.16,314.24,109.61,309838.0,buy
MTSI,,MACOM Technology Solutions Hold,"MACOM Technology Solutions Holdings, Inc.",Technology,Semiconductors,United States,24560891904.0,24311912448.0,102.09524,37.878967,,15.939731,21.100893,88.07,20.887,0.17184,0.063769996,0.23337,0.20698999,0.56536,0.23716,0.358,1.667,,1.757,26.873,2.338,1.679,663030016.0,414051008.0,104351504.0,271185984.0,1.708,0.065510005,0.97248,76370931.0,71288446.0,0.0435,321.6,418.9,121.97,1389114.0,buy
MTUS,,Metallus Inc.,Metallus Inc.,Basic Materials,Steel,United States,824426240.0,730526272.0,104.68421,14.6789665,0.949,1.1921601,0.6743773,11.085,0.598,0.011720001,0.0055400003,0.0346,0.0066299997,0.08196,0.05391,0.12,1.384,,1.405,2.123,1.752,0.831,108600000.0,14700000.0,-62337500.0,6000000.0,1.36,0.14347,0.87754,41449284.0,35967616.0,0.070700005,19.89,22.58,14.19,361368.0,buy
MTX,,Minerals Technologies Inc.,Minerals Technologies Inc.,Basic Materials,Specialty Chemicals,United States,2067883648.0,2718483712.0,,9.520602,,1.3385319,0.96306056,7.133,1.266,-0.03835,0.051620003,0.13603,-0.0313,0.24516001,0.17749001,0.037,,,,61.194,1.429,0.916,346200000.0,964899968.0,392837504.0,230300000.0,1.137,0.01248,1.03969,31128762.0,30663076.0,0.047399998,66.43,84.34,53.94,204752.0,strong_buy
MTZ,,"MasTec, Inc.","MasTec, Inc.",Industrials,Engineering & Construction,United States,17340246016.0,20161568768.0,34.004723,17.222525,0.6564,4.8478928,1.0764253,15.409,1.252,0.16176,0.052810002,0.05424,0.03069,0.12913999,0.08123,0.234,0.514,,0.517,89.874,1.4,1.289,315640992.0,3235450880.0,-57898876.0,582025024.0,1.818,0.2116,0.76405996,80304948.0,62364934.0,0.0854,215.93,441.43,182.34,1492320.0,strong_buy
MUR,,Murphy Oil Corporation,Murphy Oil Corporation,Energy,Oil & Gas E&P,United States,5398544896.0,7323766272.0,18.551723,11.853801,,1.0265776,1.8038827,4.129,2.447,0.06461,0.03332,0.3793,0.09826,0.82672995,0.59273,0.356,9.166,,9.421,41.896,0.854,0.771,483875008.0,2263731968.0,344718368.0,1566169984.0,0.488,0.05691,0.92457,143349576.0,135576890.0,0.0994,37.66,43.34,26.49,1661006.0,hold
MWA,,MUELLER WATER PRODUCTS,"Mueller Water Products, Inc.",Industrials,Specialty Industrial Machinery,United States,3381682176.0,3339282176.0,15.146853,13.649855,0.9165,3.0179741,2.2860017,9.258,2.257,0.21684,0.10621,0.23945,0.15021,0.38072,0.24383,0.041,0.303,,0.282,40.423,4.636,2.865,495300000.0,452900000.0,130712496.0,237700000.0,1.006,0.010930001,1.0278801,156125679.0,154822030.0,0.0552,21.66,31.0,20.9,1200342.0,none
MUSA,,Murphy USA Inc.,Murphy USA Inc.,Consumer Cyclical,Specialty Retail,United States,9466247168.0,12053245952.0,15.649347,16.78957,,12.094214,0.49574998,9.79,0.631,0.86394,0.121149994,0.049050003,0.03232,0.08061,0.06448,0.408,0.531,,0.436,352.932,0.925,0.509,175400000.0,2762400000.0,386800000.0,985299968.0,0.251,0.09842,0.87742996,18380347.0,16572272.0,0.047,515.02,636.05,349.83,275579.0,buy
MXL,,"MaxLinear, Inc","MaxLinear, Inc.",Technology,Semiconductors,United States,9607130112.0,9690512384.0,,40.538834,,19.814814,16.886314,-432.014,17.033,-0.21324,-0.048899997,-0.02441,-0.18238,0.57477003,-0.03943,0.552,,,,30.566,1.776,0.689,64814000.0,148196992.0,14404875.0,16467000.0,3.945,0.05885,0.84330004,90693191.0,85221671.0,0.0746,105.93,128.3,12.77,3063339.0,buy
MYRG,,"MYR Group, Inc.",MYR Group Inc.,Industrials,Engineering & Construction,United States,4745040384.0,4674272256.0,28.97053,20.915241,,6.2896233,1.1844683,16.072,1.167,0.24714,0.08479,0.06199,0.04126,0.12488,0.0726,0.201,0.865,,0.884,8.895,1.398,1.344,137872000.0,67104000.0,177308880.0,298494016.0,1.313,0.01868,1.03594,15569250.0,15302237.0,0.0555,304.77,503.57,190.14,278557.0,none
MZTI,,The Marzetti Company,The Marzetti Company,Consumer Defensive,Packaged Foods,United States,2716273152.0,2944958208.0,14.259312,13.758639,,2.5792325,1.4075245,9.649,1.526,0.18677999,0.10298,0.10899,0.09929,0.24732,0.15815,-0.022,0.495,,0.485,24.097,1.559,0.564,25096000.0,253780992.0,132784872.0,283816000.0,0.36,0.29319,0.71987,27291000.0,19514430.0,0.33150002,99.53,176.26,97.0,364815.0,none
NABL,,"N-able, Inc.","N-able, Inc.",Technology,Information Technology Services,United States,799070336.0,1119776640.0,,9.799152,,0.99319094,1.4980332,16.801,2.099,-0.00632,0.020599999,0.13182999,-0.00957,0.79855,0.12495,0.059,,,,54.251,1.305,1.158,115812000.0,436516000.0,70063376.0,93323000.0,0.489,0.02251,1.01889,188905524.0,73660136.0,0.0695,4.23,8.735,2.92,2561826.0,none
NATL,,NCR Atleos Corporation,NCR Atleos Corporation,Technology,Software - Application,United States,3356398592.0,5870398976.0,17.60465,8.47388,,7.224431,0.75953805,6.826,1.328,0.48529,0.063379996,0.14959,0.04435,0.25345,0.19461,0.001,0.654,,0.667,634.267,1.026,0.572,429000000.0,2943000064.0,477875008.0,279000000.0,0.559,0.0127,0.99578005,73896934.0,73399608.0,0.0797,45.42,48.5,33.31,675119.0,none
NAVI,,Navient Corporation,Navient Corporation,Financial Services,Credit Services,United States,861873280.0,44493873152.0,,9.511094,,0.35941958,2.5804589,,133.215,-0.01975,-0.001,0.33870998,-0.14671,1.0,0.0,0.042,1.0,,0.786,1852.711,10.745,10.415,796000000.0,44428001280.0,,340000000.0,1.202,0.022909999,1.07751,93783828.0,62875492.0,0.2867,9.19,13.48,7.33,1212506.0,hold
NBHC,,National Bank Holdings Corporat,National Bank Holdings Corporation,Financial Services,Banks - Regional,United States,1685510656.0,1637838208.0,15.991596,9.605047,,1.0155833,3.7268128,,3.621,0.06527,0.00873,0.2857,0.21802,0.0,0.0,0.221,-0.341,,-0.221,,,,411345984.0,354008992.0,,168752000.0,0.764,0.057529997,0.95416,44285618.0,42529032.0,0.052800003,38.06,47.28,35.06,398706.0,buy
NBIX,,"Neurocrine Biosciences, Inc.","Neurocrine Biosciences, Inc.",Healthcare,Drug Manufacturers - Specialty & Generic,United States,14554129408.0,14625930240.0,20.571838,12.054856,0.2824,3.9384935,4.3137407,16.014,4.335,0.22089,0.11704001,0.2219,0.20910999,0.6448,0.2707,0.395,0.311,,0.343,12.497,1.872,1.46,389800000.0,461600000.0,638237504.0,898099968.0,0.381,0.01061,1.02816,101649181.0,100366368.0,0.0634,143.18,186.12,122.14,1272207.0,strong_buy
NBTB,,NBT Bancorp Inc.,NBT Bancorp Inc.,Financial Services,Banks - Regional,United States,2677501952.0,2853926912.0,12.357313,11.286305,,1.3772551,3.6991882,,3.943,0.11424,0.01329,0.41447,0.29587,0.0,0.0,0.178,1.318,,1.356,,,,366823008.0,543248000.0,,261662000.0,0.479,0.02832,0.69488,51960061.0,50950997.0,0.0629,51.53,54.5,39.2,348388.0,hold
NE,,Noble Corporation plc A,Noble Corporation plc,Energy,Oil & Gas Drilling,United States,6497438720.0,7949472256.0,43.297874,20.312828,,1.4490174,2.2523801,8.418,2.756,0.03283,0.03121,0.10707,0.05185,0.35416,0.32736,-0.163,,,,42.557,1.915,1.747,456208000.0,1908242048.0,252878256.0,881710016.0,0.928,0.20677,0.86250997,159642218.0,157993114.0,0.0,40.7,54.98,26.695,1333698.0,buy
NEOG,,Neogen Corporation,Neogen Corporation,Healthcare,Medical Devices,United States,2649987840.0,3276480512.0,,31.973684,,1.2637819,3.0445633,34.599,3.764,-0.00379,-0.00398,0.0137600005,-0.00908,0.46932,0.1088,-0.001,,,,38.827,3.822,2.101,185500000.0,812600000.0,69500000.0,83200000.0,1.762,0.00741,1.10922,218106005.0,217096570.0,0.0684,12.15,14.26,5.37,2709828.0,buy
NEU,,NewMarket Corp,NewMarket Corporation,Basic Materials,Specialty Chemicals,United States,8498031104.0,9344361472.0,19.88081,35.788536,,4.622658,3.098616,12.749,3.407,0.25123,0.11083999,0.23868,0.15802,0.31494,0.26725,0.07,0.229,,0.202,51.129,2.252,1.124,93599000.0,939929984.0,435517888.0,573732992.0,0.565,0.1916,0.67678,9196406.0,7631729.0,0.0754,924.06,981.66,580.03,122047.0,none
NEO,,"NeoGenomics, Inc.","NeoGenomics, Inc.",Healthcare,Diagnostics & Research,United States,2372941312.0,2675770368.0,,54.615883,,3.0071635,3.0966423,110.001,3.492,-0.06327,-0.018860001,-0.048449997,-0.0677,0.43917,0.03174,0.112,,,,57.064,3.603,3.036,145539008.0,448368000.0,43904752.0,22049000.0,1.748,0.02106,1.1517199,128475440.0,117019285.0,0.1535,18.47,20.05,7.07,2338282.0,none
NFG,,National Fuel Gas Company,National Fuel Gas Company,Energy,Oil & Gas Integrated,United States,7264296960.0,9596519424.0,10.644847,10.231593,,1.8512329,2.8899326,6.296,3.818,0.19576,0.06893,0.40073,0.26864,0.63229,0.60634,0.011,-0.116,,-0.075,90.92,3.201,2.935,1235177984.0,3567400960.0,-24765500.0,1272285952.0,0.384,0.0128999995,0.85266995,95045099.0,93666945.0,0.0627,76.43,97.06,75.03,685598.0,buy
NHC,,National HealthCare Corporation,National HealthCare Corporation,Healthcare,Medical Care Facilities,United States,3565473280.0,3392446208.0,25.128035,529.44183,,3.1769466,2.2869964,17.818,2.176,0.13267,0.05836,0.11993,0.08997,0.39488,0.12213001,0.088,0.671,,0.7,2.784,1.862,1.473,210190000.0,31409000.0,63169624.0,188806000.0,0.631,0.1883,0.66758,15661395.0,12714234.0,0.0538,227.66,239.29,116.42,110096.0,none
NGVT,,Ingevity Corporation,Ingevity Corporation,Basic Materials,Specialty Chemicals,United States,2489305344.0,3628205312.0,100.56944,12.041581,,53.24265,2.145398,9.738,3.127,0.30072,0.10413,0.29895002,0.04654,0.41127,0.32112,-0.052,,,,2636.034,1.611,0.776,97400000.0,1236300032.0,88937504.0,211000000.0,1.17,0.0077100005,1.0548201,34377922.0,34063364.0,0.059299998,72.41,79.29,45.85,246968.0,none
NHI,,"National Health Investors, Inc.","National Health Investors, Inc.",Real Estate,REIT - Healthcare Facilities,United States,3227537664.0,4493246976.0,18.777143,20.242466,,2.0541353,7.4062953,15.511,10.311,0.10717,0.04385,0.4109,0.38275,0.73925,0.66472,0.338,0.452,,0.505,80.432,1.817,1.195,30388000.0,1278265984.0,171983248.0,248680992.0,0.547,0.023929998,0.79593,49110434.0,47937677.0,0.0419,65.72,91.38,64.56,378084.0,buy
NIC,,Nicolet Bankshares Inc.,"Nicolet Bankshares, Inc.",Financial Services,Banks - Regional,United States,3488796928.0,3126299136.0,18.353914,12.373272,,1.5368353,6.8378015,,6.127,0.08906999,0.0126600005,0.52892,0.30214,0.0,0.0,0.861,0.12,,0.579,,,,455248000.0,92750000.0,,182528000.0,0.639,0.08675,0.65053004,20957513.0,19845088.0,0.053200003,166.47,180.0,114.12,174657.0,buy
NLY,,Annaly Capital Management Inc.,"Annaly Capital Management, Inc.",Real Estate,REIT - Mortgage,United States,13943716864.0,140541706240.0,4.512195,5.9488783,,0.91820526,4.2843657,,43.183,0.19567,0.02329,0.91652,0.90681,0.97972,0.0,4.794,34.26,,13.408,737.543,0.558,0.529,480364000.0,125222871040.0,,886446976.0,1.238,0.00104,0.618,753714442.0,752342682.0,0.0,18.5,24.52,18.37,8392904.0,buy
NJR,,NewJersey Resources Corporation,New Jersey Resources Corporation,Utilities,Utilities - Regulated Gas,United States,5234731008.0,9080783872.0,14.290859,14.963121,2.2165,1.9791307,2.347926,12.073,4.073,0.14453,0.044970002,0.09133001,0.16423,0.39178002,0.33736,0.168,,,,146.778,0.661,0.252,33955000.0,3880007936.0,-259436368.0,658955008.0,0.514,0.0047999998,0.81748,101467946.0,100878417.0,0.0546,51.59,60.86,43.46,648685.0,buy
NMIH,,NMI Holdings Inc,"NMI Holdings, Inc.",Financial Services,Insurance - Specialty,United States,2920709120.0,3185592064.0,7.643701,7.02864,,1.0818266,3.9966955,5.838,4.359,0.15427,0.08816,0.76672995,0.54097,0.76384,0.74672997,0.081,0.141,,0.1,15.753,2.029,0.699,161263008.0,426145984.0,329759616.0,448512992.0,0.534,0.015829999,1.01483,75217851.0,73909060.0,0.0321,38.83,46.74,34.84,541738.0,buy
NNN,,"NNN REIT, Inc.","NNN REIT, Inc.",Real Estate,REIT - Retail,United States,7790663168.0,12856640512.0,20.172415,19.547194,,1.7619724,8.172765,14.938,13.487,0.08719,0.03914,0.61697,0.40353,0.96094,0.90287,0.077,-0.037,,-0.026,112.118,0.18,0.116,4223000.0,5001272832.0,-1371816320.0,673008000.0,0.774,0.008590001,1.02087,190248177.0,179709208.0,0.0448,40.95,50.0,38.9,1596273.0,hold
NOG,,"Northern Oil and Gas, Inc.","Northern Oil and Gas, Inc.",Energy,Oil & Gas E&P,United States,2539065600.0,5205242368.0,,5.2324295,7.3495,1.2669467,1.2618488,4.333,2.587,-0.22049999,0.04598,0.57063997,-0.24154,0.75398004,0.59696996,0.16,1.19,,1.376,136.559,0.796,0.703,47603000.0,2724814080.0,-459628992.0,1380982016.0,0.754,0.02894,1.0569301,106549128.0,103037178.0,0.2441,23.83,31.17,17.18,2507450.0,buy
NOV,,NOV Inc.,NOV Inc.,Energy,Oil & Gas Equipment & Services,United States,6701788160.0,7919788544.0,69.62962,14.657155,0.8185,1.0825752,0.77575976,8.032,0.917,0.01545,0.03446,0.0717,0.011,0.21646,0.11413,-0.025,0.076,,0.037,37.151,2.422,1.524,1164000000.0,2326000128.0,673374976.0,916000000.0,0.944,0.0073400005,1.0842401,356478125.0,354410552.0,0.14140001,18.8,21.93,12.29,3314465.0,buy
NOVT,,Novanta Inc.,Novanta Inc.,Technology,Scientific & Technical Instruments,United States,5645058560.0,5212005376.0,94.474686,34.183945,,3.4921045,5.4822416,28.803,5.062,0.051090002,0.04087,0.11497,0.05998,0.44544998,0.17573,0.103,1.5,,1.789,17.668,4.569,3.65,718649984.0,285596992.0,118383248.0,133840000.0,1.675,0.0070700003,1.2352201,37817770.0,37537540.0,0.1511,149.27,176.38,98.27,403031.0,none
NPK,,"National Presto Industries, Inc","National Presto Industries, Inc.",Industrials,Aerospace & Defense,United States,1075619328.0,1068507392.0,25.205685,173.25287,,2.615342,1.9747692,18.922,1.962,0.10902,0.06545,0.11712,0.078600004,0.16466999,0.10368,0.217,2.07,,2.079,2.232,5.22,0.906,16291000.0,9179000.0,8961750.0,33465000.0,0.491,0.26058,0.67216,7136067.0,4814134.0,0.0933,150.73,158.17,91.28,98380.0,none
NPO,,Enpro Inc.,Enpro Inc.,Industrials,Specialty Industrial Machinery,United States,7039523840.0,7493334016.0,161.43689,30.549639,1.8751,4.433779,5.7521844,25.112,6.123,0.0286,0.047509998,0.17119,0.03604,0.43226,0.24383,0.176,0.016,,0.027,37.073,2.282,1.236,77000000.0,588499968.0,130837504.0,218900000.0,1.546,0.00675,1.02205,21167681.0,20804631.0,0.0355,332.56,390.42,202.0,188368.0,none
NSP,,"Insperity, Inc.","Insperity, Inc.",Industrials,Staffing & Employment Services,United States,1775316224.0,1634316160.0,,17.229364,,29.10457,0.25834054,60.53,0.238,-0.18496999,-0.00088,0.00356,-0.00233,0.12893,0.00393,0.017,,,,783.607,1.113,0.96,619000000.0,478000000.0,195124992.0,225000000.0,0.531,0.06245,1.15566,38195270.0,35812649.0,0.09689999,46.48,55.9,18.57,509471.0,hold
NSIT,,"Insight Enterprises, Inc.","Insight Enterprises, Inc.",Technology,Electronics & Computer Distribution,United States,4715186176.0,6093429248.0,23.766272,12.12316,0.9924,2.954395,0.5495795,9.725,0.71,0.13112001,0.03197,0.06179,0.024530001,0.22103001,0.07303,0.147,0.76,,0.653,108.517,1.183,1.108,363481984.0,1741725056.0,438449760.0,422968000.0,1.098,0.012569999,1.06002,29348850.0,28837593.0,0.0587,160.66,168.5,63.62,371803.0,none
NSSC,,"NAPCO Security Technologies, In","Napco Security Technologies, Inc.",Industrials,Security & Protection Services,United States,1293744256.0,1161358336.0,30.141665,20.03878,,6.773408,6.394671,18.317,5.74,0.2393,0.17512,0.32228002,0.21267,0.5899,0.31338,0.1,0.524,,0.527,2.711,4.899,4.088,137564992.0,5179000.0,50773248.0,61145000.0,1.424,0.03454,1.04973,35768437.0,34938967.0,0.0759,36.17,51.77,33.91,378969.0,none
NTCT,,"NetScout Systems, Inc.","NetScout Systems, Inc.",Technology,Software - Infrastructure,United States,2978091520.0,2388660480.0,24.526947,14.645989,,1.790601,3.3720937,12.722,2.705,0.0754,0.03672,0.06892,0.13706,0.79839,0.21260001,0.127,,,,2.404,1.825,1.677,629411008.0,39980000.0,226413504.0,271756000.0,0.688,0.04809,0.97846,72707312.0,69037047.0,0.0629,40.96,45.28,25.2,610428.0,none
NTNX,,"Nutanix, Inc.","Nutanix, Inc.",Technology,Software - Infrastructure,United States,19559518208.0,18719522816.0,13.982592,27.181189,1.4271,27.835966,6.854463,50.349,6.56,374.6021,0.045110002,0.12891,0.52806,0.86927,0.13029,0.159,31.485,,31.849,216.559,1.798,1.582,2361463040.0,1521468032.0,727732992.0,916688000.0,0.622,0.02099,0.96912,270570179.0,251121595.0,0.056799997,72.29,77.9,34.01,2740620.0,buy
NTST,,NetSTREIT Corp.,NETSTREIT Corp.,Real Estate,REIT - Retail,United States,1785816704.0,3154572544.0,125.14286,42.73171,,1.1311984,8.14861,17.862,14.394,0.00962,0.01897,0.39020002,0.06347,0.90376997,0.80584997,0.269,0.527,,0.921,88.837,5.531,3.051,34637000.0,1403266944.0,133447376.0,119838000.0,0.804,0.00634,1.59831,101527998.0,100868066.0,0.16219999,17.52,22.47,17.02,1615634.0,strong_buy
NVST,,Envista Holdings Corporation,Envista Holdings Corporation,Healthcare,Medical Instruments & Supplies,United States,3768091392.0,4230491392.0,39.76271,14.080872,,1.2247454,1.3191288,10.415,1.481,0.030569999,0.03229,0.1039,0.03326,0.55421,0.14220001,0.071,1.113,,1.034,51.62,2.425,1.935,1125600000.0,1588000000.0,267887504.0,302600000.0,0.858,0.0058999998,1.20006,160617709.0,159867624.0,0.0714,23.46,30.42,18.77,2833966.0,buy
NVT,,nVent Electric plc,nVent Electric plc,Industrials,Electrical Equipment & Parts,United Kingdom,27444631552.0,28821532672.0,47.231197,26.098,1.0268,6.8837285,5.677417,27.46,5.962,0.15748,0.0736,0.18827,0.12377,0.36453998,0.21712999,0.528,0.98,,0.972,40.957,1.8,1.252,256000000.0,1632899968.0,452550016.0,690600000.0,1.355,0.00797,0.93644,161857939.0,161161950.0,0.0327,169.56,184.64,93.22,2200966.0,strong_buy
NWBI,,"Northwest Bancshares, Inc.","Northwest Bancshares, Inc.",Financial Services,Banks - Regional,United States,2223762944.0,2832081152.0,14.605769,10.466839,,1.1537292,3.3981135,,4.328,0.085710004,0.009649999,0.41568002,0.23374,0.0,0.0,0.232,0.385,,0.59,,,,270511008.0,877878016.0,,153680992.0,0.664,0.010039999,0.72608,146396520.0,144637171.0,0.0775,15.19,16.16,11.25,1020053.0,hold
NWE,,"NorthWestern Energy Group, Inc.","NorthWestern Energy Group, Inc.",Utilities,Utilities - Regulated Electric,United States,4261341184.0,7853767680.0,24.739285,17.4813,2.7123,1.4717004,2.519439,13.239,4.643,0.05935,0.02484,0.17343001,0.10132,0.55587,0.35074002,0.146,0.157,,0.177,124.221,0.826,0.297,4180000.0,3596605952.0,-242985632.0,416086016.0,0.36,0.0066000004,0.97929,61517850.0,61112447.0,0.0429,69.27,75.18,57.12,399712.0,buy
NWL,,Newell Brands Inc.,Newell Brands Inc.,Consumer Defensive,Household & Personal Products,United States,2299859968.0,7800860160.0,,7.8686233,,0.9371746,0.31739718,8.582,1.077,-0.085939996,0.03296,0.14744,-0.0305,0.35467997,0.12545,0.03,1.266,,1.304,232.966,1.111,0.427,209000000.0,5710000128.0,408624992.0,331000000.0,0.887,0.0137600005,1.07489,425900000.0,391142301.0,0.1511,5.4,7.13,3.07,7949866.0,none
NX,,Quanex Building Products Corpor,Quanex Building Products Corporation,Industrials,Building Products & Equipment,United States,870697984.0,1642774400.0,19.587627,9.632446,0.7154,1.1567732,0.46732652,7.838,0.882,0.06201,0.03518,0.09264,0.02434,0.26587,0.11249,0.013,,,,113.017,2.231,1.047,62094000.0,842476992.0,65965624.0,145522000.0,0.947,0.012619999,1.18037,45826208.0,39296907.0,0.1187,19.0,23.33,11.04,385592.0,none
NXRT,,"NexPoint Residential Trust, Inc","NexPoint Residential Trust, Inc.",Real Estate,REIT - Residential,United States,963442944.0,2051249024.0,,-8.447964,,1.9245439,3.802289,16.533,8.095,-0.11093,0.00955,0.11203,-0.13206,0.60032004,0.48966,0.024,,,,629.179,2.87,0.908,20031000.0,1589496064.0,71450872.0,83143000.0,1.172,0.12632,0.83031,25549813.0,21742124.0,0.13949999,18.67,32.36,18.52,491595.0,hold
NWN,,Northwest Natural Holding Compa,Northwest Natural Holding Company,Utilities,Utilities - Regulated Gas,United States,1994391808.0,4669422592.0,15.585526,14.659654,2.3143,1.2790196,1.542644,9.541,3.612,0.08347999,0.02844,0.13614,0.097449996,0.44977,0.37855,0.031,,,,173.275,0.772,0.205,26834000.0,2701864960.0,-268720128.0,213202000.0,0.426,0.00619,0.83615994,42093538.0,41854447.0,0.06,47.38,55.99,43.64,236623.0,buy
NXST,,"Nexstar Media Group, Inc.","Nexstar Media Group, Inc.",Communication Services,Broadcasting,United States,4788226048.0,16654226432.0,30.003862,6.6693096,0.2827,2.1138675,0.8148785,9.802,2.834,0.07434,0.05092,0.21224001,0.03199,0.55070996,0.28914,0.622,0.18,,0.237,533.79,1.562,1.403,218000000.0,12085000192.0,800625024.0,894000000.0,0.887,0.06687,1.02265,30808301.0,28617215.0,0.11359999,155.42,254.3,154.345,349390.0,strong_buy
NXT,,Nextpower Inc.,Nextpower Inc.,Technology,Solar,United States,12951713792.0,11615300608.0,21.782948,14.609748,3.1548,4.9997034,3.5676634,15.509,3.2,0.27224,0.11685,0.20858,0.16364,0.22983,0.20629999,0.082,0.029,,0.052,1.502,2.689,2.288,1213897984.0,38400000.0,324051264.0,602646016.0,1.923,0.00641,1.08065,151729520.0,149089426.0,0.0796,84.3,163.13,74.91,2469419.0,strong_buy
NYT,,New York Times Company (The),The New York Times Company,Communication Services,Publishing,United States,10112481280.0,9451668480.0,26.567799,19.96739,,4.9467454,3.4271164,16.952,3.203,0.19724001,0.103879996,0.17122,0.13313,0.50958997,0.18896,0.113,0.14,,0.126,,1.58,1.385,660812032.0,0.0,459932128.0,658262976.0,0.91,0.1129,0.95893997,160502862.0,133666998.0,0.0859,62.7,87.1,54.1,2412150.0,buy
OC,,Owens Corning Inc,Owens Corning,Industrials,Building Products & Equipment,United States,9356201984.0,14853201920.0,,9.93896,,2.4788992,0.9501576,7.68,1.508,-0.094510004,0.05787,0.17816,-0.06814,0.26231,0.19639999,0.003,-0.342,,-0.377,150.328,1.16,0.599,271000000.0,5728999936.0,869500032.0,1752000000.0,1.319,0.011089999,1.10986,79048683.0,78230529.0,0.0342,118.36,159.91,97.53,971525.0,buy
OFG,,OFG Bancorp,OFG Bancorp,Financial Services,Banks - Regional,United States,2167797248.0,2000059136.0,9.998051,10.013666,,1.5404252,3.3291214,,3.072,0.16081,0.01808,0.43318,0.33854,0.0,0.0,0.104,0.209,,0.135,,,,745729024.0,577990976.0,,225032000.0,0.699,0.00966,0.9978,42265494.0,41852560.0,0.0713,51.29,54.47,35.71,276152.0,hold
OGE,,OGE Energy Corp,OGE Energy Corp.,Utilities,Utilities - Regulated Electric,United States,9366394880.0,15208695808.0,20.061947,17.393574,2.9854,1.8803135,2.8950622,11.832,4.701,0.09703,0.03367,0.26549,0.14435,0.44762,0.3973,-0.04,0.057,,0.082,117.305,0.767,0.414,900000.0,5843200000.0,126750000.0,1294000000.0,0.509,0.00405,0.81767,206581287.0,205197192.0,0.0682,45.34,50.59,41.7,1498136.0,buy
OGN,,Organon & Co.,Organon & Co.,Healthcare,Drug Manufacturers - General,United States,3603001600.0,11024001024.0,17.589745,3.7952554,,3.5813103,0.5880531,7.049,1.799,0.24037,0.05669,0.20732,0.03411,0.53403,0.25526,-0.023,-0.283,,-0.255,850.199,1.954,1.003,1132000000.0,8552999936.0,490750016.0,737000000.0,1.518,0.00463,0.84795,262609433.0,242989882.0,0.0759,13.72,13.785,5.69,2722417.0,none
OHI,,"Omega Healthcare Investors, Inc","Omega Healthcare Investors, Inc.",Real Estate,REIT - Healthcare Facilities,United States,14598272000.0,18099054592.0,16.098593,22.606134,,2.5368996,11.573392,15.891,14.349,0.16529,0.04913,0.61487,0.68055,0.97924006,0.90296,0.112,1.613,,1.656,71.471,0.444,0.302,39036000.0,4032576000.0,665501376.0,890558016.0,0.567,0.0019699999,0.8321,303013000.0,302043358.0,0.0477,45.72,52.39,39.26,1865220.0,buy
OGS,,"ONE Gas, Inc.","ONE Gas, Inc.",Utilities,Utilities - Regulated Gas,United States,4561479680.0,7943669760.0,15.640086,14.381688,,1.2881181,1.973089,10.119,3.436,0.085760005,0.03464,0.19847,0.124689996,0.38094002,0.33958,-0.029,0.396,,0.461,95.903,0.481,0.19,10735000.0,3392924928.0,-219928128.0,517355008.0,0.66,0.0108,0.95434,62856270.0,62161080.0,0.0797,72.57,90.78,70.37,540865.0,buy
OI,,"O-I Glass, Inc.","O-I Glass, Inc.",Consumer Cyclical,Packaging & Containers,United States,860494528.0,5663494656.0,,3.7326863,,2.2462895,0.13529788,6.196,0.89,-1.18344,0.03569,0.07194,-0.1816,0.14827,0.14371,-0.022,,,,925.046,1.261,0.629,339000000.0,4985999872.0,69625000.0,416000000.0,0.657,0.01307,1.05292,153659747.0,150380648.0,0.15689999,5.6,16.91,5.51,3451896.0,buy
OII,,"Oceaneering International, Inc.","Oceaneering International, Inc.",Energy,Oil & Gas Equipment & Services,United States,4411153920.0,4601467904.0,12.809248,19.106,,3.7890058,1.5358716,11.364,1.602,0.34570998,0.07424,0.11486,0.121879995,0.1982,0.14099,0.1,0.204,,0.194,70.343,2.176,1.765,636473024.0,822158976.0,237835120.0,318480000.0,1.174,0.01276,1.08184,99529645.0,97965039.0,0.105399996,44.32,54.25,22.02,988306.0,none
OKTA,,"Okta, Inc.","Okta, Inc.",Technology,Software - Infrastructure,United States,36972879872.0,34726879232.0,126.640724,48.30215,1.6978,5.302229,12.031527,108.183,11.301,0.043130003,0.01579,0.13292,0.09632,0.78132004,0.10446,0.106,0.757,,0.731,0.76,1.525,1.376,2299000064.0,53000000.0,1037625024.0,987000000.0,0.789,0.0055199997,0.99257004,167139757.0,166726719.0,0.054899998,211.49,216.59,62.66,3502974.0,buy
OLED,,Universal Display Corporation,,Technology,Electronic Components,United States,3694354688.0,3244734464.0,18.690697,16.8802,,2.2064517,6.087174,12.599,5.346,0.115159996,0.06767,0.35257998,0.32243,0.73767996,0.42433998,-0.114,-0.249,,-0.265,1.288,8.498,5.628,471312000.0,21690000.0,111837128.0,262187008.0,1.564,0.08344,0.97523004,45966835.0,42124467.0,0.1033,80.37,153.38,73.23,746893.0,none
OLLI,,Ollie's Bargain Outlet Holdings,"Ollie's Bargain Outlet Holdings, Inc.",Consumer Defensive,Discount Stores,United States,5230678528.0,5768822784.0,19.699106,17.818405,,2.7661545,1.872709,15.464,2.065,0.14862001,0.067379996,0.10815,0.097950004,0.40613997,0.13356,0.091,0.434,,0.394,38.281,2.228,0.475,187502000.0,725646016.0,119643128.0,340750016.0,0.501,0.00342,1.22042,59402403.0,59142814.0,0.1674,88.055,133.28,60.29,1852957.0,buy
OLN,,Olin Corporation,Olin Corporation,Basic Materials,Chemicals,United States,1812321536.0,5042821632.0,,23.343218,,1.058941,0.2703666,8.022,0.752,-0.10585,0.01074,0.0403,-0.02937,0.06858,0.09378,-0.009,,,,199.059,1.418,0.791,177400000.0,3407500032.0,311800000.0,307200000.0,1.193,0.0038,1.07031,113982490.0,107559577.0,0.1314,15.9,30.46,14.95,2984312.0,hold
OMCL,,"Omnicell, Inc.","Omnicell, Inc.",Healthcare,Health Information Services,United States,1528091264.0,1440491136.0,40.0,16.076555,,1.1865664,1.225706,17.528,1.155,0.03059,0.0152199995,0.05909,0.03135,0.44014,0.06592,0.075,3.333,,3.307,15.484,1.644,1.194,292164992.0,199996000.0,134181872.0,181435008.0,0.972,0.021459999,1.08179,45478909.0,44378721.0,0.0875,33.6,55.0,29.06,688930.0,strong_buy
ONB,,Old National Bancorp,Old National Bancorp,Financial Services,Banks - Regional,United States,9548946432.0,16767237120.0,11.044248,8.629362,,1.1430141,3.588885,,6.302,0.106079996,0.012209999,0.52542,0.33310002,0.0,0.0,0.288,0.929,,1.021,,,,1916032000.0,8903822336.0,,986755968.0,0.83,0.00674,0.97979,382570000.0,379142173.0,0.070300005,24.96,27.36,19.39,4234047.0,buy
ONTO,,Onto Innovation Inc.,Onto Innovation Inc.,Technology,Semiconductor Equipment & Materials,United States,20034428928.0,15674646528.0,123.68678,28.044443,,8.35892,17.885696,50.725,13.994,0.06825,0.0481,0.2297,0.11838,0.55492,0.27587,0.353,0.754,,0.772,76.547,9.726,8.171,1882150016.0,1471730944.0,202947248.0,266220992.0,1.583,0.00658,1.0142701,61123436.0,48705209.0,0.071,327.77,386.46,118.97,1023498.0,strong_buy
OPCH,,"Option Care Health, Inc.","Option Care Health, Inc.",Healthcare,Medical Care Facilities,United States,3391138048.0,4462435840.0,17.151514,10.869669,1.1226,2.6913934,0.5956141,11.016,0.784,0.15999,0.061690003,0.05903,0.03681,0.19058001,0.07115,0.019,0.129,,0.067,100.649,1.465,0.91,196780992.0,1268078976.0,256067872.0,346812992.0,0.607,0.0128,1.08817,149785243.0,147706224.0,0.1126,22.64,36.8,18.01,2198260.0,none
OPLN,,"OPENLANE, Inc.","OPENLANE, Inc.",Consumer Cyclical,Auto & Truck Dealerships,United States,4337142272.0,6645793792.0,,20.523455,,2.7799075,2.0899875,14.941,3.202,0.11147001,0.04583,0.16805,0.09667,0.45846,0.21434,0.151,1.133,,0.326,157.364,1.168,1.123,189700000.0,2472499968.0,26375000.0,410100000.0,1.259,0.07914,0.89538,122069865.0,112947871.0,0.027999999,35.53,42.9,24.32,1170938.0,buy
ORA,,"Ormat Technologies, Inc.","Ormat Technologies, Inc.",Utilities,Utilities - Renewable,United States,5710605824.0,8755026944.0,43.80189,36.397415,3.5897,2.1984422,4.8051357,16.644,7.367,0.04778,0.02042,0.13597,0.10656,0.2793,0.44261003,0.106,-0.065,,-0.034,124.336,1.046,0.791,513747008.0,3411760896.0,-318099008.0,279385984.0,0.898,0.00418,0.9657,61496941.0,61331514.0,0.1142,92.86,146.39,87.06,854134.0,buy
ORI,,Old Republic International Corp,Old Republic International Corporation,Financial Services,Insurance - Property & Casualty,United States,9188937728.0,8776247296.0,8.220303,11.533334,,1.5031003,0.9456754,5.654,0.903,0.18571,0.0312,0.17448999,0.11715,0.63918,0.15975,0.134,0.617,,0.577,37.518,0.294,0.262,2650800128.0,2284000000.0,1418687488.0,1279900032.0,0.615,0.07729,0.78623,241432922.0,221126103.0,0.0589,38.06,46.76,36.65,1268684.0,none
OSK,,Oshkosh Corporation (Holding Co,Oshkosh Corporation,Industrials,Farm & Heavy Construction Machinery,United States,8263865856.0,8963065856.0,14.988802,9.562265,,1.8283771,0.7788532,8.599,0.845,0.12387,0.05014,0.08405,0.05243,0.15898,0.09823,0.067,-0.076,,-0.105,24.359,1.718,0.928,403600000.0,1102800000.0,734037504.0,1302400000.0,1.262,0.00728,1.0534301,61739749.0,57945841.0,0.0373,133.85,180.49,116.77,711055.0,buy
OSIS,,"OSI Systems, Inc.","OSI Systems, Inc.",Technology,Electronic Components,United States,3137060352.0,3827070464.0,21.986593,15.363211,1.486,3.7605107,1.7564884,14.275,2.143,0.17344,0.05941,0.14169,0.08663,0.33208,0.15010999,-0.041,0.078,,0.047,126.037,3.153,2.232,359832000.0,1049841984.0,209244624.0,275904000.0,1.2,0.048720002,1.25844,15941968.0,14991508.0,0.16530001,196.78,311.72,186.5,234573.0,strong_buy
OSW,,OneSpaWorld Holdings Limited,OneSpaWorld Holdings Limited,Consumer Cyclical,Leisure,Bahamas,2397399552.0,2447486464.0,29.898735,18.31008,,4.117852,2.3747869,19.854,2.424,0.14321,0.08231,0.09382,0.08019,0.13417,0.12211,0.085,0.197,,0.164,15.605,2.905,1.622,40765000.0,90852000.0,48876500.0,95504000.0,0.899,0.03615,1.1058899,101498712.0,98802906.0,0.0789,23.62,29.248,19.06,926455.0,strong_buy
OTTR,,Otter Tail Corporation,Otter Tail Corporation,Industrials,Conglomerates,United States,3731258624.0,4664268288.0,19.070816,16.68397,2.014,1.9880098,2.8373058,10.429,3.547,0.106850006,0.051409997,0.24028999,0.14833,0.42191002,0.34008998,0.004,,,,67.491,1.707,1.086,333703008.0,1266712960.0,-165230496.0,409316992.0,0.431,0.02082,0.78622,41985580.0,41128654.0,0.16219999,88.87,95.09,74.15,235187.0,none
OUT,,OUTFRONT Media Inc.,OUTFRONT Media Inc.,Real Estate,REIT - Specialty,United States,5055081984.0,9183481856.0,20.21127,18.915428,,7.2916665,2.6152837,18.609,4.751,0.35024,0.04721,0.22278,0.1266,0.51405,0.25531998,0.135,3.4,,2.974,573.64,0.67,0.619,31200000.0,4132499968.0,193724992.0,390600000.0,1.463,0.011619999,1.0513201,176135251.0,174107934.0,0.087299995,28.7,34.96,16.97,1661046.0,buy
OVV,,Ovintiv Inc. (DE),Ovintiv Inc.,Energy,Oil & Gas E&P,United States,16690043904.0,20952885248.0,16.85475,8.101352,3.9352,1.4514227,1.7526035,4.292,2.2,0.08411,0.08638,0.36176997,0.09661,0.53859,0.51265,0.297,0.373,,0.485,43.734,1.008,0.924,700000000.0,5029000192.0,1230499968.0,4454000128.0,0.541,0.0047299997,0.98165,276600000.0,274068206.0,0.045700002,60.34,67.51,35.47,3320120.0,buy
OZK,,Bank OZK,Bank OZK,Financial Services,Banks - Regional,United States,5092601856.0,4545490944.0,7.6440263,7.728061,,0.85749173,3.2807362,,2.928,0.113290004,0.016619999,0.55609,0.44533002,0.0,0.0,-0.021,-0.057,,-0.085,,,,1554322048.0,668230976.0,,865692032.0,0.873,0.06826,0.9911,109037618.0,100603558.0,0.16319999,46.705,53.39,42.37,1143557.0,hold
PAHC,,Phibro Animal Health Corporatio,Phibro Animal Health Corporation,Healthcare,Drug Manufacturers - Specialty & Generic,United States,1512003840.0,2223668736.0,15.325103,9.692667,,3.9187627,0.9959889,9.105,1.465,0.29716,0.08483,0.106429994,0.065689996,0.33328998,0.16088,0.048,0.246,,0.26,206.406,2.956,1.02,83983000.0,795648000.0,-19298000.0,68954000.0,0.465,0.00868,1.03972,21105569.0,20909826.0,0.0643,37.24,60.08,28.25,238496.0,hold
PAG,,"Penske Automotive Group, Inc.","Penske Automotive Group, Inc.",Consumer Cyclical,Auto & Truck Dealerships,United States,13397195776.0,22716995584.0,14.838546,14.174489,2.1138,2.3037837,0.41608137,16.287,0.706,0.15842,0.04236,0.03966,0.02814,0.16149001,0.043319996,0.06,-0.017,,-0.023,160.647,0.975,0.17,69500000.0,9371199488.0,218100000.0,894000000.0,0.829,0.21178,0.8098,65662873.0,17510975.0,0.118,204.03,227.0,140.12,413415.0,none
PARR,,"Par Pacific Holdings, Inc. Comm","Par Pacific Holdings, Inc.",Energy,Oil & Gas Refining & Marketing,United States,4208368640.0,5194008576.0,5.057194,5.6594734,,2.0878382,0.48827806,4.053,0.603,0.53489,0.16871001,0.21122,0.09942,0.23056,0.1487,0.568,6.991,,6.772,56.166,1.84,0.524,184996992.0,1134023040.0,82314872.0,555019008.0,0.773,0.02574,1.03877,50099627.0,48729402.0,0.1276,84.0,87.72,33.21,999549.0,buy
PATH,,"UiPath, Inc.","UiPath, Inc.",Technology,Software - Infrastructure,United States,6837559296.0,5633329152.0,19.582088,14.246314,0.4777,3.5080214,3.9733431,30.514,3.274,0.20027,0.03664,0.08922,0.21031,0.82583,0.10727999,0.134,22.808,,21.783,4.093,2.387,2.139,1283990016.0,79760000.0,474257632.0,373246016.0,1.023,0.10781,0.90263003,456464703.0,388484877.0,0.2574,13.12,19.84,9.2,68639700.0,hold
PAYC,,"Paycom Software, Inc.","Paycom Software, Inc.",Technology,Software - Application,United States,9960377344.0,10571404288.0,24.099237,15.847962,1.1727,16.820673,4.6528597,14.381,4.938,0.41089,0.087790005,0.31721002,0.22778,0.88055,0.34339002,0.098,0.481,,0.2,171.969,1.074,0.079,198000000.0,982800000.0,423724992.0,801500032.0,0.786,0.14067,0.95126,45071619.0,37538861.0,0.0685,220.99,244.98,104.9,810707.0,hold
PAYO,,Payoneer Global Inc.,Payoneer Global Inc.,Technology,Software - Infrastructure,United States,2422783488.0,2162625536.0,51.07143,15.533348,,3.7065837,2.2404222,11.047,2.0,0.07058,0.00906,0.061739996,0.046479996,0.85370004,0.18103,0.052,,,,13.184,1.003,0.991,346320000.0,86162000.0,-69092496.0,222098000.0,0.943,0.03234,0.90341,338850836.0,275875408.0,0.047,7.15,7.19,4.08,3586080.0,none
PATK,,"Patrick Industries, Inc.","Patrick Industries, Inc.",Consumer Cyclical,Recreational Vehicles,United States,2157062656.0,3779342592.0,15.839624,12.6098385,,1.907467,0.547662,8.664,0.96,0.12953,0.052750003,0.07395,0.03739,0.23055,0.11075,-0.006,0.333,,0.339,146.006,2.668,0.798,29160000.0,1651440000.0,32754876.0,208854000.0,1.092,0.04083,1.14436,32118264.0,30689322.0,0.2245,67.16,148.5,66.24,552768.0,buy
PB,,"Prosperity Bancshares, Inc.","Prosperity Bancshares, Inc.",Financial Services,Banks - Regional,United States,8097510400.0,9123642368.0,11.677643,9.165376,,0.81652933,5.8201666,,6.558,0.07071,0.01367,0.58042,0.40417,0.0,0.0,0.259,0.177,,0.247,,,,1683965056.0,2710096896.0,,620708992.0,0.644,0.035439998,0.75354,120176771.0,109487047.0,0.0424,67.38,77.2,61.07,1048382.0,hold
PBH,,Prestige Consumer Healthcare In,Prestige Consumer Healthcare Inc.,Healthcare,Drug Manufacturers - Specialty & Generic,United States,2144170752.0,4122481920.0,12.677871,8.907256,1.5069,1.118608,1.940628,12.67,3.731,0.0912,0.04578,0.20834999,0.15568,0.54772997,0.29448998,0.065,-0.358,,-0.385,107.864,3.23,1.798,89127000.0,2067437952.0,147887504.0,249402000.0,0.331,0.014090001,1.16302,47374522.0,46696119.0,0.1221,45.26,71.07,42.62,542542.0,buy
PBF,,PBF Energy Inc.,PBF Energy Inc.,Energy,Oil & Gas Refining & Marketing,United States,9575406592.0,11334706176.0,7.2125,5.30342,,1.4942656,0.27857184,11.699,0.33,0.23228,0.031040002,0.08801,0.03937,0.050430004,0.02819,0.562,,,,38.424,1.33,0.616,894099968.0,2515000064.0,78462496.0,1657400064.0,0.076,0.13891,0.90440005,118536838.0,102096964.0,0.12560001,80.78,83.36,25.62,3342611.0,hold
PBI,,Pitney Bowes Inc.,Pitney Bowes Inc.,Industrials,Integrated Freight & Logistics,United States,2297632000.0,4176532992.0,13.5161295,9.200349,,-2.66074,1.2311748,7.959,2.238,,0.08407,0.21681,0.100389995,0.54081,0.28118,-0.023,1.158,,0.665,,0.734,0.633,278752992.0,2157654016.0,233828128.0,485620000.0,1.628,0.01698,0.92350996,137090212.0,134634926.0,0.0001,16.76,19.07,8.95,1722300.0,none
PCRX,,"Pacira BioSciences, Inc.","Pacira BioSciences, Inc.",Healthcare,Drug Manufacturers - Specialty & Generic,United States,1004918144.0,1166004096.0,72.02857,7.323698,,1.4940144,1.3467792,9.406,1.563,0.020480001,0.01476,0.06165,0.01962,0.79206,0.16614,0.062,,,,61.329,5.042,3.213,251031008.0,412116992.0,98341248.0,187663008.0,0.265,0.01739,1.13305,39861886.0,36193397.0,0.2727,25.21,27.66,18.8,578755.0,buy
PCTY,,Paylocity Holding Corporation,Paylocity Holding Corporation,Technology,Software - Application,United States,7998726144.0,7526194688.0,29.726337,14.882706,1.1596,6.5486603,4.5156717,17.585,4.249,0.21972999,0.05212,0.19062,0.15228,0.69281995,0.24162,0.11,0.276,,0.241,10.887,1.089,0.094,271916992.0,132972000.0,359865120.0,533252000.0,0.454,0.20076999,0.89084,55366000.0,42474752.0,0.065,144.47,161.93,92.99,717163.0,strong_buy
PDFS,,"PDF Solutions, Inc.","PDF Solutions, Inc.",Technology,Software - Application,United States,2343610368.0,2300282368.0,222.0,33.585476,,6.241565,9.717388,66.264,9.538,0.03272,0.033180002,0.08229999,0.042740002,0.71462,0.14394,0.189,2.416,,2.727,19.21,3.447,3.313,114883000.0,71555000.0,-13259875.0,38703000.0,1.634,0.10548,0.94496,42227216.0,34483167.0,0.098500006,55.5,71.69,23.55,582226.0,strong_buy
PEB,,Pebblebrook Hotel Trust,Pebblebrook Hotel Trust,Real Estate,REIT - Hotel & Motel,United States,2151910656.0,4441473536.0,,-70.62962,,0.88681173,1.4340918,13.529,2.96,-0.016339999,0.01277,0.14332,-0.031070001,0.25336,0.21878,-0.001,1.892,,0.306,97.934,0.708,0.565,267210000.0,2461483008.0,258438128.0,279216000.0,1.4,0.025729999,1.30888,112842716.0,109914448.0,0.2377,19.07,19.93,9.99,2139160.0,hold
PECO,,"Phillips Edison & Company, Inc.","Phillips Edison & Company, Inc.",Real Estate,REIT - Retail,United States,5341021184.0,7597197824.0,33.122807,55.685,,2.0424056,7.112921,16.414,10.118,0.060170002,0.025510002,0.28799,0.19138001,0.70998,0.61638,0.067,2.192,,2.216,91.852,1.567,0.982,7132000.0,2450755072.0,160187872.0,365068992.0,0.497,0.00564,0.91982,128700000.0,127899486.0,0.051799998,37.76,44.375,32.98,911733.0,buy
PENG,,"Penguin Solutions, Inc.","Penguin Solutions, Inc.",Technology,Information Technology Services,United States,3144252160.0,3429990912.0,44.143887,18.177671,,7.1606956,2.0923948,19.721,2.283,0.16194999,0.03845,0.108260006,0.06445,0.27924,0.11574,0.476,,,15.794,77.496,1.544,1.022,440300992.0,508691008.0,-107568000.0,-59211000.0,2.854,0.03273,1.23962,51242699.0,49624455.0,0.19680001,61.36,89.86,16.04,2609642.0,buy
PEGA,,Pegasystems Inc.,Pegasystems Inc.,Technology,Software - Application,United States,5578259968.0,5288368640.0,19.612717,12.992483,2.9891,9.950147,3.2126245,25.219,3.046,0.54693,0.0907,0.046040002,0.18662001,0.75573,0.12077,0.094,-0.529,,-0.557,12.851,1.059,0.985,361907008.0,72016000.0,507401984.0,512956000.0,0.89,0.47829,0.61392,164404945.0,85906516.0,0.137,33.93,68.1,25.1,2614753.0,buy
PEN,,"Penumbra, Inc.","Penumbra, Inc.",Healthcare,Medical Devices,United States,12508110848.0,12062025728.0,78.21429,51.78622,3.5997,8.171221,8.311733,59.046,8.015,0.1137,0.064169995,0.105220005,0.106709994,0.6784,0.13575,0.149,-0.235,,-0.231,13.896,5.75,3.633,658795008.0,212710000.0,161100128.0,277801984.0,0.698,0.02898,0.88339996,39389422.0,38274307.0,0.052699998,317.55,362.41,221.26,344565.0,hold
PENN,,"PENN Entertainment, Inc.","PENN Entertainment, Inc.",Consumer Cyclical,Resorts & Casinos,United States,1981624704.0,12048446464.0,,12.360454,,1.0097075,0.27676708,13.806,1.683,-0.37578,0.01748,0.0793,-0.12663999,0.35161,0.12189,0.052,,,,596.731,0.885,0.758,887200000.0,11062200320.0,-54325000.0,651200000.0,1.383,0.01588,1.06566,133967671.0,118323854.0,0.16620001,14.77,22.36,11.65,2851282.0,buy
PFBC,,Preferred Bank,Preferred Bank,Financial Services,Banks - Regional,United States,1262119808.0,854419776.0,9.94211,9.608661,,1.590512,4.403153,,2.981,0.17577,0.01805,0.67442,0.47252998,0.0,0.0,0.047,0.082,,0.021,,,,789820032.0,382120000.0,,171912000.0,0.536,0.07925,0.89935,11853116.0,10898348.0,0.12,106.48,112.26,81.5,123923.0,buy
PFGC,,Performance Food Group Company,Performance Food Group Company,Consumer Defensive,Food Distribution,United States,14741250048.0,22473775104.0,40.10684,13.901789,0.7579,2.9901867,0.22911663,13.209,0.349,0.076680005,0.030199999,0.02229,0.00558,0.12575,0.02644,0.073,0.227,,0.234,158.849,1.514,0.624,93200000.0,7782499840.0,713825024.0,1413699968.0,0.883,0.04243,1.02055,157072459.0,154858121.0,0.0502,93.85,117.475,80.82,1616190.0,strong_buy
PGNY,,"Progyny, Inc.","Progyny, Inc.",Healthcare,Healthcare Plans,United States,1935817088.0,1725862144.0,27.129032,10.876078,,4.273374,1.4768616,13.744,1.317,0.16242,0.10143,0.11413,0.05999,0.24573,0.0958,0.053,0.789,,0.639,5.95,2.137,2.059,236924992.0,26970000.0,196469376.0,201248000.0,0.991,0.01984,1.10561,76726798.0,70228805.0,0.0867,25.23,33.065,16.1,1154049.0,none
PFS,,"Provident Financial Services, I","Provident Financial Services, Inc.",Financial Services,Banks - Regional,United States,2944942592.0,5592155648.0,9.408333,8.706952,,1.0130558,3.2931063,,6.253,0.1114,0.012460001,0.5227,0.34969002,0.0,0.0,0.038,0.09,,0.086,,,,344014016.0,2991226880.0,,370478016.0,0.769,0.02779,0.77554,130422618.0,126327348.0,0.066599995,22.58,25.49,17.69,899773.0,buy
PHIN,,PHINIA Inc.,PHINIA Inc.,Consumer Cyclical,Auto Parts,United States,2190224896.0,2882224896.0,17.227665,8.660617,,1.4213028,0.6058713,5.931,0.797,0.08523,0.05235,0.077659994,0.03734,0.21798,0.13444,0.056,-0.079,,-0.13,68.916,1.806,1.201,370000000.0,1062000000.0,269249984.0,359000000.0,1.083,0.01916,1.04736,36638088.0,35888106.0,0.161,59.78,86.935,50.795,361017.0,none
PI,,"Impinj, Inc.","Impinj, Inc.",Technology,Semiconductors,United States,5793421824.0,5927060480.0,,67.63838,,25.011213,15.593626,670.634,15.953,-0.12875,-0.00803,0.09693,-0.07265,0.52856,0.02379,0.107,0.0,,0.058,115.143,3.277,2.196,133016000.0,266654000.0,56185876.0,71613000.0,1.919,0.027139999,1.09149,30554413.0,29610282.0,0.1456,189.61,247.064,87.36,406309.0,buy
PII,,Polaris Inc.,Polaris Inc.,Consumer Cyclical,Recreational Vehicles,United States,3056288256.0,4818288128.0,,15.797477,3.3368,3.653493,0.40656728,9.791,0.641,-0.25571,0.02638,0.071729995,-0.03464,0.21948,0.06546,0.088,,,,244.899,1.2,0.327,302100000.0,2059600000.0,277100000.0,247500000.0,1.278,0.06339,0.91203004,56903524.0,53475656.0,0.1266,53.71,77.98,47.14,820282.0,none
PINS,,"Pinterest, Inc.","Pinterest, Inc.",Communication Services,Internet Content & Information,United States,10907189248.0,10828922880.0,56.64706,8.018318,0.2384,3.7639241,2.3941746,34.209,2.377,0.06461,0.03513,-0.03464,0.054640003,0.79473,0.06949,0.182,,,,41.35,3.81,3.619,1274900992.0,1196635008.0,1196440960.0,1333773056.0,0.894,0.01317,1.0808,492198008.0,484254269.0,0.1592,19.26,35.42,13.84,12308114.0,buy
PJT,,PJT Partners Inc.,PJT Partners Inc.,Financial Services,Capital Markets,United States,5907806208.0,4400504832.0,18.895096,15.312866,,11.371761,3.1330342,,2.334,0.37633,0.21099001,0.20994,0.10582,0.95252,0.0,0.195,0.375,,0.393,42.653,1.706,1.706,235540992.0,419350016.0,,713017024.0,0.833,0.07119,0.90638,25564818.0,23739490.0,0.093100004,138.69,195.62,127.73,433168.0,hold
PIPR,,Piper Sandler Companies,Piper Sandler Companies,Financial Services,Capital Markets,United States,4619010048.0,3900783104.0,15.164734,11.814895,,3.2162187,2.183671,,1.844,0.24528,0.16979,0.21613,0.14529,0.91817003,0.0,0.249,0.61,,0.608,11.269,2.429,2.392,862315008.0,176634000.0,,506243008.0,1.408,0.03786,0.89027,70670291.0,64934777.0,0.040999997,65.36,95.065,62.96,649557.0,buy
PK,,Park Hotels & Resorts Inc.,Park Hotels & Resorts Inc.,Real Estate,REIT - Hotel & Motel,United States,3126784256.0,6907784192.0,,28.443222,,1.0119901,1.228599,10.81,2.714,-0.04859,0.027460001,0.17621,-0.064050004,0.30923,0.25108,0.01,,,,135.246,0.297,0.237,264000000.0,4102000128.0,1068875008.0,404000000.0,1.334,0.043070003,1.14559,201338330.0,192483470.0,0.23709999,15.53,16.2,9.84,3800231.0,buy
PLAB,,"Photronics, Inc.","Photronics, Inc.",Technology,Semiconductor Equipment & Materials,United States,1857820800.0,1651910784.0,11.206406,15.1637,,1.4305834,2.1432502,6.032,1.906,0.13769001,0.065,0.21062,0.19045,0.33655,0.31590998,0.027,0.256,,0.263,0.223,4.941,4.43,672811008.0,3893000.0,29464124.0,308433984.0,1.352,0.031770002,0.96586996,58997167.0,57561766.0,0.1042,31.49,56.0,20.05,1150417.0,none
PLMR,,"Palomar Holdings, Inc.","Palomar Holdings, Inc.",Financial Services,Insurance - Property & Casualty,United States,3352474624.0,3562007808.0,16.933065,11.12908,,3.3767586,3.071767,12.304,3.264,0.22226,0.04991,0.23774,0.18615,0.27354,0.26525998,0.547,0.155,,0.13,30.152,0.541,0.268,62689000.0,295772992.0,569934144.0,415256992.0,0.381,0.027449999,0.99758005,26503871.0,25613685.0,0.0422,126.49,147.62,100.81,252338.0,buy
PLNT,,"Planet Fitness, Inc.","Planet Fitness, Inc.",Consumer Cyclical,Leisure,United States,3216765696.0,5801352704.0,14.42517,11.579111,0.9169,-5.2049584,2.471287,10.041,4.457,,0.08538,0.33653998,0.18273,0.58525,0.44388,0.045,0.261,,0.156,,1.584,1.29,400758016.0,3014159872.0,156152992.0,433976000.0,1.012,0.00478,1.17324,75216965.0,69978103.0,0.1378,42.41,114.26,37.03,2186788.0,buy
PLUS,,ePlus inc.,ePlus inc.,Technology,Software - Application,United States,2436845056.0,2088246528.0,19.957266,15.684299,1.0714,2.2574563,0.9950827,11.084,0.853,0.11698,0.05525,0.05982,0.04914,0.25062,0.07693,0.01,-0.28,,-0.289,11.43,2.131,1.779,448854016.0,122529000.0,39345124.0,59213000.0,0.972,0.02173,0.97686,26090418.0,25290439.0,0.0655,93.4,98.14,69.25,232350.0,strong_buy
PLXS,,Plexus Corp.,Plexus Corp.,Technology,Electronic Components,United States,7279488000.0,7272396800.0,40.344166,26.989132,,4.7661676,1.5836153,23.754,1.582,0.1258,0.04257,0.046719998,0.04034,0.100389995,0.066599995,0.281,-0.037,,-0.047,20.079,1.488,0.67,314052992.0,306961984.0,20809250.0,171006000.0,0.892,0.01433,1.03493,26652099.0,26270707.0,0.0475,273.13,307.06,132.03,262580.0,strong_buy
PNFP,,"Pinnacle Financial Partners, In","Pinnacle Financial Partners, Inc.",Financial Services,Banks - Regional,United States,14520413184.0,18682947584.0,13.235537,8.35784,,1.029385,4.396653,,5.657,0.07648,0.0089300005,0.47018,0.24855,0.0,0.0,1.37,0.035,,1.063,,,,7840999936.0,11283000320.0,,1536007936.0,1.013,0.012610001,0.89359003,151112640.0,148644466.0,0.0373,96.09,110.33,81.08,1083165.0,buy
POOL,,Pool Corporation,Pool Corporation,Industrials,Industrial Distribution,United States,5866123264.0,7526255616.0,14.809175,13.663241,,4.6556296,1.0874686,11.712,1.395,0.31254998,0.099029996,0.15137,0.07414,0.29579002,0.119119994,0.022,0.0,,-0.032,134.537,2.671,0.858,35034000.0,1695165952.0,212930256.0,366646016.0,1.055,0.03543,1.12377,36340747.0,35061189.0,0.108100004,161.42,310.99,158.4,778763.0,buy
PMT,,PennyMac Mortgage Investment Tr,PennyMac Mortgage Investment Trust,Real Estate,REIT - Mortgage,United States,,23911815168.0,5.4166665,5.6249866,,0.51847917,,,34.938,0.089370005,0.007929999,0.10908,0.24283001,0.82927,0.0,0.061,,,3.104,1239.082,1.798,1.344,274660992.0,22964815872.0,,-10072062976.0,1.114,0.01193,0.76009005,,71647205.0,0.1412,7.8,13.81,7.64,1555526.0,hold
POR,,Portland General Electric Co,Portland General Electric Company,Utilities,Utilities - Regulated Electric,United States,5239425024.0,10818424832.0,19.712389,12.422135,1.6452,1.2508072,1.4825764,9.898,3.061,0.06445,0.02407,0.14987999,0.07272,0.47537997,0.30928,0.009,0.049,,0.097,136.163,0.977,0.416,35000000.0,5614000128.0,-415750016.0,1039000000.0,0.528,0.00461,1.07883,117607740.0,116999708.0,0.0731,44.55,54.62,43.15,1184469.0,hold
POST,,"Post Holdings, Inc.","Post Holdings, Inc.",Consumer Defensive,Packaged Foods,United States,3288606464.0,10566805504.0,13.192727,10.079303,,1.0362309,0.39091906,7.288,1.256,0.082779996,0.04192,0.102819994,0.03484,0.2882,0.17233999,-0.018,-0.279,,-0.417,247.074,1.851,0.897,266500000.0,7632600064.0,394649984.0,992600000.0,0.307,0.158,1.04813,45322586.0,34439717.0,0.1531,72.56,117.28,71.45,958828.0,none
POWI,,"Power Integrations, Inc.","Power Integrations, Inc.",Technology,Semiconductors,United States,3042859776.0,2780246784.0,118.391304,29.074486,,4.4639344,6.771391,46.822,6.187,0.03622,0.026199998,0.074829996,0.05578,0.53720003,0.13214,0.027,7.5,,6.183,,7.069,4.377,262612992.0,0.0,73703504.0,98085000.0,1.534,0.016929999,1.13546,55873298.0,55012290.0,0.14899999,54.46,91.18,30.86,750136.0,none
POWL,,"Powell Industries, Inc.","Powell Industries, Inc.",Industrials,Electrical Equipment & Parts,United States,7144425984.0,6513389056.0,37.56705,28.055006,2.0959,9.44787,6.1721725,27.574,5.627,0.28252,0.116210006,0.20554,0.16488001,0.3008,0.20407,0.089,0.076,,0.081,0.334,1.971,1.78,633561024.0,2524000.0,190403632.0,256112992.0,1.185,0.20611,0.93407,36432564.0,35501712.0,0.0975,196.1,328.0,92.59,641241.0,buy
PPC,,Pilgrim's Pride Corporation,Pilgrim's Pride Corporation,Consumer Defensive,Packaged Foods,United States,6547984384.0,9285657600.0,12.008734,10.018215,,1.7462535,0.355173,5.241,0.504,0.1452,0.08015,0.01619,0.029590001,0.09739,0.096099995,-0.028,-0.962,,-0.962,82.717,1.355,0.504,388843008.0,3112965120.0,508525376.0,1221393024.0,0.284,0.82171,0.21484,238108524.0,42414271.0,0.026800001,27.5,44.84,25.0,1539814.0,none
PPLI,,People Incorporated,People Incorporated,Communication Services,Internet Content & Information,United States,3073870848.0,3423084800.0,6.926174,16.780487,,0.6047288,1.290936,20.149,1.438,0.09043,0.00418,-0.03297,0.14123,0.66347003,0.07135,-0.015,1.603,,1.397,27.577,3.691,3.432,1113246976.0,1414717952.0,76441128.0,111734000.0,1.057,0.03461,1.1061,68674426.0,49206506.0,0.20040001,41.28,48.32,29.56,1085295.0,buy
PR,,Permian Resources Corporation,Permian Resources Corporation,Energy,Oil & Gas E&P,United States,18526763008.0,21545908224.0,14.270968,9.887581,1.2488,1.5430764,3.2291527,5.064,3.755,0.114029996,0.07537,0.57444,0.21523,0.75848997,0.74165,0.551,2.329,,2.826,26.246,0.624,0.541,131722000.0,3150868992.0,458368128.0,3991577088.0,0.484,0.046079997,0.92697996,837557029.0,797186780.0,0.0254,22.12,24.645,11.92,9459809.0,strong_buy
PRDO,,Perdoceo Education Corporation,Perdoceo Education Corporation,Consumer Defensive,Education & Training Services,United States,1996833792.0,1376602880.0,11.603637,9.669697,0.6349,1.9322999,2.3256614,5.523,1.603,0.17554002,0.10027,0.25722998,0.20628999,0.79890996,0.29029,0.018,0.21,,0.169,11.009,4.692,4.563,734003968.0,113773000.0,184656128.0,225352992.0,0.721,0.01194,1.03818,62577055.0,58600283.0,0.076799996,31.91,38.5,26.66,720473.0,buy
PRG,,"PROG Holdings, Inc.","PROG Holdings, Inc.",Industrials,Rental & Leasing Services,United States,1234780544.0,2036643584.0,10.0,5.588465,,1.5332114,0.472249,4.506,0.779,0.17066,0.15037,0.16605,0.05609,0.36145002,0.17287001,0.223,-0.042,,-0.038,110.148,4.518,3.464,85201000.0,887064000.0,1535915904.0,333078016.0,1.766,0.04324,1.11607,39831633.0,38415618.0,0.09810001,31.0,47.73,25.8,556771.0,strong_buy
PRGO,,Perrigo Company plc,Perrigo Company plc,Healthcare,Drug Manufacturers - Specialty & Generic,Ireland,1973124480.0,5055549440.0,,5.9457297,,0.78619474,0.47603667,8.214,1.22,-0.48746,0.01973,0.03842,-0.41851002,0.33263,0.14850001,-0.032,,,,138.183,2.324,1.09,399700000.0,3476400128.0,437212512.0,196100000.0,0.597,0.00401,1.15424,138367770.0,138071236.0,0.2502,14.26,22.48,9.23,2858365.0,none
PRGS,,Progress Software Corporation,Progress Software Corporation,Technology,Software - Infrastructure,United States,1508257792.0,2659637760.0,16.849316,5.1434593,1.2936,3.265776,1.5083559,7.848,2.66,0.18340999,0.05129,0.21982999,0.09241,0.85837,0.33892,-0.015,0.25,,0.173,238.695,0.796,0.682,113653000.0,1265032960.0,320520000.0,328272000.0,0.821,0.022669999,1.16069,40874192.0,40201812.0,0.16690001,36.9,47.37,23.82,549579.0,strong_buy
PRI,,"Primerica, Inc.","Primerica, Inc.",Financial Services,Insurance - Life,United States,8476698112.0,9643626496.0,11.0388775,10.136916,,3.3730133,2.431547,8.595,2.766,0.32966,0.04664,0.31542,0.22839001,0.72097,0.32185,0.087,0.195,,0.134,71.521,3.73,1.152,637508992.0,1804438016.0,1038982144.0,891745984.0,0.853,0.00537,0.96521,30777350.0,30614538.0,0.0517,275.42,327.28,230.09,184582.0,none
PRIM,,Primoris Services Corporation,Primoris Services Corporation,Industrials,Engineering & Construction,United States,4290480384.0,5317960192.0,31.011766,15.155812,,2.6500454,0.5890119,16.531,0.73,0.08889,0.029879998,-0.01564,0.01916,0.08619001,0.044159997,-0.107,,,,79.63,1.181,1.056,218200000.0,1279100032.0,80155000.0,194500000.0,1.441,0.011619999,1.04325,54254935.0,53204104.0,0.13859999,79.08,205.5,65.0,1272561.0,buy
PRK,,Park National Corporation,Park National Corporation,Financial Services,Banks - Regional,United States,3308450816.0,2886134016.0,16.367292,13.772747,,1.9161958,5.4355326,,4.742,0.12585,0.01682,0.46613997,0.31254,0.0,0.0,0.257,0.088,,0.221,,,,580929024.0,156556992.0,,199176000.0,0.666,0.02179,0.54485,18064161.0,16211862.0,0.0481,183.15,215.0,149.06,104477.0,hold
PRKS,,United Parks & Resorts Inc.,United Parks & Resorts Inc.,Consumer Cyclical,Leisure,United States,1471778816.0,3859361792.0,12.436782,7.477367,,-2.3846605,0.8936054,7.526,2.343,,0.078449994,0.24239999,0.081099994,0.46013,0.31136,-0.014,-0.076,,-0.21,,0.478,0.234,19076000.0,2406659072.0,97038376.0,409976000.0,1.14,0.02388,1.3547901,45341309.0,17172567.0,0.32840002,32.46,55.69,28.77,655626.0,none
PRLB,,"Proto Labs, Inc.","Proto Labs, Inc.",Industrials,Metal Fabrication,United States,2349369344.0,2208834560.0,74.40151,41.13508,,3.3963895,4.191291,29.805,3.941,0.04494,0.03345,0.088520005,0.054369997,0.45421,0.13221,0.106,1.056,,1.067,0.324,3.637,3.268,142776000.0,2241000.0,41775752.0,78519000.0,1.418,0.01274,0.95981,23921897.0,23646078.0,0.0433,98.21,99.42,45.1,210998.0,none
PRVA,,"Privia Health Group, Inc.","Privia Health Group, Inc.",Healthcare,Health Information Services,United States,2593004288.0,2245281280.0,92.27273,19.132893,,3.276836,1.0996304,39.435,0.952,0.04306,0.02032,0.018609999,0.01193,0.1003,0.024149999,0.214,2.5,,2.367,1.042,1.616,1.555,412200000.0,8733000.0,95646496.0,131129000.0,0.876,0.06194,0.98537004,127734207.0,108949615.0,0.056900002,20.3,28.82,18.915,1223242.0,strong_buy
PRSU,,Pursuit Attractions and Hospita,"Pursuit Attractions and Hospitality, Inc.",Consumer Cyclical,Travel Services,United States,1437792512.0,1710254464.0,34.46053,28.435247,1.7326,2.6629386,2.9753792,14.249,3.539,0.08914,0.051620003,0.16551,0.079450004,0.92541003,0.24837999,0.143,1.696,,1.687,39.955,1.606,0.408,33864000.0,243312000.0,-54856000.0,77930000.0,1.375,0.01002,1.0937,27449264.0,13430595.0,0.0828,52.38,56.52,32.03,229900.0,strong_buy
PSMT,,"PriceSmart, Inc.","PriceSmart, Inc.",Consumer Defensive,Discount Stores,United States,5267274240.0,5149214720.0,32.760075,26.60639,,3.6895807,0.92554057,14.417,0.905,0.12314,0.07005,0.044499997,0.028199999,0.17635,0.06276,0.125,0.123,,0.129,24.017,1.277,0.463,322593984.0,334414016.0,58311500.0,274356992.0,0.766,0.07487,1.02184,30860524.0,27728327.0,0.104899995,170.68,199.84,111.68,249241.0,none
PSN,,Parsons Corporation,Parsons Corporation,Technology,Information Technology Services,United States,4356592128.0,5852277248.0,28.131035,11.929412,,1.6555055,0.69233525,12.438,0.93,0.082440004,0.03615,0.02224,0.025020001,0.21959999,0.07477,-0.005,,,,59.881,1.662,1.512,266044000.0,1645378944.0,213456128.0,384252000.0,0.702,0.014400001,1.06213,106805394.0,56176433.0,0.1429,40.79,89.5,36.26,1373877.0,buy
PTEN,,"Patterson-UTI Energy, Inc.","Patterson-UTI Energy, Inc.",Energy,Oil & Gas Drilling,United States,4275324416.0,5366536192.0,,33.155872,,1.379183,0.9150824,6.433,1.149,-0.0277,-0.00911,-0.00471,-0.019199999,0.23754999,0.17854,0.007,,,,41.383,1.75,1.476,201024000.0,1285581056.0,254212992.0,733268992.0,0.672,0.01923,1.16713,381384874.0,374546643.0,0.1075,11.21,13.39,5.24,8459393.0,buy
PTCT,,"PTC Therapeutics, Inc.","PTC Therapeutics, Inc.",Healthcare,Biotechnology,United States,5296422400.0,6085242368.0,,23.708563,,-31.969772,5.25046,35.539,6.032,,0.024619998,0.41323003,-0.03805,0.49959,0.16974,1.015,,,,,3.394,3.201,2229082112.0,3017902080.0,-286804256.0,-30503000.0,0.545,0.07311,1.22831,83460802.0,73688377.0,0.1582,63.46,90.87,61.23,1197409.0,buy
PTGX,,"Protagonist Therapeutics, Inc.","Protagonist Therapeutics, Inc.",Healthcare,Biotechnology,United States,9063042048.0,8289682432.0,134.67308,-703.289,,10.76391,32.13936,138.431,29.397,0.10985,0.045479998,0.74372,0.29400998,1.0,0.21236,37.492,,,,1.095,21.709,21.576,782576000.0,9216000.0,96145752.0,131197000.0,1.794,0.00709,1.19639,64708285.0,52888670.0,0.1462,140.06,160.81,62.24,632342.0,strong_buy
PTON,,"Peloton Interactive, Inc.","Peloton Interactive, Inc.",Consumer Cyclical,Leisure,United States,2159249408.0,2662849280.0,35.142857,20.788439,,-15.471699,0.8827675,10.55,1.089,,0.06374,0.14431,0.025840001,0.52604,0.103190005,0.001,1.606,,1.852,,2.837,2.455,1206599936.0,1710200064.0,353875008.0,387600000.0,2.528,0.0101,0.96252996,423035077.0,418407209.0,0.14649999,4.92,9.2,3.65,8561493.0,buy
PZZA,,"Papa John's International, Inc.","Papa John's International, Inc.",Consumer Cyclical,Restaurants,United States,639668416.0,1558267392.0,24.594936,14.589278,2.3394,-1.4117563,0.32514396,7.95,0.792,,0.077309996,0.057439998,0.01401,0.20365,0.099630006,-0.088,-0.143,,-0.105,,0.829,0.441,28762000.0,935520000.0,58907876.0,94985000.0,1.065,0.01704,1.16381,32921687.0,32481524.0,0.2865,19.43,55.74,19.31,1391134.0,hold
PVH,,PVH Corp.,PVH Corp.,Consumer Cyclical,Apparel Manufacturing,United States,3484790272.0,6683590656.0,,6.0450068,0.0579,0.7271449,0.3906059,7.266,0.749,-0.03499,0.037049998,0.05336,-0.01894,0.57584,0.1031,-0.032,,,,86.909,1.648,0.79,965900032.0,4164699904.0,529800000.0,875100032.0,1.722,0.009980001,1.1338099,46137833.0,45591561.0,0.139,75.53,100.75,59.6,943111.0,none
QDEL,,QuidelOrtho Corporation,QuidelOrtho Corporation,Healthcare,Medical Devices,United States,738557376.0,3690657280.0,,7.4683275,,0.414438,0.2761788,7.616,1.38,-0.45905998,0.0038299998,-0.020920001,-0.39203998,0.44858003,0.18121,0.028,,,,173.277,1.386,0.596,123400000.0,3075500032.0,146762496.0,-57200000.0,0.676,0.00899,1.2414601,68575427.0,61167224.0,0.2821,10.77,35.58,9.92,1405723.0,hold
QLYS,,"Qualys, Inc.","Qualys, Inc.",Technology,Software - Infrastructure,United States,6676834816.0,6303940096.0,33.565216,22.836292,3.1712,11.895224,9.497942,24.756,8.967,0.38592,0.146,0.33979,0.29381,0.83417,0.36223,0.11,0.161,,0.108,9.498,1.384,1.266,426294016.0,53399000.0,244382624.0,320948992.0,0.617,0.00448,1.10255,34595001.0,34315473.0,0.1381,193.0,201.54,74.51,735733.0,hold
QNST,,"QuinStreet, Inc.","QuinStreet, Inc.",Communication Services,Advertising Agencies,United States,856634176.0,803927552.0,10.692858,8.005347,,2.6175907,0.6621522,13.73,0.621,0.28647,0.047270004,0.051149998,0.06279,0.11271,0.04526,0.427,5.592,,4.961,24.036,1.218,1.191,128315000.0,77659000.0,125921376.0,131303000.0,0.699,0.03275,0.94304,57223392.0,54204116.0,0.14770001,14.97,22.29,10.29,974555.0,strong_buy
QRVO,,"Qorvo, Inc.","Qorvo, Inc.",Technology,Semiconductors,United States,10072263680.0,10292458496.0,26.42824,14.440218,1.1008,2.9009554,2.763663,11.624,2.824,0.115559995,0.06706,0.1578,0.10953,0.48535,0.24295999,-0.042,2.556,,2.352,44.619,3.543,2.508,1328942976.0,1549138048.0,476142016.0,765179008.0,1.455,0.00496,0.99767,88221633.0,81689703.0,0.0653,114.17,121.09,74.92,1330142.0,hold
QTWO,,"Q2 Holdings, Inc.","Q2 Holdings, Inc.",Technology,Software - Application,United States,3515557888.0,3450065664.0,39.704227,16.73449,,5.464237,4.154538,30.177,4.077,0.14984,0.04532,0.1336,0.108710006,0.56988996,0.13510999,0.126,1.565,,1.538,6.361,0.945,0.72,106425000.0,40933000.0,190320000.0,226264000.0,1.334,0.00756,1.08884,62354695.0,61278453.0,0.1145,56.38,76.24,40.79,745012.0,buy
R,,"Ryder System, Inc.","Ryder System, Inc.",Industrials,Rental & Leasing Services,United States,9097411584.0,17331410944.0,19.3035,13.389381,,3.1599135,0.7096818,6.228,1.352,0.16697,0.03893,0.08455,0.03877,0.1983,0.2171,0.05,0.086,,0.015,293.609,0.646,0.562,219000000.0,8453000192.0,949249984.0,2449999872.0,1.003,0.03049,0.93037003,38346868.0,36917297.0,0.0306,237.24,284.25,157.67,294868.0,buy
RAL,,Ralliant Corporation,Ralliant Corporation,Technology,Electronic Components,United States,8098848256.0,9051949056.0,,21.834452,,5.2779574,3.7048714,22.858,4.141,-0.53898996,0.03888,0.14477,-0.56386,0.50952,0.18115,0.128,0.214,,0.202,79.797,1.524,0.882,270900000.0,1224000000.0,333950016.0,364800000.0,,0.0021799998,1.03683,110640008.0,104405444.0,0.074499995,73.2,75.41,37.27,1482550.0,buy
RAMP,,"LiveRamp Holdings, Inc.","LiveRamp Holdings, Inc.",Technology,Software - Infrastructure,United States,2288931328.0,1951026048.0,15.753138,10.913044,,2.3417094,2.7507756,16.142,2.345,0.16055,0.05353,0.1249,0.18714,0.70816004,0.14525,0.098,1.366,,1.261,3.388,2.657,2.483,371023008.0,33118000.0,169467120.0,201768000.0,1.255,0.04364,1.0324401,60794982.0,57858584.0,0.16299999,37.65,38.23,21.71,1062820.0,none
RBA,,"RB Global, Inc.","RB Global, Inc.",Industrials,Specialty Business Services,United States,15164175360.0,19817275392.0,35.293102,16.828207,0.6484,2.7220743,3.1280532,14.979,4.088,0.08066,0.04127,0.17721,0.09988,0.45761,0.27291,0.111,0.34,,0.307,77.606,1.312,0.722,524900000.0,4695499776.0,603587520.0,860700032.0,0.518,0.00238,1.1577101,185200000.0,175169568.0,0.114700004,81.88,119.33,78.05,1664477.0,buy
RBC,,RBC Bearings Incorporated,RBC Bearings Incorporated,Industrials,Tools & Accessories,United States,16322239488.0,17028807680.0,51.045544,30.99437,1.6543,4.701312,8.351535,27.748,8.713,0.09747,0.06024,0.2718,0.16404,0.45953,0.31401,0.192,0.475,,0.482,25.364,2.53,0.921,124500000.0,878099968.0,283237504.0,467500000.0,1.395,0.01623,1.0222,31659245.0,29318482.0,0.0175,515.56,667.69,364.5,264477.0,buy
RCUS,,"Arcus Biosciences, Inc.","Arcus Biosciences, Inc.",Healthcare,Biotechnology,United States,3073896192.0,2648027648.0,,-7.220089,,6.6885605,26.272617,-5.563,22.633,-0.90819,-0.3039,-2.34146,0.0,0.0,0.0,-0.744,,,,51.293,3.818,3.753,702000000.0,238000000.0,-270624992.0,-474000000.0,0.812,0.28797,0.74913,125773162.0,90526390.0,0.17709999,24.44,31.735,13.61,1311473.0,strong_buy
RDN,,Radian Group Inc.,Radian Group Inc.,Financial Services,Insurance - Specialty,United States,4309053952.0,4941784064.0,7.71801,6.161174,,0.9046469,2.6122808,5.472,2.996,0.12026,0.0529,0.31627,0.32512,0.69302005,0.54745,0.935,-0.162,,-0.183,27.967,1.588,0.703,712057024.0,1344786944.0,308735264.0,1393350016.0,0.699,0.01666,0.97563004,132301318.0,129982076.0,0.0505,32.57,41.05,30.53,1270325.0,buy
RDNT,,"RadNet, Inc.","RadNet, Inc.",Healthcare,Diagnostics & Research,United States,5503334400.0,7259023360.0,,78.868126,,5.017579,2.4255176,26.287,3.199,0.01498,0.01695,0.07893,-0.00931,0.17284,0.121709995,0.25,-0.491,,-0.479,156.668,1.484,1.39,726272000.0,2184037120.0,157737248.0,310062016.0,1.404,0.09957,1.0541999,78697757.0,65757067.0,0.1454,69.93,85.84,50.82,735314.0,strong_buy
RES,,"RPC, Inc.","RPC, Inc.",Energy,Oil & Gas Equipment & Services,United States,1298910080.0,1149173248.0,53.272728,19.3719,,1.1515032,0.72625506,5.096,0.643,0.02076,0.024130002,0.0448,0.01277,0.23256999,0.12609,0.095,0.048,,0.19,4.679,3.341,2.583,179468000.0,51879000.0,-5273000.0,182995008.0,0.699,0.57615,0.44397998,221657012.0,85623687.0,0.3305,5.86,8.16,4.18,1594095.0,hold
RELY,,"Remitly Global, Inc.","Remitly Global, Inc.",Technology,Software - Infrastructure,United States,4608361984.0,3970231808.0,15.439717,13.478874,,4.0890307,2.5465782,19.93,2.194,0.32246,0.08542,0.14324,0.16855,0.61548,0.110080004,0.202,30.0,,30.504,3.396,3.181,2.524,676393984.0,38264000.0,196120992.0,406121984.0,0.364,0.05325,0.88579005,211684054.0,200172675.0,0.0912,21.77,27.479,12.08,3443630.0,strong_buy
REX,,REX American Resources Corporat,REX American Resources Corporation,Basic Materials,Chemicals,United States,1438827520.0,1175125504.0,11.882191,19.105726,,2.135927,2.1847556,9.741,1.784,0.19591999,0.08156,0.22362,0.18305999,0.18441999,0.18316999,0.063,3.902,,3.914,2.309,6.884,6.186,379513984.0,17819000.0,47938876.0,143044000.0,0.628,0.13438,0.83413005,33175640.0,31038797.0,0.0403,43.37,53.36,30.31,194122.0,none
REXR,,"Rexford Industrial Realty, Inc.","Rexford Industrial Realty, Inc.",Real Estate,REIT - Industrial,United States,8388598272.0,11895459840.0,,37.15368,,1.1045882,8.456904,17.565,11.992,-0.047280002,0.01976,0.4159,-0.39163,0.76798,0.68276,-0.016,,,,41.445,0.344,0.234,41473000.0,3271311104.0,341792384.0,509328992.0,1.202,0.00375,1.085,222988124.0,220716676.0,0.0655,36.69,44.38,32.14,2690787.0,hold
REYN,,Reynolds Consumer Products Inc.,Reynolds Consumer Products Inc.,Consumer Cyclical,Packaging & Containers,United States,4704854528.0,6281854464.0,13.693252,13.058893,,2.036868,1.2426981,9.104,1.659,0.15433,0.06979,0.14619,0.09086,0.25145,0.18225001,0.006,0.21,,0.219,71.342,1.795,0.674,71000000.0,1648000000.0,244124992.0,503000000.0,0.532,0.74087995,0.32079,210790982.0,54061563.0,0.1181,22.32,27.32,20.44,1363085.0,none
REZI,,"Resideo Technologies, Inc.","Resideo Technologies, Inc.",Industrials,Industrial Distribution,United States,2786399488.0,6622399488.0,7.0849423,9.144504,,1.1015067,0.36414003,7.912,0.865,0.15196,0.046040002,0.07925,0.0558,0.29208001,0.10938,0.02,,,,129.907,2.223,1.026,551000000.0,3904999936.0,-1902749952.0,-1268999936.0,1.566,0.0161,1.01247,151847378.0,133214186.0,0.098500006,18.35,31.51705,17.51,2475959.0,buy
RGA,,"Reinsurance Group of America, I","Reinsurance Group of America, Incorporated",Financial Services,Insurance - Reinsurance,United States,16286887936.0,16419888128.0,10.77365,8.372978,,1.1891673,0.62714237,7.097,0.632,0.11687,0.00945,0.10637,0.05807,0.1407,0.08908,0.185,1.596,,1.567,41.418,1.166,0.649,5665999872.0,5709000192.0,9836499968.0,5199000064.0,0.464,0.00234,1.03491,65301665.0,64944465.0,0.0168,249.41,257.81,178.21,348422.0,buy
RGEN,,Repligen Corporation,Repligen Corporation,Healthcare,Medical Instruments & Supplies,United States,10254352384.0,10134845440.0,248.9041,68.58079,1.8399,4.8545246,13.061189,70.332,12.909,0.0199,0.01395,0.09309,0.05291,0.53836,0.18354,0.119,-0.659,,-0.663,32.715,9.05,7.298,810449024.0,690942016.0,113421752.0,134864000.0,1.048,0.052449998,1.19468,56435621.0,53472751.0,0.1193,181.7,198.87,100.99,1101511.0,strong_buy
RGLD,,"Royal Gold, Inc.","Royal Gold, Inc.",Basic Materials,Gold,United States,19880544256.0,20140607488.0,25.69989,18.245724,,2.6186333,12.945735,15.807,13.115,0.136,0.09351,0.62036,0.48054,0.86802,0.82972,1.155,0.383,,0.786,5.186,2.924,2.636,182468000.0,395892000.0,-189505504.0,1044390016.0,0.497,0.0025499999,0.86887,84727857.0,84414364.0,0.0297,234.64,306.25,168.88,696604.0,buy
RHI,,Robert Half Inc.,Robert Half Inc.,Industrials,Staffing & Employment Services,United States,3697308928.0,3549941504.0,32.83636,18.362709,,3.008997,0.69847524,58.018,0.671,0.09111,0.00234,-0.04662,0.02168,0.36795,0.0115600005,-0.024,-0.363,,-0.358,19.94,1.468,0.787,324713984.0,240808992.0,113581872.0,256294000.0,0.794,0.0358,1.27163,102361828.0,89668077.0,0.2328,36.12,46.7,21.83,2129131.0,none
RH,,RH,RH,Consumer Cyclical,Specialty Retail,United States,2280688384.0,6263742464.0,21.282686,14.107847,0.6434,18.94919,0.66127783,14.578,1.816,2.80715,0.03451,0.0718,0.03233,0.42688,0.12458,0.026,0.168,,0.164,3413.916,1.122,0.259,125492000.0,4108546048.0,263892880.0,425640000.0,1.856,0.18111,1.05812,18933159.0,13784286.0,0.5339,120.46,239.4,106.3,761261.0,hold
RHP,,"Ryman Hospitality Properties, I","Ryman Hospitality Properties, Inc.",Real Estate,REIT - Hotel & Motel,United States,8392628736.0,11838815232.0,29.529127,25.505241,,10.141714,3.069923,14.173,4.33,0.22583,0.054369997,0.23305,0.09947,0.35156,0.30555,0.136,0.264,,0.293,334.57,1.313,0.823,369963008.0,4132595968.0,567982976.0,691851008.0,1.189,0.02861,0.96112996,68984288.0,61230353.0,0.0602,121.66,137.46,83.82,687957.0,strong_buy
RITM,,Rithm Capital Corp.,Rithm Capital Corp.,Real Estate,REIT - Mortgage,United States,4863725568.0,42323263488.0,14.516666,3.7008083,,0.70652175,1.1267774,,9.805,0.055910002,0.010089999,0.07942,0.10784,0.95561,0.0,0.097,-0.932,,-0.819,387.643,1.069,0.394,1732541056.0,36627308544.0,,-1881464064.0,1.113,0.00505,0.62191004,558407031.0,555910952.0,0.0519,8.71,12.15,8.43,5720269.0,strong_buy
RMBS,,"Rambus, Inc.",Rambus Inc.,Technology,Semiconductors,United States,12144445440.0,11341300736.0,51.362385,30.089352,,8.28058,16.05705,35.833,14.995,0.17789,0.11034001,0.36671,0.3169,0.80357003,0.41847,0.204,0.151,,0.167,1.487,9.754,8.896,824947968.0,21803000.0,202302368.0,332704000.0,1.872,0.00767,0.94691,108461603.0,107611264.0,0.077800006,111.97,174.1,77.89,2523804.0,strong_buy
RLI,,RLI Corp.,RLI Corp.,Financial Services,Insurance - Property & Casualty,United States,5133779456.0,5214258176.0,11.7521,20.75149,,2.9300232,2.600177,9.132,2.641,0.25164,0.056700002,0.36861,0.22219,0.35513002,0.28919,0.152,0.358,,0.351,18.189,1.06,0.427,238220000.0,318697984.0,316104256.0,524036992.0,0.331,0.01599,0.96557,91772970.0,81484302.0,0.1037,55.94,67.12,47.26,740711.0,none
RNG,,"Ringcentral, Inc.","RingCentral, Inc.",Technology,Software - Application,United States,6536862208.0,7789501440.0,62.624,14.03164,0.3927,-10.742417,2.5298452,18.79,3.015,,0.078660004,0.08796,0.04267,0.71861,0.16044001,0.059,2.214,,1.965,,1.106,0.755,111501000.0,1164690944.0,639506496.0,670830976.0,1.15,0.01101,1.18907,73736624.0,72606938.0,0.1537,78.28,81.9,24.14,1870253.0,none
RNST,,Renasant Corporation,Renasant Corporation,Financial Services,Banks - Regional,United States,3648866048.0,3875753216.0,11.471264,10.161458,,0.9425097,3.4339845,,3.648,0.082100004,0.01171,0.43483,0.29556,0.0,0.0,0.453,93.0,,84.551,,,,905824000.0,1132711040.0,,434422016.0,0.985,0.01845,0.92361,91404465.0,89488627.0,0.061,39.92,44.54,33.04,646468.0,buy
RNR,,RenaissanceRe Holdings Ltd.,RenaissanceRe Holdings Ltd.,Financial Services,Insurance - Reinsurance,Bermuda,13526387712.0,-6484678144.0,5.643724,7.915456,,1.2295008,1.2114227,,-0.581,0.21475,0.051939998,0.41674,0.23584999,0.45349,0.0,-0.132,-0.1,,-0.206,12.211,1.352,1.179,30444552192.0,2340133888.0,2787289856.0,3605697024.0,0.171,0.02258,0.99931,41551893.0,40488165.0,0.0496,325.53,340.24,231.17,306641.0,hold
ROAD,,"Construction Partners, Inc.","Construction Partners, Inc.",Industrials,Engineering & Construction,United States,5169296384.0,6966332928.0,35.302326,23.444016,,4.9422107,1.4863132,13.737,2.003,0.15048,0.06335,0.10667,0.04098,0.15759,0.14581999,0.282,0.342,,0.352,181.754,1.566,1.22,94547000.0,1891584000.0,52442000.0,352844000.0,0.899,0.01343,1.05698,48206437.0,47163866.0,0.0805,91.08,151.0,88.47,866796.0,strong_buy
ROCK,,"Gibraltar Industries, Inc.","Gibraltar Industries, Inc.",Industrials,Building Products & Equipment,United States,1190926080.0,2545939200.0,19.876238,8.347194,0.584,1.337932,0.82390743,12.636,1.761,0.06241,0.044510003,0.122770004,-0.104320005,0.25445,0.13939,0.646,-0.686,,-0.685,153.722,1.457,0.611,15147000.0,1369277952.0,307628128.0,71041000.0,1.227,0.01,1.07732,29661919.0,29349648.0,0.1067,40.15,75.08,33.56,322238.0,strong_buy
ROIV,,Roivant Sciences Ltd.,Roivant Sciences Ltd.,Healthcare,Biotechnology,United Kingdom,25801377792.0,22757044224.0,,-20.795008,,6.1007686,3425.5679,-16.725,3021.381,-0.08515,-0.16484,-254.08113,0.0,0.0,0.0,-0.335,,,,2.177,16.721,13.624,3842082048.0,107152000.0,-1127230080.0,-816470016.0,1.122,0.21443,0.78397006,722323015.0,582098448.0,0.066,35.72,42.5,15.25,7043300.0,strong_buy
ROG,,Rogers Corporation,Rogers Corporation,Technology,Electronic Components,United States,2858933760.0,2676033536.0,92.48555,35.164833,,2.377344,3.424693,20.777,3.206,0.02596,0.0324,0.09548,0.03749,0.32439,0.15429,0.069,,,,2.366,3.988,2.844,211400000.0,28500000.0,99825000.0,106000000.0,0.503,0.01211,1.0257,17868335.0,16787479.0,0.0493,160.0,169.0,75.14,242414.0,strong_buy
ROKU,,"Roku, Inc.","Roku, Inc.",Communication Services,Entertainment,United States,22631536640.0,20534482944.0,64.57204,38.561295,0.5976,8.009145,4.3446074,35.466,3.942,0.13122,0.0425,0.12172,0.06819,0.45504,0.11115,0.219,14.429,,14.635,16.792,2.866,2.653,2557201920.0,474118016.0,836552128.0,719036992.0,2.05,0.00651,0.88386,132140569.0,130991614.0,0.057800002,152.39,159.89,78.53,2356309.0,hold
RPM,,RPM International Inc.,RPM International Inc.,Basic Materials,Specialty Chemicals,United States,12660909056.0,15303232512.0,19.185686,14.749903,1.6607,3.8232348,1.6101017,12.785,1.946,0.21371001,0.07626,0.15307,0.08411,0.41435,0.15222,0.072,-0.014,,-0.02,89.022,1.678,0.991,318388000.0,2949378048.0,480144864.0,898707968.0,1.04,0.0124,0.88528997,127643000.0,125933871.0,0.033299997,99.19,121.78,92.92,1182960.0,strong_buy
RRX,,Regal Rexnord Corporation,Regal Rexnord Corporation,Industrials,Specialty Industrial Machinery,United States,10642477056.0,14978941952.0,32.89506,12.292142,1.1379,1.5396394,1.7568221,12.302,2.473,0.047670003,0.032360002,0.123459995,0.05348,0.37451,0.201,0.042,0.471,,0.472,68.843,2.276,0.94,441600000.0,4766400000.0,455187488.0,556899968.0,1.039,0.0049900003,1.11349,66569573.0,62682924.0,0.056399997,159.87,247.8,127.96,1196007.0,strong_buy
RRR,,"Red Rock Resorts, Inc.","Red Rock Resorts, Inc.",Consumer Cyclical,Resorts & Casinos,United States,5131002880.0,6534021120.0,17.777386,12.844833,,17.031145,2.559193,8.274,3.259,1.08938,0.0854,0.26652,0.08425,0.67221,0.39386,-0.03,-0.293,,-0.306,1245.668,0.677,0.489,136451008.0,3635717888.0,173044752.0,622616000.0,1.315,0.09661999,0.91372,59130385.0,46893190.0,0.1607,50.31,68.99,47.495,869514.0,none
RRC,,Range Resources Corporation,Range Resources Corporation,Energy,Oil & Gas E&P,United States,8933567488.0,9949419520.0,10.560774,9.713005,0.9595,1.8970821,2.7317817,6.126,3.042,0.19475001,0.10467,0.36101002,0.26308,0.52119,0.49666,0.086,-0.164,,-0.178,21.589,0.649,0.45,247000.0,1016556992.0,454483360.0,1359202048.0,0.432,0.0123000005,1.03907,233679515.0,230393833.0,0.1195,38.23,48.31,32.68,2722311.0,hold
RS,,"Reliance, Inc.","Reliance, Inc.",Basic Materials,Steel,United States,20437649408.0,22207148032.0,23.260315,17.021835,,2.7611964,1.2930474,14.336,1.405,0.12229,0.07334,0.09538,0.056550004,0.28285,0.098009996,0.265,0.423,,0.382,26.921,4.297,2.134,235400000.0,1995200000.0,345437504.0,851500032.0,0.955,0.00456,0.84239,51054555.0,50801324.0,0.0311,400.31,433.02,260.31,319841.0,hold
RUN,,Sunrun Inc.,Sunrun Inc.,Technology,Solar,United States,1839214976.0,18081091584.0,5.2094593,7.769906,3.0706,0.53048027,0.5291777,21.51,5.202,-0.19856001,0.00259,0.03999,0.11594,0.35292998,0.24186,0.528,-0.607,,-0.588,292.511,1.422,0.631,726425024.0,15233005568.0,-1971139840.0,-200131008.0,2.364,0.02823,1.16693,238549287.0,221001191.0,0.3538,7.71,22.44,7.47,8692225.0,buy
RUSHA,,"Rush Enterprises, Inc.","Rush Enterprises, Inc.",Consumer Cyclical,Auto & Truck Dealerships,United States,5507341312.0,6757752832.0,20.876106,15.425459,,2.359,0.7610481,10.739,0.934,0.11795,0.04948,0.05113,0.03665,0.19850999,0.08696,-0.016,0.011,,0.004,63.077,1.452,0.356,257836992.0,1485149952.0,313673632.0,674332032.0,0.88,0.01353,1.08047,91714399.0,102751949.0,0.115600005,47.18,55.74,30.446667,667957.0,none
RSI,,"Rush Street Interactive, Inc.","Rush Street Interactive, Inc.",Consumer Cyclical,Gambling,United States,4887383040.0,2127228160.0,64.548386,23.830223,,12.482844,3.575416,11.842,1.556,0.30279,0.12832,0.1174,0.02335,0.34967998,0.13142,0.463,-0.187,,-0.308,1.519,2.116,1.922,345415008.0,5148000.0,127112000.0,182676992.0,1.512,0.026600001,1.10707,115626347.0,106622523.0,0.082600005,20.01,34.53,15.51,2904568.0,strong_buy
RXO,,"RXO, Inc.","RXO, Inc.",Industrials,Trucking,United States,3855972608.0,4568972800.0,,38.35931,172.1333,2.5602276,0.6332686,49.663,0.75,-0.06787,-0.00263,0.00676,-0.017239999,0.14912,0.01511,0.25,,,,48.34,1.268,1.189,15000000.0,728000000.0,5750000.0,-17000000.0,1.99,0.00758,1.1092,164926128.0,135343328.0,0.2566,23.38,29.9,10.425,1779933.0,hold
RYAN,,"Ryan Specialty Holdings, Inc.","Ryan Specialty Holdings, Inc.",Financial Services,Insurance Brokers,United States,9653651456.0,8772844544.0,51.602737,15.609849,,8.979737,3.0518355,9.647,2.773,0.22092,0.03453,0.25041,0.03131,0.41487,0.28748,0.074,-0.143,,-0.186,374.707,0.998,0.129,140119008.0,3807566080.0,584760128.0,558524992.0,0.564,0.14606,0.98037004,122077702.0,106178302.0,0.113900006,37.67,59.185,29.28,1941290.0,buy
RYN,,Rayonier Inc. REIT,Rayonier Inc.,Real Estate,REIT - Specialty,United States,5404446208.0,6892383232.0,39.260868,29.365852,,1.0346606,5.5814223,20.244,7.118,0.02015,0.01757,0.1179,0.07828,0.24815,0.35162,2.721,-0.976,,-0.953,36.025,3.562,2.494,411760000.0,1891550976.0,111029624.0,313143008.0,0.896,0.00975,0.96564,297567291.0,276978610.0,0.0465,18.06,27.06,17.91,3107433.0,none
SABR,,Sabre Corporation,Sabre Corporation,Technology,Software - Infrastructure,United States,795058944.0,4462168064.0,,10.149931,,-0.74283564,0.27857757,10.671,1.563,,0.05311,0.13032,0.25144,0.56426,0.14652,0.036,,,,,1.025,0.924,675977024.0,4316632064.0,100824752.0,75138000.0,1.007,0.16079001,0.90726,403583214.0,270513757.0,0.1042,1.97,2.5,0.81,4429958.0,none
SAFE,,Safehold Inc. New,Safehold Inc.,Real Estate,REIT - Diversified,United States,854044352.0,5691274240.0,7.309091,7.19695,,0.35132697,1.956959,16.448,13.041,0.0464,0.028800001,0.73670995,0.2662,0.92913,0.79287004,0.2,0.078,,0.079,176.953,37.645,36.517,15922000.0,4659251200.0,-317175872.0,36947000.0,1.787,0.22928,0.76045,70816280.0,54636885.0,0.0919,12.06,17.45,11.6,374700.0,hold
SAFT,,"Safety Insurance Group, Inc.","Safety Insurance Group, Inc.",Financial Services,Insurance - Property & Casualty,United States,1525595648.0,1517450752.0,22.30043,16.6272,,1.7405577,1.1860276,15.882,1.18,0.07842,0.0231,0.13685,0.053340003,0.07645,0.07428,0.03,0.21,,0.193,6.818,0.385,0.266,67918000.0,59773000.0,160487248.0,180296000.0,0.175,0.02123,0.85191,14680482.0,14345033.0,0.050300002,103.92,104.01,67.04,208200.0,none
SAH,,"Sonic Automotive, Inc.","Sonic Automotive, Inc.",Consumer Cyclical,Auto & Truck Dealerships,United States,1986358016.0,6363758080.0,10.150243,8.217573,0.5965,1.9363887,0.12842058,9.696,0.411,0.20631,0.052529998,0.03376,0.013710001,0.15704,0.04243,0.076,,,,455.519,1.012,0.235,294400000.0,4671799808.0,-116075000.0,170100000.0,0.865,0.38944998,0.75778,19585427.0,12068318.0,0.22719999,62.83,113.67,54.11,304100.0,none
SAIC,,Science Applications Internatio,Science Applications International Corporation,Technology,Information Technology Services,United States,5248097792.0,7827097600.0,14.599068,10.907017,,3.7850907,0.7090108,10.395,1.057,0.25737,0.07012,0.08085,0.05134,0.1274,0.101730004,0.063,-0.122,,-0.197,188.37,1.204,1.056,126000000.0,2704999936.0,505375008.0,660000000.0,0.297,0.0076599997,0.90400004,41897635.0,41460224.0,0.060900003,125.26,142.66,81.08,448906.0,hold
SAIA,,"Saia, Inc.","Saia, Inc.",Industrials,Trucking,United States,9341585408.0,9526762496.0,33.218544,24.591955,,3.4259286,2.7537487,15.477,2.808,0.10767,0.06303,0.13091,0.08194,0.23584999,0.18145001,0.171,0.315,,0.32,9.872,1.584,1.403,84014000.0,269191008.0,135712256.0,606388992.0,2.139,0.00153,1.07042,26605107.0,26497622.0,0.0471,351.12,494.71,249.32,428895.0,buy
SANM,,Sanmina Corporation,Sanmina Corporation,Technology,Electronic Components,United States,12275938304.0,13055633408.0,40.973164,16.457155,0.7394,4.7958455,0.96181,15.087,1.023,0.12488,0.05856,0.0704,0.02414,0.090150006,0.0678,0.697,0.683,,0.707,88.161,1.78,0.992,1853282048.0,2432902912.0,-222215744.0,901056000.0,1.6,0.052849997,0.94813,53597356.0,51855978.0,0.059699997,229.04,288.68,113.71,695219.0,none
SARO,,"StandardAero, Inc.","StandardAero, Inc.",Industrials,Aerospace & Defense,United States,6965853696.0,9230662656.0,21.701029,11.948346,0.5778,2.485242,1.1014022,11.713,1.46,0.12302,0.05608,0.10532,0.051220004,0.15048,0.12461001,0.046,0.45,,0.437,93.207,2.135,1.566,179063008.0,2566457088.0,369616000.0,290580992.0,,0.00333,1.15346,330919431.0,216608132.0,0.116000004,21.05,34.48,20.785,3561546.0,buy
SBH,,"Sally Beauty Holdings, Inc. (Na","Sally Beauty Holdings, Inc.",Consumer Cyclical,Specialty Retail,United States,1520425984.0,2862734080.0,8.371134,7.25,0.7371,1.7534009,0.40771756,7.345,0.768,0.23527999,0.06449,0.09267,0.05156,0.52114,0.10451999,0.002,0.25,,0.183,173.89,2.367,0.486,173100000.0,1515408000.0,177001248.0,368340000.0,1.05,0.01395,1.2427601,93622292.0,92123399.0,0.3073,16.24,17.92,11.54,1334355.0,buy
SBCF,,Seacoast Banking Corporation of,Seacoast Banking Corporation of Florida,Financial Services,Banks - Regional,United States,3164169216.0,4337932288.0,21.22078,11.789322,,1.1464252,4.638293,,6.359,0.06067,0.0086900005,0.48815,0.2377,0.0,0.0,0.383,0.097,,0.395,,,,456852000.0,1321005056.0,,218246000.0,0.856,0.01317,0.93931,96822799.0,94395740.0,0.0631,32.68,36.27,28.58,906049.0,hold
SBRA,,"Sabra Health Care REIT, Inc.","Sabra Health Care REIT, Inc.",Real Estate,REIT - Healthcare Facilities,United States,4894666240.0,7283396608.0,73.69231,23.654322,,1.7793462,5.6666183,19.729,8.432,0.02388,0.01898,-0.12527001,0.07576,0.50268,0.42740002,0.253,,,,95.672,3.574,3.249,246308000.0,2633320960.0,155119744.0,371572992.0,0.636,0.01406,1.0531,255462756.0,251334478.0,0.112799995,19.16,22.77,17.17,2612947.0,none
SBSI,,"Southside Bancshares, Inc.","Southside Bancshares, Inc.",Financial Services,Banks - Regional,United States,915999232.0,2170037248.0,11.957198,9.508044,,1.037825,3.7386043,,8.857,0.089949995,0.00889,0.47232,0.31017,0.0,0.0,0.083,0.25,,0.23,,,,400860000.0,1654898048.0,,145212992.0,0.569,0.04657,0.58849996,29807980.0,28194474.0,0.036199998,30.73,36.2,26.32,134619.0,hold
SCHL,,Scholastic Corporation,Scholastic Corporation,Communication Services,Publishing,United States,666421888.0,1069321856.0,25.857143,14.8971195,1.7059,0.9039604,0.42363605,12.961,0.68,0.07377,0.015800001,-0.39576,0.03598,0.56494,0.05244,-0.039,,,,77.639,1.253,0.62,106800000.0,509700000.0,35037500.0,38100000.0,1.007,0.29435,1.03115,17581344.0,14414779.0,0.18010001,36.2,48.07,26.38,389701.0,hold
SCI,,Service Corporation Internation,Service Corporation International,Consumer Cyclical,Personal Services,United States,10513532928.0,15556796416.0,19.984457,16.77642,1.4089,6.85567,2.4061923,11.749,3.56,0.34714,0.032899998,0.21003,0.12302,0.26026,0.30302998,0.036,0.047,,0.016,344.863,0.531,0.431,260411008.0,5303164928.0,315907872.0,1037657024.0,0.811,0.03024,0.97501,136291587.0,132593996.0,0.04,77.14,90.99,68.41,997676.0,none
SCL,,Stepan Company,Stepan Company,Basic Materials,Specialty Chemicals,United States,1430939392.0,2025794048.0,,17.07317,,1.1815897,0.5881891,9.663,0.833,-0.0021600001,0.020869998,0.0619,-0.0010899999,0.11812,0.086169995,0.15,1.016,,1.02,58.36,1.151,0.716,113705000.0,707348992.0,55548624.0,155044992.0,0.938,0.057979997,0.88971,22713323.0,21439058.0,0.0424,63.0,68.0,41.82,142252.0,none
SEDG,,"SolarEdge Technologies, Inc.","SolarEdge Technologies, Inc.",Technology,Solar,Israel,2035886976.0,1896297984.0,,39.302555,,4.9395432,1.5281214,-15.658,1.423,-0.58424,-0.03835,-0.06515,-0.20289,0.21253,-0.090900004,0.196,,,,98.852,2.03,1.26,546942016.0,407352992.0,113761248.0,114081000.0,1.438,0.01117,1.0167199,61525748.0,60807743.0,0.2199,33.09,81.25,28.21,3107898.0,hold
SCSC,,"ScanSource, Inc.","ScanSource, Inc.",Technology,Electronics & Computer Distribution,United States,1243415808.0,1265938816.0,16.95879,10.8436165,0.7853,1.3664939,0.38542837,9.936,0.392,0.08681,0.03489,0.03548,0.024449999,0.13557,0.03949,0.173,0.413,,0.275,12.176,1.755,1.108,88374000.0,110897000.0,95035624.0,123131000.0,1.239,0.0224,1.10069,20142812.0,19609430.0,0.078600004,61.73,66.78,33.76,263346.0,none
SDGR,,"Schrodinger, Inc.","Schrödinger, Inc.",Healthcare,Health Information Services,United States,2267358720.0,1961622528.0,,-22.45185,,6.7146654,8.753098,-13.292,7.573,-0.16174999,-0.14436,-0.70551,-0.20976,0.56869,-0.56973,0.075,,,,32.832,2.706,2.616,413739008.0,108003000.0,-29163124.0,-126870000.0,1.693,0.03004,0.96982,65641435.0,57334026.0,0.26610002,30.31,32.45,10.945,1541196.0,none
SEI,,"Solaris Energy Infrastructure, ","Solaris Energy Infrastructure, Inc.",Energy,Oil & Gas Equipment & Services,United States,7539933184.0,6881885184.0,94.8481,21.166965,,5.21833,9.892537,25.49,9.029,0.08099,0.04077,0.26487,0.07192,0.49943,0.35422,0.469,-0.135,,0.714,216.673,4.123,3.988,824100992.0,2514638080.0,-806578240.0,424707008.0,1.262,0.086330004,1.05231,65831540.0,62831597.0,0.2493,74.93,86.19,38.499,3048544.0,strong_buy
SF,,Stifel Financial Corporation,Stifel Financial Corp.,Financial Services,Capital Markets,United States,10612401152.0,9199516672.0,12.572451,9.647445,0.8659,1.999488,1.8188965,,1.577,0.16427,0.0225,0.21761999,0.16344999,0.95567,0.0,0.127,0.506,,0.461,52.002,0.895,0.885,5224914944.0,3127030016.0,,454294016.0,0.984,0.03168,0.93358004,151001734.0,145529431.0,0.0001,70.28,89.82667,67.81,1201404.0,buy
SEZL,,Sezzle Inc.,Sezzle Inc.,Financial Services,Credit Services,United States,3617033472.0,3659391232.0,24.029085,16.159973,0.0646,15.521677,6.8003793,11.595,6.88,0.88851,0.48792,0.57167,0.3035,0.74967,0.59336,0.517,0.5,,0.477,52.416,4.017,3.835,79757000.0,122115000.0,100542000.0,275596992.0,6.669,0.44062,0.45291,33675014.0,18691653.0,0.2644,107.41,195.71,49.5,622852.0,none
SEIC,,SEI Investments Company,SEI Investments Company,Financial Services,Asset Management,United States,12293565440.0,12287421440.0,18.323792,14.696746,,4.916247,5.0172987,16.175,5.015,0.27587998,0.14759,0.30706,0.28847998,0.78388,0.31004,0.147,-0.107,,-0.138,2.383,5.059,4.765,421196000.0,67852000.0,377482240.0,712024000.0,0.969,0.15633,0.77756,120019182.0,99405887.0,0.0202,102.43,112.15,75.08,765076.0,buy
SFBS,,"ServisFirst Bancshares, Inc.","ServisFirst Bancshares, Inc.",Financial Services,Banks - Regional,United States,4390202880.0,5655719424.0,13.56419,11.246499,,2.219581,7.5018506,,9.664,0.17334999,0.01796,0.70001,0.54804003,0.0,0.0,0.301,0.401,,0.397,,,,376472992.0,1641490048.0,,472897984.0,0.849,0.0654,0.75571,109345020.0,102166519.0,0.0647,40.15,46.04,33.6,567739.0,strong_buy
SFM,,"Sprouts Farmers Market, Inc.","Sprouts Farmers Market, Inc.",Consumer Defensive,Grocery Stores,United States,6011674624.0,7894039552.0,12.32696,10.822416,1.3911,4.120542,0.6676594,9.371,0.877,0.35197,0.103199996,0.074889995,0.05585,0.38939,0.09355,0.047,0.015,,-0.034,140.338,0.992,0.372,223928000.0,2106292992.0,398699872.0,674656000.0,0.667,0.00565,1.14258,93247625.0,92507239.0,0.1618,64.47,114.34,61.88,1955603.0,buy
SGI,,Somnigroup International Inc.,Somnigroup International Inc.,Consumer Cyclical,"Furnishings, Fixtures & Appliances",United States,14267922432.0,19344050176.0,24.788,15.757902,,4.0355563,1.8734142,15.181,2.54,0.17516,0.05534,0.111269996,0.07002,0.44733003,0.16731001,-0.03,0.106,,0.12,198.088,0.748,0.275,112000000.0,6412100096.0,687912512.0,990400000.0,1.189,0.03102,0.98213995,230239189.0,187261049.0,0.1041,61.97,98.56,60.08,3088209.0,none
SFNC,,Simmons First National Corporat,Simmons First National Corporation,Financial Services,Banks - Regional,United States,3309365760.0,4005737728.0,,9.85247,,0.9499709,30.011206,,36.326,-0.09941,-0.01358,0.38306,0.0,0.0,0.0,0.143,0.07,,0.218,,,,668689024.0,1365060992.0,,523924000.0,0.909,0.01206,0.84019,144513789.0,142224691.0,0.0572,22.9,24.32,17.0,1369738.0,buy
SHAK,,"Shake Shack, Inc.",Shake Shack Inc.,Consumer Cyclical,Restaurants,United States,2608817152.0,3135442944.0,63.520836,42.99423,2.9765,4.5227323,1.6806173,18.192,2.02,0.0794,0.0198,0.05069,0.02559,0.4038,0.11103,0.172,-0.098,,-0.086,166.579,1.668,1.533,307961984.0,952086016.0,-41693376.0,191596992.0,1.664,0.04388,0.91558,40350732.0,38504521.0,0.1104,60.98,107.46,51.6,1655374.0,buy
SHC,,Sotera Health Company,Sotera Health Company,Healthcare,Diagnostics & Research,United States,5199528448.0,7110667776.0,31.964912,16.950886,,7.809687,4.2753196,12.333,5.847,0.27781,0.08603,0.37956002,0.13442001,0.54969,0.47409,0.092,5.695,,5.737,340.734,2.796,2.399,356950016.0,2268089088.0,153967120.0,292188000.0,1.777,0.02405,1.0591,285374795.0,185228218.0,0.0496,18.22,19.85,13.09,2561080.0,buy
SHEN,,Shenandoah Telecommunications C,Shenandoah Telecommunications Company,Communication Services,Telecom Services,United States,601260416.0,1402574464.0,,-10.752475,,0.69920164,1.6382983,12.075,3.822,-0.03941,-0.0054400004,-0.00944,-0.12227,0.64852995,0.31649,0.055,,,,77.081,0.852,0.436,23895000.0,733521024.0,-236001120.0,108334000.0,0.691,0.04981,0.72777003,55364680.0,44974944.0,0.078099996,10.86,17.35,9.67,682926.0,none
SHO,,"Sunstone Hotel Investors, Inc. ","Sunstone Hotel Investors, Inc.",Real Estate,REIT - Hotel & Motel,United States,2117901440.0,3239753472.0,51.772728,81.35715,,1.2949069,2.1138704,14.146,3.234,0.027520001,0.01912,0.12773,0.05302,0.43710998,0.22859,0.062,3.652,,1.416,51.842,5.435,1.559,98327000.0,975030976.0,-112617752.0,198438000.0,0.979,0.01559,1.07625,185943941.0,183033918.0,0.0001,11.39,12.07,8.69,2257814.0,buy
SHOO,,"Steven Madden, Ltd.","Steven Madden, Ltd.",Consumer Cyclical,Footwear & Accessories,United States,3363951104.0,3678855168.0,22.534315,16.549725,,3.5796607,1.2274792,13.258,1.342,0.15913,0.08144,0.06686,0.05228,0.46948,0.10125,0.191,,,,38.796,1.906,1.02,94739000.0,377142016.0,219048992.0,263827008.0,1.159,0.02165,1.02393,73177095.0,71471337.0,0.08189999,45.97,49.7,31.33,1032909.0,none
SIGI,,"Selective Insurance Group, Inc.","Selective Insurance Group, Inc.",Financial Services,Insurance - Property & Casualty,United States,5098520576.0,5820043776.0,10.619105,9.769154,,1.4722881,0.9319248,8.129,1.064,0.14152999,0.02832,0.12693,0.090959996,0.22764,0.13087,0.045,0.551,,0.505,24.596,0.318,0.191,379436000.0,900958976.0,1355778304.0,1232523008.0,0.283,0.0073,0.90084,59569119.0,55694744.0,0.0334,85.59,100.4,72.78,480473.0,hold
SIG,,Signet Jewelers Limited,Signet Jewelers Limited,Consumer Cyclical,Luxury Goods,Bermuda,3853948416.0,4551548416.0,11.6817665,7.3176284,,2.1047125,0.5652111,7.167,0.668,0.19855,0.06403,0.06256,0.05189,0.39293,0.09314,-0.005,,,,66.703,1.639,0.361,526800000.0,1224400000.0,422037504.0,694300032.0,1.111,0.01359,1.1782,38317243.0,34495481.0,0.2142,100.58,110.2,71.62,823895.0,buy
SIRI,,SiriusXM Holdings Inc.,Sirius XM Holdings Inc.,Communication Services,Entertainment,United States,8669360128.0,18153361408.0,10.288,7.7119823,1.0469,0.72784895,1.0077137,7.181,2.11,0.07574,0.044260003,0.22129999,0.102290004,0.47355998,0.29385,0.01,0.237,,0.166,81.105,0.458,0.35,174000000.0,9658000384.0,1186000000.0,2103000064.0,0.956,0.46352002,0.49571,337066891.0,308176888.0,0.1835,25.72,32.66,19.77,4024301.0,hold
SITM,,SiTime Corporation,SiTime Corporation,Technology,Semiconductors,United States,21251643392.0,20739065856.0,1244.6316,47.545967,,18.34885,45.423954,452.413,44.328,0.013259999,-0.00029999999,0.10623,0.03012,0.58714,0.09798,1.265,,,,129.419,19.445,18.315,1921140992.0,1326611968.0,24747500.0,127736000.0,2.862,0.108219996,0.87962997,29955519.0,23110193.0,0.060100004,709.44,901.81,243.677,451749.0,buy
SKY,,"Champion Homes, Inc.","Champion Homes, Inc.",Consumer Cyclical,Residential Construction,United States,4782080000.0,4120541696.0,25.760233,20.662611,,3.0400276,1.7893289,14.432,1.542,0.12645,0.06903,0.08486,0.0716,0.25958002,0.10682999,0.013,-0.212,,-0.24,7.833,2.738,1.867,784712000.0,123174000.0,184228752.0,301046016.0,1.011,0.00758,1.13321,54280134.0,53316119.0,0.0639,88.1,99.17,63.69,607839.0,buy
SKT,,Tanger Inc.,Tanger Inc.,Real Estate,REIT - Retail,United States,4197116160.0,5831667200.0,31.63063,29.199692,,5.984319,6.6859894,17.305,9.29,0.19399999,0.04715,0.32639998,0.2023,0.73124003,0.53683,0.115,0.108,,0.105,278.311,0.743,0.521,181287008.0,1952108032.0,227820992.0,301721984.0,1.078,0.0242,0.97199994,114878989.0,112164398.0,0.0991,35.11,42.53,31.13,891058.0,hold
SLAB,,"Silicon Laboratories, Inc.",Silicon Laboratories Inc.,Technology,Semiconductors,United States,7432779264.0,7035537920.0,,51.077805,,6.7889795,8.684229,-705.105,8.22,-0.03628,-0.0219,-0.04674,-0.045689996,0.60611,-0.01166,0.183,,,,,5.407,3.843,397241984.0,0.0,-13706625.0,33094000.0,1.357,0.01608,0.93978,33366761.0,32756149.0,0.1291,222.76,223.5,115.51,283738.0,none
SKYW,,"SkyWest, Inc.","SkyWest, Inc.",Industrials,Airlines,United States,3744215296.0,5527327232.0,9.701208,7.9291987,,1.3595668,0.8935119,5.785,1.319,0.15341,0.050380003,0.14130999,0.09782,0.30895,0.22801,0.065,-0.127,,-0.163,86.333,0.569,0.44,600979008.0,2384090880.0,145134624.0,948620032.0,1.421,0.01342,0.95982003,38828325.0,38082433.0,0.065799996,96.43,117.72,77.89,368015.0,buy
SLG,,SL Green Realty Corp,SL Green Realty Corp.,Real Estate,REIT - Office,United States,3745104640.0,10784973824.0,,-64.184,,1.0821897,3.7526286,30.323,10.807,-0.03573,0.00452,0.18843001,-0.16719,0.44757998,0.35638002,0.273,,,,142.556,2.466,0.654,193718000.0,6298141184.0,581023296.0,92152000.0,1.597,0.00241,1.04682,70849907.0,70663572.0,0.23799999,48.81,60.82,34.77,924893.0,hold
SLGN,,Silgan Holdings Inc.,Silgan Holdings Inc.,Consumer Cyclical,Packaging & Containers,United States,3685131776.0,8167358976.0,13.67451,8.517716,,1.548814,0.551512,8.352,1.222,0.11748,0.04244,0.10297,0.04045,0.1707,0.14636,0.068,-0.137,,-0.148,203.153,1.272,0.697,351527008.0,4833754112.0,313311264.0,640841984.0,0.679,0.16307,0.94308996,105682020.0,88438942.0,0.0987,34.87,49.55,33.92,1299006.0,strong_buy
SLM,,SLM Corporation,SLM Corporation,Financial Services,Credit Services,United States,4276060160.0,5725974528.0,6.3005543,6.755874,,1.9224918,2.5362191,,3.396,0.30333,0.02528,0.29211,0.43625,1.0,0.0,0.081,-0.094,,-0.179,236.158,1.334,1.314,4644066816.0,5844118016.0,,-324595008.0,0.968,0.013040001,1.14139,188000000.0,185751738.0,0.109799996,22.745,31.06,17.77,2358158.0,buy
SLVM,,Sylvamo Corporation,Sylvamo Corporation,Basic Materials,Paper & Paper Products,United States,1291412736.0,2199412736.0,17.748632,6.246154,,1.3536153,0.3916933,5.944,0.667,0.07941,0.0433,0.014889999,0.02305,0.20594,0.112220004,0.015,,,,107.958,1.472,0.653,123000000.0,1031000000.0,-16375000.0,209000000.0,0.758,0.00944,1.0241101,39760243.0,30558132.0,0.106300004,32.48,56.8,31.58,296892.0,none
SM,,SM Energy Company,SM Energy Company,Energy,Oil & Gas E&P,United States,8381977600.0,15194977280.0,6.215168,4.4211206,,1.0711899,1.6892338,4.741,3.062,0.16125,0.06898,0.60323,0.20153,0.86457,0.64591,1.761,1.539,,4.302,95.136,0.615,0.521,620000000.0,7432999936.0,1472082944.0,2700000000.0,0.753,0.00925,0.99737,237854068.0,222745578.0,0.066199996,35.24,41.56,17.45,3853755.0,buy
SMG,,Scotts Miracle-Gro Company (The,The Scotts Miracle-Gro Company,Basic Materials,Agricultural Inputs,United States,2853957888.0,5316357632.0,19.299213,10.380623,0.7445,-13.669827,0.81927884,9.941,1.526,,0.0929,0.16825001,0.02121,0.32157,0.15352,0.011,-0.255,,-0.247,,1.215,0.667,27700000.0,2490099968.0,248500000.0,369300000.0,1.813,0.23677,0.88786006,58220274.0,44583921.0,0.1058,49.02,75.34,47.9,1016953.0,buy
SMP,,"Standard Motor Products, Inc.","Standard Motor Products, Inc.",Consumer Cyclical,Auto Parts,United States,838207744.0,1471943808.0,9.547073,7.683282,,1.1677196,0.45636842,5.956,0.801,0.12528,0.06231,0.12917,0.027780002,0.31992,0.13457,0.016,0.184,,0.203,95.279,2.003,0.766,78629000.0,697756992.0,130171000.0,121609000.0,0.807,0.050819997,0.85037005,22340293.0,21152013.0,0.0626,37.52,46.0,34.27,157220.0,none
SMPL,,The Simply Good Foods Company,The Simply Good Foods Company,Consumer Defensive,Packaged Foods,United States,869377088.0,1194147200.0,,5.782251,,0.613034,0.6244471,5.491,0.858,-0.12197,0.05382,0.12784,-0.14276,0.33273998,0.15621,-0.063,,,,31.624,4.796,2.893,123884000.0,448464000.0,107168376.0,147540000.0,0.17,0.09229,1.00511,88441207.0,80343405.0,0.1376,9.83,25.66,9.375,2362453.0,none
SN,,"SharkNinja, Inc.","SharkNinja, Inc.",Consumer Cyclical,"Furnishings, Fixtures & Appliances",United States,25837377536.0,25852102656.0,37.33538,23.830284,2.3081,9.047974,3.7391522,23.288,3.741,0.27528,0.11833,0.1016,0.100609995,0.48921,0.16065,0.222,-0.063,,-0.07,32.11,2.08,1.395,779832000.0,913016000.0,638667520.0,973569024.0,1.198,0.39012,0.68174005,141520379.0,86309182.0,0.1117,182.57,194.54,83.12,1791061.0,strong_buy
SNDR,,"Schneider National, Inc.","Schneider National, Inc.",Industrials,Trucking,United States,5765646336.0,5834646528.0,51.390625,19.249903,,1.8845978,0.9907971,9.889,1.003,0.036760002,0.02221,0.04552,0.01918,0.16025,0.10139,0.104,0.4,,0.381,12.947,2.033,1.793,327100000.0,396100000.0,87137504.0,634499968.0,1.178,0.50317,0.77582,92271399.0,67192835.0,0.111499995,32.89,39.27,20.11,765673.0,buy
SMTC,,Semtech Corporation,Semtech Corporation,Technology,Semiconductors,United States,18187298816.0,18508240896.0,129.0596,33.271698,,24.287138,15.488899,103.203,15.762,0.23663999,0.05785,0.16222,0.13116999,0.52901,0.15273,0.327,,,,70.105,1.698,0.855,204051008.0,524992992.0,132654752.0,214020000.0,2.353,0.0076599997,1.01579,93325626.0,92766606.0,0.0853,194.88,201.97,60.28,2934023.0,strong_buy
SNEX,,StoneX Group Inc.,StoneX Group Inc.,Financial Services,Capital Markets,United States,7937786880.0,-7070312448.0,17.883152,13.913319,,2.776676,0.05095367,,-0.045,0.2185,0.01193,0.00418,0.00338,0.01731,0.0,0.152,0.852,,1.017,823.47,1.065,1.042,38427598848.0,23419500544.0,,3857900032.0,0.635,0.091359995,0.85377,120616735.0,109132816.0,0.0559,65.81,94.66,36.44889,976246.0,none
SOLS,,Solstice Advanced Materials Inc,"Solstice Advanced Materials, Inc.",Basic Materials,Specialty Chemicals,United States,9165493248.0,10843493376.0,43.71212,17.169298,0.5095,5.7786684,2.2382157,12.156,2.648,0.112629995,0.07637,0.19338,0.05128,0.30622998,0.21783,0.111,0.228,,0.227,152.771,1.459,0.807,750000000.0,2425999872.0,-27375000.0,606000000.0,,0.00052,0.85746,158847369.0,158656752.0,0.0419,57.7,90.8,40.43,3409039.0,strong_buy
SNX,,TD SYNNEX Corporation,TD SYNNEX Corporation,Technology,Electronics & Computer Distribution,United States,22207666176.0,27488141312.0,16.984137,11.460776,0.7951,2.4675567,0.29346666,11.086,0.363,0.14932,0.03499,0.02992,0.01752,0.06887,0.03277,0.377,0.889,,0.835,64.824,1.191,0.602,749302016.0,6029777920.0,-1051633856.0,-617816000.0,1.429,0.04997,0.95852,79777511.0,73408075.0,0.0224,278.37,298.77,142.22,823011.0,buy
SON,,Sonoco Products Company,Sonoco Products Company,Consumer Cyclical,Packaging & Containers,United States,4819167744.0,9433611264.0,7.533231,7.7161646,,1.3456653,0.6459135,7.549,1.264,0.18855,0.03951,0.10012999,0.08412,0.20794001,0.16749,-0.013,-0.788,,-0.787,132.433,0.995,0.487,168648000.0,4765629952.0,527077760.0,637126976.0,0.35,0.0104600005,1.01131,98875003.0,97741895.0,0.1416,48.74,60.67,38.65,1114198.0,buy
SONO,,"Sonos, Inc.","Sonos, Inc.",Technology,Consumer Electronics,United States,2093803520.0,1889600384.0,39.333336,13.563219,,5.1875734,1.4049082,16.964,1.268,0.14175999,0.04733,0.04404,0.03818,0.45009997,0.07474,0.088,,,,14.081,1.615,1.031,261026000.0,56823000.0,97409872.0,147088000.0,1.935,0.01865,1.0454,118293979.0,98157978.0,0.1308,17.7,19.82,12.44,1919311.0,none
SPHR,,Sphere Entertainment Co.,Sphere Entertainment Co.,Communication Services,Entertainment,United States,4605920256.0,4968251904.0,,-62.560978,,2.0673814,3.3945808,19.531,3.662,-0.03097,-0.01253,-0.19548,-0.05663,0.54707,0.18747999,0.11,,,,40.995,1.224,1.118,550974016.0,913305984.0,442722880.0,398640000.0,1.612,0.067210004,1.34307,29046853.0,24698506.0,0.3179,128.25,181.63,57.01,658066.0,strong_buy
SPNT,,SiriusPoint Ltd.,SiriusPoint Ltd.,Financial Services,Insurance - Reinsurance,Bermuda,2836749824.0,2851349760.0,6.0147786,8.841419,,1.2453465,0.94536275,6.397,0.95,0.23068,0.02177,0.136,0.16849001,0.23864001,0.14852999,-0.005,0.16,,0.085,30.786,0.655,0.354,687100032.0,700899968.0,204187504.0,265900000.0,0.61,0.11725,0.87311995,116165016.0,101855809.0,0.051999997,24.42,26.5,17.39,794434.0,buy
SPSC,,"SPS Commerce, Inc.","SPS Commerce, Inc.",Technology,Software - Application,United States,2964614400.0,2797753344.0,39.591347,15.464469,,3.1759803,3.837728,15.271,3.622,0.08262,0.06805,0.16108999,0.10098,0.69821,0.23716,0.056,-0.639,,-0.652,0.672,2.259,1.619,173167008.0,6306000.0,176569376.0,228143008.0,0.509,0.010290001,1.14188,36000174.0,35557012.0,0.107200004,82.35,114.87,49.04,544836.0,none
SPXC,,"SPX Technologies, Inc.","SPX Technologies, Inc.",Industrials,Building Products & Equipment,United States,8669361152.0,9117661184.0,30.420034,17.842968,0.9767,3.691169,3.501499,17.473,3.683,0.14684,0.06755,0.17673,0.11265001,0.40287998,0.21075001,0.229,0.41,,0.502,26.175,1.825,1.137,166400000.0,614700032.0,234024992.0,421900000.0,1.269,0.03073,0.96853995,50085860.0,48996993.0,0.035099998,173.09,251.08,166.17,535338.0,strong_buy
SR,,Spire Inc.,Spire Inc.,Utilities,Utilities - Regulated Gas,United States,4583607296.0,11822507008.0,16.856522,14.133232,,1.279158,1.7177361,12.275,4.431,0.081099994,0.03052,0.07068,0.20559,0.43965998,0.36093,0.192,11.382,,9.105,202.612,0.37,0.139,20700000.0,7259599872.0,-319812512.0,608700032.0,0.558,0.02331,0.93052,59112807.0,57681686.0,0.0668,77.54,95.31,74.84,491769.0,buy
SSB,,SouthState Bank Corporation,SouthState Bank Corporation,Financial Services,Banks - Regional,United States,9882675200.0,10216752128.0,10.571577,9.799208,,1.0822263,3.6930609,,3.818,0.105979994,0.014099999,0.50514,0.35508,0.0,0.0,-0.001,0.114,,0.069,,,,2364032000.0,2698108928.0,,927649984.0,0.71,0.012560001,0.89766,96974534.0,95815688.0,0.035099998,101.91,112.2,84.48,772126.0,buy
SRPT,,"Sarepta Therapeutics, Inc.","Sarepta Therapeutics, Inc.",Healthcare,Biotechnology,United States,1848472960.0,2122394880.0,,6.648355,,1.2098168,0.9362467,-121.051,1.075,-0.09478,-0.01133,0.13032,-0.06925,0.19108,-0.008880001,-0.343,,,,69.539,4.422,2.44,788489024.0,1062411008.0,22139876.0,111008000.0,0.261,0.048850004,1.04069,105627021.0,100544249.0,0.2886,17.5,25.32,14.68,3004284.0,hold
SSD,,"Simpson Manufacturing Company, ","Simpson Manufacturing Co., Inc.",Basic Materials,Lumber & Wood Production,United States,7113300992.0,7109277184.0,18.906317,17.874355,,3.3449612,2.937077,12.272,2.935,0.18722,0.098129995,0.24405001,0.15645,0.45841,0.23919001,0.063,0.251,,0.227,21.084,3.288,1.988,450526016.0,446502016.0,446386496.0,574364032.0,1.307,0.0027599998,1.0181199,40984682.0,40762135.0,0.0296,173.56,213.49,156.32,275649.0,none
ST,,Sensata Technologies Holding pl,Sensata Technologies Holding plc,Technology,Scientific & Technical Instruments,United States,6332264960.0,8373865472.0,70.177414,10.624477,0.2243,2.1401868,1.6772878,10.84,2.218,0.03079,0.04839,0.16394,0.023810001,0.29497,0.20462,0.05,0.707,,0.682,82.598,2.291,1.397,403300000.0,2444900096.0,504049504.0,693900032.0,1.248,0.00813,1.10048,145535862.0,144201298.0,0.0509,43.51,53.89,28.16,1475376.0,buy
STAA,,STAAR Surgical Company,STAAR Surgical Company,Healthcare,Medical Instruments & Supplies,United States,1126735232.0,981187328.0,280.875,21.631767,,3.0823045,3.317928,19.717,2.889,0.0109399995,0.05649,0.10885999,0.0113,0.76622003,0.14654,1.11,,,,9.836,4.665,3.863,181488992.0,35941000.0,15348500.0,-3252000.0,1.221,0.00854,1.11482,50143984.0,26125016.0,0.1927,22.47,35.87,15.59,1022915.0,buy
STAG,,"Stag Industrial, Inc.","STAG Industrial, Inc.",Real Estate,REIT - Industrial,United States,7094916608.0,10422432768.0,27.519085,40.965908,,1.9141932,8.056975,16.208,11.836,0.069759995,0.02892,0.37036,0.28053,0.79549,0.73025,0.081,0.033,,0.058,93.78,1.816,1.188,85077000.0,3478531072.0,469642880.0,476356000.0,0.961,0.00135,0.96813005,192808329.0,191938763.0,0.053200003,36.05,42.61,35.39,1679747.0,buy
STBA,,"S&T Bancorp, Inc.","S&T Bancorp, Inc.",Financial Services,Banks - Regional,United States,1750578944.0,1809700992.0,13.202127,12.401133,,1.2469856,4.325771,,4.472,0.09872,0.01424,0.44693002,0.34754002,0.0,0.0,0.061,0.229,,0.149,,,,252875008.0,311996992.0,,146752992.0,0.829,0.01578,0.75627,35265492.0,34799282.0,0.0734,49.64,53.5,34.38,265934.0,hold
STC,,Stewart Information Services Co,Stewart Information Services Corporation,Financial Services,Insurance - Property & Casualty,United States,1573419392.0,2049043328.0,11.2800865,7.0810437,,0.94363797,0.4809155,7.164,0.626,0.096140005,0.04547,0.06954,0.04118,0.61847997,0.087419994,0.243,0.071,,0.166,46.09,1.847,1.833,304718016.0,770977984.0,135150000.0,238196000.0,0.992,0.01964,1.0103099,30522199.0,29864446.0,0.047399998,51.55,78.61,48.74,249612.0,none
STEP,,StepStone Group Inc.,StepStone Group Inc.,Financial Services,Asset Management,United States,5843630080.0,6369560576.0,,13.342097,,-6.913562,2.9098773,-5.67,3.172,-0.61397,-0.11644,-0.54055,-0.30535,-0.48369,-0.55939,0.04,,,,126.487,0.639,0.635,702520000.0,1568006016.0,2822566144.0,-437312000.0,1.284,0.055409998,0.98280996,82288907.0,75363473.0,0.074499995,45.27,77.795,38.85,1210223.0,strong_buy
STRA,,"Strategic Education, Inc.","Strategic Education, Inc.",Consumer Defensive,Education & Training Services,United States,1770386688.0,1728818688.0,13.155116,9.43804,0.621,1.0718367,1.3762859,7.005,1.344,0.08151,0.060700003,0.15698,0.10456,0.49056,0.19184999,0.049,0.248,,0.149,6.532,1.096,0.885,128752000.0,106713000.0,154841120.0,215884000.0,0.498,0.03762,1.09586,22207559.0,21099021.0,0.103199996,79.72,89.73,69.7,297938.0,none
STRL,,"Sterling Infrastructure, Inc.","Sterling Infrastructure, Inc.",Industrials,Engineering & Construction,United States,16316526592.0,16222125056.0,36.36128,21.003887,0.6336,12.061776,4.745265,22.72,4.718,0.40005,0.14554,0.20055,0.12549,0.23807,0.20764999,0.901,1.165,,1.195,24.222,1.107,1.083,464451008.0,336815008.0,349384384.0,597697984.0,1.847,0.022939999,0.8965,30588518.0,29908841.0,0.0456,533.42,1005.68,281.58,653658.0,strong_buy
STWD,,"STARWOOD PROPERTY TRUST, INC. S","Starwood Property Trust, Inc.",Real Estate,REIT - Mortgage,United States,4955984896.0,28908867584.0,22.118645,6.8747168,,0.74422586,8.29759,,48.401,0.03689,0.00429,-0.05869,0.38158,0.86453,0.0,0.134,-0.974,,-0.949,331.119,12.868,11.469,391998016.0,23785697280.0,,1090564992.0,1.032,0.058330003,0.53122,370168950.0,352160231.0,0.0548,13.05,19.57,12.9,4373069.0,buy
SUI,,"Sun Communities, Inc.","Sun Communities, Inc.",Real Estate,REIT - Residential,United States,13993561088.0,17473255424.0,141.98718,34.56045,,2.4581614,6.0014415,17.109,7.494,0.01722,0.02564,0.23205,-0.37355,0.53682,0.43800998,0.002,,,,72.848,0.597,0.463,165200000.0,4074800128.0,1873449984.0,899500032.0,0.77,0.011729999,1.0359501,121800957.0,120198056.0,0.0633,110.75,137.85,109.77,1668871.0,buy
SUPN,,"Supernus Pharmaceuticals, Inc.","Supernus Pharmaceuticals, Inc.",Healthcare,Drug Manufacturers - Specialty & Generic,United States,2467539200.0,2131525760.0,,9.502242,,2.390299,2.9713707,19.302,2.567,-0.104899995,0.0038800002,-0.02485,-0.13232,0.72890997,0.13298,0.324,,,,3.895,2.083,1.68,372067008.0,40170000.0,84611000.0,19911000.0,0.556,0.04322,1.06283,58224143.0,51744667.0,0.10520001,42.38,59.68,40.51,778419.0,none
SXI,Too Many Requests. Rate limited. Try after a while.,,,,,,,,,,,,,,,,,,,,,,,,,,,,,,,,,,,,,,,,,,
SXT,Too Many Requests. Rate limited. Try after a while.,,,,,,,,,,,,,,,,,,,,,,,,,,,,,,,,,,,,,,,,,,
SYNA,Too Many Requests. Rate limited. Try after a while.,,,,,,,,,,,,,,,,,,,,,,,,,,,,,,,,,,,,,,,,,,
SWX,Too Many Requests. Rate limited. Try after a while.,,,,,,,,,,,,,,,,,,,,,,,,,,,,,,,,,,,,,,,,,,
TBBK,Too Many Requests. Rate limited. Try after a while.,,,,,,,,,,,,,,,,,,,,,,,,,,,,,,,,,,,,,,,,,,
TALO,Too Many Requests. Rate limited. Try after a while.,,,,,,,,,,,,,,,,,,,,,,,,,,,,,,,,,,,,,,,,,,
TCBI,Too Many Requests. Rate limited. Try after a while.,,,,,,,,,,,,,,,,,,,,,,,,,,,,,,,,,,,,,,,,,,
TDC,Too Many Requests. Rate limited. Try after a while.,,,,,,,,,,,,,,,,,,,,,,,,,,,,,,,,,,,,,,,,,,
TDS,Too Many Requests. Rate limited. Try after a while.,,,,,,,,,,,,,,,,,,,,,,,,,,,,,,,,,,,,,,,,,,
TDW,Too Many Requests. Rate limited. Try after a while.,,,,,,,,,,,,,,,,,,,,,,,,,,,,,,,,,,,,,,,,,,
TEX,Too Many Requests. Rate limited. Try after a while.,,,,,,,,,,,,,,,,,,,,,,,,,,,,,,,,,,,,,,,,,,
TFIN,Too Many Requests. Rate limited. Try after a while.,,,,,,,,,,,,,,,,,,,,,,,,,,,,,,,,,,,,,,,,,,
TFX,Too Many Requests. Rate limited. Try after a while.,,,,,,,,,,,,,,,,,,,,,,,,,,,,,,,,,,,,,,,,,,
TGTX,Too Many Requests. Rate limited. Try after a while.,,,,,,,,,,,,,,,,,,,,,,,,,,,,,,,,,,,,,,,,,,
THC,Too Many Requests. Rate limited. Try after a while.,,,,,,,,,,,,,,,,,,,,,,,,,,,,,,,,,,,,,,,,,,
THG,Too Many Requests. Rate limited. Try after a while.,,,,,,,,,,,,,,,,,,,,,,,,,,,,,,,,,,,,,,,,,,
THO,Too Many Requests. Rate limited. Try after a while.,,,,,,,,,,,,,,,,,,,,,,,,,,,,,,,,,,,,,,,,,,
THRM,Too Many Requests. Rate limited. Try after a while.,,,,,,,,,,,,,,,,,,,,,,,,,,,,,,,,,,,,,,,,,,
TILE,Too Many Requests. Rate limited. Try after a while.,,,,,,,,,,,,,,,,,,,,,,,,,,,,,,,,,,,,,,,,,,
TKR,Too Many Requests. Rate limited. Try after a while.,,,,,,,,,,,,,,,,,,,,,,,,,,,,,,,,,,,,,,,,,,
TLN,Too Many Requests. Rate limited. Try after a while.,,,,,,,,,,,,,,,,,,,,,,,,,,,,,,,,,,,,,,,,,,
TMDX,Too Many Requests. Rate limited. Try after a while.,,,,,,,,,,,,,,,,,,,,,,,,,,,,,,,,,,,,,,,,,,
TMP,Too Many Requests. Rate limited. Try after a while.,,,,,,,,,,,,,,,,,,,,,,,,,,,,,,,,,,,,,,,,,,
TNC,Too Many Requests. Rate limited. Try after a while.,,,,,,,,,,,,,,,,,,,,,,,,,,,,,,,,,,,,,,,,,,
TNDM,Too Many Requests. Rate limited. Try after a while.,,,,,,,,,,,,,,,,,,,,,,,,,,,,,,,,,,,,,,,,,,
TNL,Too Many Requests. Rate limited. Try after a while.,,,,,,,,,,,,,,,,,,,,,,,,,,,,,,,,,,,,,,,,,,
TOST,Too Many Requests. Rate limited. Try after a while.,,,,,,,,,,,,,,,,,,,,,,,,,,,,,,,,,,,,,,,,,,
TOL,Too Many Requests. Rate limited. Try after a while.,,,,,,,,,,,,,,,,,,,,,,,,,,,,,,,,,,,,,,,,,,
TPC,Too Many Requests. Rate limited. Try after a while.,,,,,,,,,,,,,,,,,,,,,,,,,,,,,,,,,,,,,,,,,,
TR,Too Many Requests. Rate limited. Try after a while.,,,,,,,,,,,,,,,,,,,,,,,,,,,,,,,,,,,,,,,,,,
TREX,Too Many Requests. Rate limited. Try after a while.,,,,,,,,,,,,,,,,,,,,,,,,,,,,,,,,,,,,,,,,,,
TRIP,Too Many Requests. Rate limited. Try after a while.,,,,,,,,,,,,,,,,,,,,,,,,,,,,,,,,,,,,,,,,,,
TRMK,Too Many Requests. Rate limited. Try after a while.,,,,,,,,,,,,,,,,,,,,,,,,,,,,,,,,,,,,,,,,,,
TRN,Too Many Requests. Rate limited. Try after a while.,,,,,,,,,,,,,,,,,,,,,,,,,,,,,,,,,,,,,,,,,,
TRNO,Too Many Requests. Rate limited. Try after a while.,,,,,,,,,,,,,,,,,,,,,,,,,,,,,,,,,,,,,,,,,,
TRST,Too Many Requests. Rate limited. Try after a while.,,,,,,,,,,,,,,,,,,,,,,,,,,,,,,,,,,,,,,,,,,
TRUP,Too Many Requests. Rate limited. Try after a while.,,,,,,,,,,,,,,,,,,,,,,,,,,,,,,,,,,,,,,,,,,
TRU,Too Many Requests. Rate limited. Try after a while.,,,,,,,,,,,,,,,,,,,,,,,,,,,,,,,,,,,,,,,,,,
TTC,Too Many Requests. Rate limited. Try after a while.,,,,,,,,,,,,,,,,,,,,,,,,,,,,,,,,,,,,,,,,,,
TTEK,Too Many Requests. Rate limited. Try after a while.,,,,,,,,,,,,,,,,,,,,,,,,,,,,,,,,,,,,,,,,,,
TWLO,Too Many Requests. Rate limited. Try after a while.,,,,,,,,,,,,,,,,,,,,,,,,,,,,,,,,,,,,,,,,,,
TTMI,Too Many Requests. Rate limited. Try after a while.,,,,,,,,,,,,,,,,,,,,,,,,,,,,,,,,,,,,,,,,,,
TXNM,Too Many Requests. Rate limited. Try after a while.,,,,,,,,,,,,,,,,,,,,,,,,,,,,,,,,,,,,,,,,,,
TXRH,Too Many Requests. Rate limited. Try after a while.,,,,,,,,,,,,,,,,,,,,,,,,,,,,,,,,,,,,,,,,,,
UA,Too Many Requests. Rate limited. Try after a while.,,,,,,,,,,,,,,,,,,,,,,,,,,,,,,,,,,,,,,,,,,
UAA,Too Many Requests. Rate limited. Try after a while.,,,,,,,,,,,,,,,,,,,,,,,,,,,,,,,,,,,,,,,,,,
UBSI,Too Many Requests. Rate limited. Try after a while.,,,,,,,,,,,,,,,,,,,,,,,,,,,,,,,,,,,,,,,,,,
UCB,Too Many Requests. Rate limited. Try after a while.,,,,,,,,,,,,,,,,,,,,,,,,,,,,,,,,,,,,,,,,,,
UCTT,Too Many Requests. Rate limited. Try after a while.,,,,,,,,,,,,,,,,,,,,,,,,,,,,,,,,,,,,,,,,,,
UE,Too Many Requests. Rate limited. Try after a while.,,,,,,,,,,,,,,,,,,,,,,,,,,,,,,,,,,,,,,,,,,
UFCS,Too Many Requests. Rate limited. Try after a while.,,,,,,,,,,,,,,,,,,,,,,,,,,,,,,,,,,,,,,,,,,
UFPI,Too Many Requests. Rate limited. Try after a while.,,,,,,,,,,,,,,,,,,,,,,,,,,,,,,,,,,,,,,,,,,
UFPT,Too Many Requests. Rate limited. Try after a while.,,,,,,,,,,,,,,,,,,,,,,,,,,,,,,,,,,,,,,,,,,
UGI,Too Many Requests. Rate limited. Try after a while.,,,,,,,,,,,,,,,,,,,,,,,,,,,,,,,,,,,,,,,,,,
ULS,Too Many Requests. Rate limited. Try after a while.,,,,,,,,,,,,,,,,,,,,,,,,,,,,,,,,,,,,,,,,,,
UMBF,Too Many Requests. Rate limited. Try after a while.,,,,,,,,,,,,,,,,,,,,,,,,,,,,,,,,,,,,,,,,,,
UNF,Too Many Requests. Rate limited. Try after a while.,,,,,,,,,,,,,,,,,,,,,,,,,,,,,,,,,,,,,,,,,,
UNFI,Too Many Requests. Rate limited. Try after a while.,,,,,,,,,,,,,,,,,,,,,,,,,,,,,,,,,,,,,,,,,,
UNIT,Too Many Requests. Rate limited. Try after a while.,,,,,,,,,,,,,,,,,,,,,,,,,,,,,,,,,,,,,,,,,,
UNM,Too Many Requests. Rate limited. Try after a while.,,,,,,,,,,,,,,,,,,,,,,,,,,,,,,,,,,,,,,,,,,
UPBD,Too Many Requests. Rate limited. Try after a while.,,,,,,,,,,,,,,,,,,,,,,,,,,,,,,,,,,,,,,,,,,
UPWK,Too Many Requests. Rate limited. Try after a while.,,,,,,,,,,,,,,,,,,,,,,,,,,,,,,,,,,,,,,,,,,
URBN,Too Many Requests. Rate limited. Try after a while.,,,,,,,,,,,,,,,,,,,,,,,,,,,,,,,,,,,,,,,,,,
USFD,Too Many Requests. Rate limited. Try after a while.,,,,,,,,,,,,,,,,,,,,,,,,,,,,,,,,,,,,,,,,,,
USLM,Too Many Requests. Rate limited. Try after a while.,,,,,,,,,,,,,,,,,,,,,,,,,,,,,,,,,,,,,,,,,,
USPH,Too Many Requests. Rate limited. Try after a while.,,,,,,,,,,,,,,,,,,,,,,,,,,,,,,,,,,,,,,,,,,
UTI,Too Many Requests. Rate limited. Try after a while.,,,,,,,,,,,,,,,,,,,,,,,,,,,,,,,,,,,,,,,,,,
UTHR,Too Many Requests. Rate limited. Try after a while.,,,,,,,,,,,,,,,,,,,,,,,,,,,,,,,,,,,,,,,,,,
UVV,Too Many Requests. Rate limited. Try after a while.,,,,,,,,,,,,,,,,,,,,,,,,,,,,,,,,,,,,,,,,,,
UTL,Too Many Requests. Rate limited. Try after a while.,,,,,,,,,,,,,,,,,,,,,,,,,,,,,,,,,,,,,,,,,,
VAC,Too Many Requests. Rate limited. Try after a while.,,,,,,,,,,,,,,,,,,,,,,,,,,,,,,,,,,,,,,,,,,
VAL,Too Many Requests. Rate limited. Try after a while.,,,,,,,,,,,,,,,,,,,,,,,,,,,,,,,,,,,,,,,,,,
VCEL,Too Many Requests. Rate limited. Try after a while.,,,,,,,,,,,,,,,,,,,,,,,,,,,,,,,,,,,,,,,,,,
VC,Too Many Requests. Rate limited. Try after a while.,,,,,,,,,,,,,,,,,,,,,,,,,,,,,,,,,,,,,,,,,,
VCTR,Too Many Requests. Rate limited. Try after a while.,,,,,,,,,,,,,,,,,,,,,,,,,,,,,,,,,,,,,,,,,,
VCYT,Too Many Requests. Rate limited. Try after a while.,,,,,,,,,,,,,,,,,,,,,,,,,,,,,,,,,,,,,,,,,,
VECO,Too Many Requests. Rate limited. Try after a while.,,,,,,,,,,,,,,,,,,,,,,,,,,,,,,,,,,,,,,,,,,
VFC,Too Many Requests. Rate limited. Try after a while.,,,,,,,,,,,,,,,,,,,,,,,,,,,,,,,,,,,,,,,,,,
VIAV,Too Many Requests. Rate limited. Try after a while.,,,,,,,,,,,,,,,,,,,,,,,,,,,,,,,,,,,,,,,,,,
VGNT,Too Many Requests. Rate limited. Try after a while.,,,,,,,,,,,,,,,,,,,,,,,,,,,,,,,,,,,,,,,,,,
VICR,Too Many Requests. Rate limited. Try after a while.,,,,,,,,,,,,,,,,,,,,,,,,,,,,,,,,,,,,,,,,,,
VIR,Too Many Requests. Rate limited. Try after a while.,,,,,,,,,,,,,,,,,,,,,,,,,,,,,,,,,,,,,,,,,,
VLY,Too Many Requests. Rate limited. Try after a while.,,,,,,,,,,,,,,,,,,,,,,,,,,,,,,,,,,,,,,,,,,
VIRT,Too Many Requests. Rate limited. Try after a while.,,,,,,,,,,,,,,,,,,,,,,,,,,,,,,,,,,,,,,,,,,
VMI,Too Many Requests. Rate limited. Try after a while.,,,,,,,,,,,,,,,,,,,,,,,,,,,,,,,,,,,,,,,,,,
VNO,Too Many Requests. Rate limited. Try after a while.,,,,,,,,,,,,,,,,,,,,,,,,,,,,,,,,,,,,,,,,,,
VNOM,Too Many Requests. Rate limited. Try after a while.,,,,,,,,,,,,,,,,,,,,,,,,,,,,,,,,,,,,,,,,,,
VNT,Too Many Requests. Rate limited. Try after a while.,,,,,,,,,,,,,,,,,,,,,,,,,,,,,,,,,,,,,,,,,,
VOYA,Too Many Requests. Rate limited. Try after a while.,,,,,,,,,,,,,,,,,,,,,,,,,,,,,,,,,,,,,,,,,,
VRRM,Too Many Requests. Rate limited. Try after a while.,,,,,,,,,,,,,,,,,,,,,,,,,,,,,,,,,,,,,,,,,,
VSAT,Too Many Requests. Rate limited. Try after a while.,,,,,,,,,,,,,,,,,,,,,,,,,,,,,,,,,,,,,,,,,,
VRTS,Too Many Requests. Rate limited. Try after a while.,,,,,,,,,,,,,,,,,,,,,,,,,,,,,,,,,,,,,,,,,,
VSEC,Too Many Requests. Rate limited. Try after a while.,,,,,,,,,,,,,,,,,,,,,,,,,,,,,,,,,,,,,,,,,,
VSH,Too Many Requests. Rate limited. Try after a while.,,,,,,,,,,,,,,,,,,,,,,,,,,,,,,,,,,,,,,,,,,
VSTS,Too Many Requests. Rate limited. Try after a while.,,,,,,,,,,,,,,,,,,,,,,,,,,,,,,,,,,,,,,,,,,
VSNT,Too Many Requests. Rate limited. Try after a while.,,,,,,,,,,,,,,,,,,,,,,,,,,,,,,,,,,,,,,,,,,
VSXY,Too Many Requests. Rate limited. Try after a while.,,,,,,,,,,,,,,,,,,,,,,,,,,,,,,,,,,,,,,,,,,
VTOL,Too Many Requests. Rate limited. Try after a while.,,,,,,,,,,,,,,,,,,,,,,,,,,,,,,,,,,,,,,,,,,
VVV,Too Many Requests. Rate limited. Try after a while.,,,,,,,,,,,,,,,,,,,,,,,,,,,,,,,,,,,,,,,,,,
VVX,Too Many Requests. Rate limited. Try after a while.,,,,,,,,,,,,,,,,,,,,,,,,,,,,,,,,,,,,,,,,,,
VYX,Too Many Requests. Rate limited. Try after a while.,,,,,,,,,,,,,,,,,,,,,,,,,,,,,,,,,,,,,,,,,,
WABC,Too Many Requests. Rate limited. Try after a while.,,,,,,,,,,,,,,,,,,,,,,,,,,,,,,,,,,,,,,,,,,
WAFD,Too Many Requests. Rate limited. Try after a while.,,,,,,,,,,,,,,,,,,,,,,,,,,,,,,,,,,,,,,,,,,
WAL,Too Many Requests. Rate limited. Try after a while.,,,,,,,,,,,,,,,,,,,,,,,,,,,,,,,,,,,,,,,,,,
WAY,Too Many Requests. Rate limited. Try after a while.,,,,,,,,,,,,,,,,,,,,,,,,,,,,,,,,,,,,,,,,,,
WCC,Too Many Requests. Rate limited. Try after a while.,,,,,,,,,,,,,,,,,,,,,,,,,,,,,,,,,,,,,,,,,,
WD,Too Many Requests. Rate limited. Try after a while.,,,,,,,,,,,,,,,,,,,,,,,,,,,,,,,,,,,,,,,,,,
WDFC,Too Many Requests. Rate limited. Try after a while.,,,,,,,,,,,,,,,,,,,,,,,,,,,,,,,,,,,,,,,,,,
WEN,Too Many Requests. Rate limited. Try after a while.,,,,,,,,,,,,,,,,,,,,,,,,,,,,,,,,,,,,,,,,,,
WERN,Too Many Requests. Rate limited. Try after a while.,,,,,,,,,,,,,,,,,,,,,,,,,,,,,,,,,,,,,,,,,,
WEX,Too Many Requests. Rate limited. Try after a while.,,,,,,,,,,,,,,,,,,,,,,,,,,,,,,,,,,,,,,,,,,
WFRD,Too Many Requests. Rate limited. Try after a while.,,,,,,,,,,,,,,,,,,,,,,,,,,,,,,,,,,,,,,,,,,
WGO,Too Many Requests. Rate limited. Try after a while.,,,,,,,,,,,,,,,,,,,,,,,,,,,,,,,,,,,,,,,,,,
WH,Too Many Requests. Rate limited. Try after a while.,,,,,,,,,,,,,,,,,,,,,,,,,,,,,,,,,,,,,,,,,,
WHR,Too Many Requests. Rate limited. Try after a while.,,,,,,,,,,,,,,,,,,,,,,,,,,,,,,,,,,,,,,,,,,
WHD,Too Many Requests. Rate limited. Try after a while.,,,,,,,,,,,,,,,,,,,,,,,,,,,,,,,,,,,,,,,,,,
WINA,Too Many Requests. Rate limited. Try after a while.,,,,,,,,,,,,,,,,,,,,,,,,,,,,,,,,,,,,,,,,,,
WING,Too Many Requests. Rate limited. Try after a while.,,,,,,,,,,,,,,,,,,,,,,,,,,,,,,,,,,,,,,,,,,
WLK,Too Many Requests. Rate limited. Try after a while.,,,,,,,,,,,,,,,,,,,,,,,,,,,,,,,,,,,,,,,,,,
WKC,Too Many Requests. Rate limited. Try after a while.,,,,,,,,,,,,,,,,,,,,,,,,,,,,,,,,,,,,,,,,,,
WLY,Too Many Requests. Rate limited. Try after a while.,,,,,,,,,,,,,,,,,,,,,,,,,,,,,,,,,,,,,,,,,,
WMG,Too Many Requests. Rate limited. Try after a while.,,,,,,,,,,,,,,,,,,,,,,,,,,,,,,,,,,,,,,,,,,
WMS,Too Many Requests. Rate limited. Try after a while.,,,,,,,,,,,,,,,,,,,,,,,,,,,,,,,,,,,,,,,,,,
WOR,Too Many Requests. Rate limited. Try after a while.,,,,,,,,,,,,,,,,,,,,,,,,,,,,,,,,,,,,,,,,,,
WPC,Too Many Requests. Rate limited. Try after a while.,,,,,,,,,,,,,,,,,,,,,,,,,,,,,,,,,,,,,,,,,,
WS,Too Many Requests. Rate limited. Try after a while.,,,,,,,,,,,,,,,,,,,,,,,,,,,,,,,,,,,,,,,,,,
WRLD,Too Many Requests. Rate limited. Try after a while.,,,,,,,,,,,,,,,,,,,,,,,,,,,,,,,,,,,,,,,,,,
WRBY,Too Many Requests. Rate limited. Try after a while.,,,,,,,,,,,,,,,,,,,,,,,,,,,,,,,,,,,,,,,,,,
WSBC,Too Many Requests. Rate limited. Try after a while.,,,,,,,,,,,,,,,,,,,,,,,,,,,,,,,,,,,,,,,,,,
WSFS,Too Many Requests. Rate limited. Try after a while.,,,,,,,,,,,,,,,,,,,,,,,,,,,,,,,,,,,,,,,,,,
WSO,Too Many Requests. Rate limited. Try after a while.,,,,,,,,,,,,,,,,,,,,,,,,,,,,,,,,,,,,,,,,,,
WSC,Too Many Requests. Rate limited. Try after a while.,,,,,,,,,,,,,,,,,,,,,,,,,,,,,,,,,,,,,,,,,,
WT,Too Many Requests. Rate limited. Try after a while.,,,,,,,,,,,,,,,,,,,,,,,,,,,,,,,,,,,,,,,,,,
WTFC,Too Many Requests. Rate limited. Try after a while.,,,,,,,,,,,,,,,,,,,,,,,,,,,,,,,,,,,,,,,,,,
WTS,Too Many Requests. Rate limited. Try after a while.,,,,,,,,,,,,,,,,,,,,,,,,,,,,,,,,,,,,,,,,,,
WTRG,Too Many Requests. Rate limited. Try after a while.,,,,,,,,,,,,,,,,,,,,,,,,,,,,,,,,,,,,,,,,,,
WU,Too Many Requests. Rate limited. Try after a while.,,,,,,,,,,,,,,,,,,,,,,,,,,,,,,,,,,,,,,,,,,
WWD,Too Many Requests. Rate limited. Try after a while.,,,,,,,,,,,,,,,,,,,,,,,,,,,,,,,,,,,,,,,,,,
XHR,Too Many Requests. Rate limited. Try after a while.,,,,,,,,,,,,,,,,,,,,,,,,,,,,,,,,,,,,,,,,,,
WWW,Too Many Requests. Rate limited. Try after a while.,,,,,,,,,,,,,,,,,,,,,,,,,,,,,,,,,,,,,,,,,,
XNCR,Too Many Requests. Rate limited. Try after a while.,,,,,,,,,,,,,,,,,,,,,,,,,,,,,,,,,,,,,,,,,,
XRAY,Too Many Requests. Rate limited. Try after a while.,,,,,,,,,,,,,,,,,,,,,,,,,,,,,,,,,,,,,,,,,,
XPO,Too Many Requests. Rate limited. Try after a while.,,,,,,,,,,,,,,,,,,,,,,,,,,,,,,,,,,,,,,,,,,
XPEL,Too Many Requests. Rate limited. Try after a while.,,,,,,,,,,,,,,,,,,,,,,,,,,,,,,,,,,,,,,,,,,
YELP,Too Many Requests. Rate limited. Try after a while.,,,,,,,,,,,,,,,,,,,,,,,,,,,,,,,,,,,,,,,,,,
YETI,Too Many Requests. Rate limited. Try after a while.,,,,,,,,,,,,,,,,,,,,,,,,,,,,,,,,,,,,,,,,,,
ZD,Too Many Requests. Rate limited. Try after a while.,,,,,,,,,,,,,,,,,,,,,,,,,,,,,,,,,,,,,,,,,,
YOU,Too Many Requests. Rate limited. Try after a while.,,,,,,,,,,,,,,,,,,,,,,,,,,,,,,,,,,,,,,,,,,
ZION,Too Many Requests. Rate limited. Try after a while.,,,,,,,,,,,,,,,,,,,,,,,,,,,,,,,,,,,,,,,,,,
ZWS,Too Many Requests. Rate limited. Try after a while.,,,,,,,,,,,,,,,,,,,,,,,,,,,,,,,,,,,,,,,,,,
